user_id,books_rated
1,117
2,65
3,91
4,134
5,100
6,90
7,155
8,98
9,132
10,128
11,120
12,113
13,96
14,108
15,97
16,68
17,61
18,109
19,119
20,90
21,61
22,120
23,127
24,128
25,60
26,103
27,121
28,120
29,98
30,92
31,121
32,123
33,99
34,101
35,176
36,136
37,81
38,61
39,91
40,129
41,149
42,54
43,103
44,129
45,45
46,119
47,133
48,80
49,133
50,106
51,116
52,114
53,49
54,121
55,127
56,95
57,113
58,82
59,66
60,122
61,139
62,110
63,70
64,89
65,109
66,70
67,104
68,51
69,91
70,63
71,98
72,109
73,105
74,62
75,163
76,109
77,64
78,74
79,123
80,64
81,100
82,133
83,95
84,86
85,114
86,70
87,114
88,128
89,149
90,107
91,62
92,101
93,119
94,57
95,132
96,119
97,103
98,96
99,86
100,80
101,114
102,76
103,107
104,123
105,127
106,71
107,123
108,104
109,132
110,68
111,128
112,103
113,105
114,67
115,85
116,134
117,56
118,113
119,137
120,77
121,113
122,91
123,106
124,128
125,109
126,102
127,106
128,106
129,98
130,120
131,70
132,96
133,131
134,92
135,114
136,94
137,113
138,101
139,96
140,131
141,96
142,110
143,159
144,92
145,157
146,144
147,80
148,134
149,109
150,94
151,96
152,98
153,149
154,102
155,65
156,96
157,85
158,148
159,70
160,81
161,93
162,79
163,116
164,136
165,104
166,108
167,107
168,95
169,110
170,115
171,85
172,102
173,176
174,116
175,102
176,68
177,100
178,173
179,138
180,111
181,107
182,106
183,110
184,97
185,103
186,116
187,97
188,113
189,89
190,89
191,91
192,111
193,125
194,119
195,126
196,113
197,57
198,80
199,109
200,105
201,90
202,164
203,120
204,124
205,104
206,118
207,145
208,122
209,147
210,71
211,102
212,98
213,138
214,82
215,159
216,92
217,130
218,140
219,121
220,134
221,109
222,119
223,117
224,123
225,78
226,131
227,84
228,127
229,126
230,163
231,97
232,132
233,143
234,112
235,106
236,101
237,121
238,55
239,112
240,85
241,96
242,123
243,114
244,151
245,106
246,128
247,158
248,152
249,103
250,104
251,141
252,127
253,122
254,114
255,94
256,161
257,95
258,115
259,105
260,45
261,105
262,123
263,126
264,95
265,102
266,111
267,111
268,122
269,104
270,102
271,93
272,134
273,81
274,176
275,125
276,129
277,121
278,106
279,118
280,130
281,98
282,150
283,112
284,141
285,98
286,110
287,100
288,101
289,134
290,137
291,127
292,93
293,97
294,124
295,112
296,104
297,84
298,104
299,83
300,68
301,104
302,53
303,122
304,62
305,90
306,143
307,153
308,86
309,102
310,130
311,128
312,90
313,97
314,183
315,125
316,69
317,97
318,91
319,158
320,131
321,159
322,107
323,135
324,151
325,132
326,107
327,101
328,101
329,136
330,87
331,94
332,122
333,75
334,104
335,141
336,129
337,90
338,155
339,92
340,93
341,159
342,142
343,165
344,100
345,150
346,143
347,92
348,93
349,148
350,92
351,122
352,141
353,97
354,51
355,62
356,131
357,101
358,131
359,97
360,137
361,123
362,149
363,163
364,75
365,123
366,145
367,118
368,178
369,71
370,128
371,107
372,129
373,92
374,114
375,126
376,144
377,145
378,119
379,108
380,82
381,162
382,80
383,117
384,113
385,124
386,59
387,148
388,107
389,138
390,108
391,86
392,110
393,130
394,120
395,132
396,134
397,103
398,129
399,103
400,139
401,85
402,122
403,139
404,93
405,118
406,106
407,158
408,91
409,133
410,98
411,65
412,123
413,124
414,106
415,87
416,129
417,114
418,50
419,120
420,138
421,128
422,129
423,92
424,160
425,153
426,137
427,111
428,93
429,124
430,159
431,124
432,121
433,86
434,109
435,87
436,100
437,101
438,90
439,181
440,131
441,133
442,81
443,139
444,92
445,110
446,164
447,145
448,107
449,77
450,118
451,129
452,145
453,118
454,138
455,111
456,128
457,106
458,121
459,123
460,118
461,155
462,131
463,142
464,61
465,92
466,132
467,134
468,123
469,111
470,102
471,115
472,120
473,112
474,109
475,116
476,159
477,104
478,96
479,133
480,96
481,102
482,85
483,127
484,127
485,115
486,73
487,136
488,133
489,114
490,137
491,149
492,89
493,133
494,134
495,103
496,104
497,101
498,117
499,130
500,106
501,94
502,129
503,110
504,101
505,114
506,109
507,115
508,100
509,107
510,117
511,95
512,139
513,161
514,95
515,68
516,114
517,101
518,87
519,145
520,131
521,93
522,98
523,116
524,106
525,85
526,132
527,89
528,124
529,137
530,113
531,120
532,119
533,98
534,120
535,116
536,125
537,138
538,111
539,93
540,135
541,121
542,125
543,108
544,82
545,82
546,114
547,127
548,99
549,86
550,136
551,101
552,95
553,121
554,136
555,106
556,97
557,142
558,109
559,145
560,105
561,89
562,82
563,86
564,132
565,86
566,126
567,143
568,146
569,110
570,108
571,135
572,95
573,140
574,137
575,156
576,106
577,149
578,141
579,99
580,87
581,69
582,114
583,113
584,107
585,108
586,107
587,93
588,186
589,169
590,90
591,151
592,127
593,114
594,107
595,107
596,96
597,132
598,101
599,106
600,112
601,85
602,140
603,106
604,88
605,104
606,146
607,108
608,114
609,134
610,119
611,132
612,128
613,121
614,119
615,144
616,116
617,112
618,139
619,115
620,112
621,101
622,82
623,104
624,148
625,118
626,105
627,87
628,112
629,111
630,145
631,134
632,96
633,142
634,99
635,118
636,117
637,103
638,113
639,106
640,104
641,109
642,124
643,121
644,106
645,108
646,124
647,122
648,130
649,50
650,101
651,54
652,122
653,123
654,84
655,118
656,131
657,144
658,94
659,145
660,132
661,106
662,115
663,150
664,101
665,95
666,61
667,90
668,97
669,140
670,114
671,109
672,144
673,121
674,109
675,108
676,131
677,113
678,107
679,105
680,105
681,106
682,105
683,144
684,128
685,118
686,104
687,111
688,114
689,115
690,132
691,79
692,97
693,114
694,133
695,129
696,92
697,148
698,117
699,106
700,88
701,138
702,53
703,123
704,83
705,84
706,135
707,95
708,90
709,114
710,128
711,114
712,149
713,96
714,106
715,142
716,102
717,136
718,97
719,106
720,97
721,76
722,89
723,98
724,106
725,178
726,148
727,107
728,152
729,78
730,108
731,111
732,143
733,80
734,95
735,133
736,160
737,100
738,112
739,134
740,101
741,76
742,125
743,106
744,108
745,139
746,104
747,86
748,121
749,105
750,124
751,113
752,133
753,97
754,106
755,121
756,119
757,106
758,110
759,126
760,97
761,92
762,159
763,122
764,82
765,111
766,149
767,144
768,118
769,138
770,131
771,112
772,133
773,79
774,135
775,88
776,111
777,109
778,145
779,106
780,119
781,107
782,100
783,96
784,103
785,113
786,117
787,137
788,93
789,136
790,115
791,108
792,91
793,128
794,127
795,135
796,108
797,145
798,114
799,151
800,113
801,123
802,111
803,127
804,105
805,104
806,130
807,94
808,98
809,130
810,95
811,146
812,120
813,97
814,134
815,122
816,147
817,143
818,118
819,129
820,126
821,97
822,115
823,91
824,139
825,124
826,119
827,138
828,136
829,109
830,129
831,94
832,110
833,130
834,97
835,128
836,141
837,101
838,106
839,108
840,121
841,140
842,82
843,89
844,110
845,115
846,89
847,98
848,130
849,143
850,121
851,137
852,133
853,90
854,129
855,110
856,144
857,131
858,147
859,157
860,147
861,116
862,109
863,116
864,93
865,105
866,114
867,91
868,94
869,119
870,108
871,129
872,103
873,131
874,124
875,112
876,126
877,128
878,100
879,108
880,155
881,100
882,135
883,159
884,118
885,106
886,92
887,110
888,109
889,139
890,101
891,100
892,125
893,138
894,107
895,154
896,103
897,101
898,110
899,90
900,139
901,150
902,107
903,94
904,148
905,124
906,109
907,161
908,129
909,122
910,104
911,116
912,110
913,92
914,121
915,112
916,116
917,105
918,122
919,143
920,95
921,102
922,146
923,139
924,130
925,153
926,120
927,110
928,107
929,148
930,103
931,154
932,99
933,116
934,135
935,123
936,93
937,143
938,103
939,119
940,103
941,109
942,120
943,120
944,98
945,101
946,169
947,132
948,121
949,136
950,101
951,188
952,110
953,98
954,122
955,103
956,110
957,98
958,140
959,96
960,112
961,153
962,153
963,141
964,98
965,122
966,105
967,94
968,114
969,141
970,94
971,105
972,105
973,120
974,119
975,120
976,109
977,101
978,133
979,117
980,117
981,106
982,115
983,93
984,124
985,107
986,149
987,103
988,94
989,88
990,98
991,92
992,136
993,111
994,130
995,111
996,147
997,166
998,98
999,108
1000,107
1001,96
1002,131
1003,103
1004,91
1005,127
1006,92
1007,91
1008,139
1009,111
1010,138
1011,108
1012,100
1013,128
1014,140
1015,79
1016,116
1017,138
1018,89
1019,163
1020,97
1021,109
1022,138
1023,109
1024,131
1025,105
1026,137
1027,161
1028,73
1029,101
1030,122
1031,150
1032,111
1033,116
1034,85
1035,118
1036,89
1037,173
1038,162
1039,90
1040,91
1041,157
1042,144
1043,107
1044,119
1045,87
1046,122
1047,108
1048,109
1049,94
1050,86
1051,117
1052,139
1053,122
1054,116
1055,104
1056,87
1057,139
1058,123
1059,117
1060,120
1061,159
1062,89
1063,144
1064,160
1065,101
1066,101
1067,87
1068,123
1069,102
1070,108
1071,107
1072,140
1073,81
1074,132
1075,123
1076,132
1077,139
1078,147
1079,90
1080,76
1081,147
1082,100
1083,99
1084,140
1085,82
1086,112
1087,113
1088,180
1089,109
1090,148
1091,83
1092,137
1093,124
1094,113
1095,118
1096,122
1097,134
1098,134
1099,116
1100,108
1101,115
1102,112
1103,109
1104,133
1105,111
1106,120
1107,147
1108,117
1109,127
1110,104
1111,107
1112,98
1113,123
1114,70
1115,157
1116,87
1117,95
1118,112
1119,145
1120,128
1121,145
1122,115
1123,130
1124,111
1125,97
1126,134
1127,143
1128,90
1129,101
1130,118
1131,113
1132,115
1133,111
1134,54
1135,106
1136,180
1137,103
1138,119
1139,100
1140,111
1141,90
1142,112
1143,126
1144,142
1145,135
1146,128
1147,94
1148,132
1149,110
1150,86
1151,112
1152,99
1153,101
1154,104
1155,64
1156,97
1157,114
1158,72
1159,137
1160,122
1161,112
1162,104
1163,114
1164,120
1165,97
1166,120
1167,136
1168,87
1169,187
1170,97
1171,117
1172,63
1173,150
1174,62
1175,156
1176,93
1177,108
1178,123
1179,130
1180,123
1181,101
1182,133
1183,129
1184,118
1185,190
1186,154
1187,149
1188,103
1189,126
1190,98
1191,101
1192,129
1193,130
1194,96
1195,135
1196,99
1197,128
1198,128
1199,76
1200,108
1201,112
1202,98
1203,118
1204,85
1205,106
1206,137
1207,124
1208,124
1209,120
1210,66
1211,90
1212,151
1213,113
1214,148
1215,105
1216,134
1217,100
1218,130
1219,97
1220,113
1221,150
1222,116
1223,116
1224,96
1225,166
1226,102
1227,98
1228,123
1229,121
1230,92
1231,100
1232,96
1233,75
1234,128
1235,127
1236,99
1237,139
1238,109
1239,106
1240,51
1241,132
1242,105
1243,91
1244,125
1245,156
1246,112
1247,125
1248,58
1249,99
1250,56
1251,100
1252,127
1253,113
1254,115
1255,161
1256,145
1257,98
1258,92
1259,112
1260,157
1261,145
1262,86
1263,135
1264,96
1265,99
1266,154
1267,139
1268,110
1269,110
1270,103
1271,106
1272,103
1273,97
1274,51
1275,120
1276,143
1277,117
1278,131
1279,123
1280,153
1281,71
1282,107
1283,151
1284,124
1285,132
1286,158
1287,92
1288,80
1289,136
1290,139
1291,137
1292,114
1293,114
1294,168
1295,97
1296,176
1297,55
1298,135
1299,152
1300,124
1301,108
1302,127
1303,132
1304,92
1305,118
1306,104
1307,161
1308,95
1309,122
1310,112
1311,148
1312,105
1313,79
1314,133
1315,112
1316,98
1317,119
1318,131
1319,111
1320,121
1321,167
1322,129
1323,165
1324,98
1325,161
1326,142
1327,146
1328,141
1329,115
1330,84
1331,94
1332,101
1333,108
1334,123
1335,127
1336,96
1337,104
1338,99
1339,159
1340,139
1341,118
1342,143
1343,95
1344,122
1345,110
1346,137
1347,129
1348,97
1349,110
1350,176
1351,49
1352,155
1353,159
1354,167
1355,153
1356,107
1357,139
1358,140
1359,133
1360,83
1361,110
1362,100
1363,84
1364,110
1365,77
1366,100
1367,108
1368,85
1369,161
1370,146
1371,101
1372,98
1373,89
1374,159
1375,107
1376,123
1377,161
1378,96
1379,133
1380,100
1381,148
1382,112
1383,146
1384,109
1385,140
1386,133
1387,79
1388,161
1389,94
1390,109
1391,159
1392,144
1393,181
1394,123
1395,123
1396,78
1397,132
1398,116
1399,123
1400,115
1401,120
1402,126
1403,160
1404,118
1405,101
1406,82
1407,147
1408,161
1409,130
1410,86
1411,129
1412,107
1413,123
1414,107
1415,135
1416,95
1417,135
1418,98
1419,132
1420,124
1421,121
1422,130
1423,133
1424,126
1425,105
1426,41
1427,69
1428,158
1429,162
1430,136
1431,150
1432,104
1433,122
1434,109
1435,146
1436,88
1437,106
1438,131
1439,110
1440,175
1441,110
1442,107
1443,92
1444,92
1445,138
1446,98
1447,93
1448,154
1449,172
1450,92
1451,133
1452,81
1453,126
1454,106
1455,123
1456,176
1457,102
1458,120
1459,122
1460,102
1461,133
1462,84
1463,108
1464,150
1465,146
1466,91
1467,108
1468,134
1469,100
1470,103
1471,119
1472,106
1473,104
1474,141
1475,97
1476,145
1477,155
1478,135
1479,141
1480,125
1481,119
1482,103
1483,100
1484,164
1485,121
1486,87
1487,135
1488,58
1489,121
1490,136
1491,134
1492,114
1493,125
1494,114
1495,83
1496,111
1497,117
1498,93
1499,108
1500,88
1501,112
1502,147
1503,130
1504,147
1505,102
1506,107
1507,125
1508,133
1509,114
1510,126
1511,116
1512,130
1513,112
1514,114
1515,124
1516,125
1517,79
1518,171
1519,142
1520,112
1521,148
1522,142
1523,105
1524,126
1525,88
1526,136
1527,142
1528,128
1529,121
1530,125
1531,104
1532,135
1533,158
1534,96
1535,105
1536,132
1537,122
1538,138
1539,140
1540,60
1541,127
1542,146
1543,107
1544,136
1545,131
1546,129
1547,131
1548,78
1549,120
1550,112
1551,110
1552,103
1553,121
1554,134
1555,111
1556,117
1557,120
1558,125
1559,34
1560,149
1561,121
1562,93
1563,110
1564,125
1565,159
1566,150
1567,124
1568,143
1569,116
1570,148
1571,149
1572,122
1573,146
1574,111
1575,87
1576,162
1577,116
1578,130
1579,100
1580,126
1581,124
1582,118
1583,134
1584,113
1585,168
1586,143
1587,111
1588,113
1589,119
1590,144
1591,99
1592,104
1593,143
1594,121
1595,134
1596,108
1597,129
1598,111
1599,119
1600,160
1601,131
1602,114
1603,124
1604,114
1605,107
1606,116
1607,116
1608,129
1609,142
1610,127
1611,131
1612,117
1613,134
1614,133
1615,107
1616,107
1617,102
1618,119
1619,117
1620,119
1621,97
1622,87
1623,102
1624,151
1625,93
1626,101
1627,100
1628,101
1629,116
1630,114
1631,159
1632,100
1633,98
1634,170
1635,103
1636,106
1637,107
1638,114
1639,118
1640,110
1641,112
1642,100
1643,118
1644,119
1645,166
1646,106
1647,113
1648,106
1649,100
1650,74
1651,129
1652,102
1653,106
1654,96
1655,127
1656,161
1657,158
1658,116
1659,99
1660,128
1661,122
1662,74
1663,141
1664,128
1665,145
1666,126
1667,109
1668,95
1669,145
1670,114
1671,154
1672,132
1673,146
1674,83
1675,126
1676,69
1677,178
1678,129
1679,90
1680,96
1681,138
1682,160
1683,140
1684,99
1685,105
1686,114
1687,110
1688,127
1689,142
1690,75
1691,94
1692,110
1693,131
1694,115
1695,100
1696,104
1697,137
1698,110
1699,105
1700,101
1701,104
1702,145
1703,123
1704,84
1705,107
1706,138
1707,96
1708,108
1709,130
1710,170
1711,154
1712,134
1713,150
1714,132
1715,117
1716,104
1717,123
1718,107
1719,154
1720,136
1721,124
1722,145
1723,100
1724,133
1725,82
1726,98
1727,92
1728,89
1729,148
1730,89
1731,110
1732,123
1733,143
1734,157
1735,108
1736,102
1737,169
1738,117
1739,148
1740,99
1741,127
1742,86
1743,109
1744,105
1745,102
1746,124
1747,135
1748,125
1749,83
1750,129
1751,93
1752,108
1753,138
1754,69
1755,91
1756,138
1757,131
1758,150
1759,175
1760,89
1761,162
1762,165
1763,123
1764,138
1765,97
1766,164
1767,127
1768,100
1769,86
1770,115
1771,115
1772,170
1773,89
1774,101
1775,135
1776,92
1777,102
1778,77
1779,123
1780,141
1781,130
1782,136
1783,110
1784,127
1785,118
1786,119
1787,97
1788,91
1789,155
1790,145
1791,97
1792,139
1793,110
1794,175
1795,133
1796,112
1797,120
1798,110
1799,165
1800,163
1801,92
1802,88
1803,103
1804,56
1805,66
1806,158
1807,126
1808,75
1809,146
1810,122
1811,98
1812,121
1813,156
1814,125
1815,116
1816,120
1817,108
1818,105
1819,97
1820,102
1821,121
1822,120
1823,98
1824,162
1825,138
1826,117
1827,119
1828,100
1829,131
1830,135
1831,158
1832,112
1833,93
1834,56
1835,129
1836,140
1837,155
1838,132
1839,94
1840,116
1841,77
1842,86
1843,102
1844,152
1845,146
1846,96
1847,107
1848,127
1849,111
1850,117
1851,128
1852,123
1853,160
1854,96
1855,139
1856,127
1857,76
1858,105
1859,154
1860,142
1861,109
1862,145
1863,136
1864,116
1865,122
1866,148
1867,81
1868,119
1869,67
1870,102
1871,113
1872,112
1873,126
1874,142
1875,151
1876,104
1877,135
1878,118
1879,101
1880,142
1881,111
1882,109
1883,154
1884,128
1885,158
1886,113
1887,161
1888,102
1889,138
1890,129
1891,124
1892,128
1893,132
1894,93
1895,145
1896,147
1897,111
1898,100
1899,114
1900,112
1901,77
1902,139
1903,105
1904,86
1905,104
1906,100
1907,112
1908,156
1909,134
1910,130
1911,115
1912,127
1913,112
1914,139
1915,118
1916,162
1917,89
1918,77
1919,114
1920,146
1921,127
1922,67
1923,95
1924,97
1925,137
1926,124
1927,150
1928,99
1929,113
1930,113
1931,119
1932,131
1933,117
1934,98
1935,147
1936,109
1937,129
1938,125
1939,105
1940,115
1941,117
1942,114
1943,88
1944,126
1945,79
1946,139
1947,165
1948,110
1949,47
1950,113
1951,102
1952,189
1953,106
1954,98
1955,140
1956,114
1957,101
1958,103
1959,99
1960,137
1961,103
1962,133
1963,138
1964,126
1965,107
1966,137
1967,127
1968,151
1969,101
1970,105
1971,142
1972,117
1973,124
1974,100
1975,113
1976,158
1977,131
1978,116
1979,107
1980,102
1981,112
1982,90
1983,159
1984,108
1985,84
1986,138
1987,91
1988,96
1989,152
1990,82
1991,141
1992,98
1993,125
1994,138
1995,97
1996,127
1997,117
1998,91
1999,42
2000,148
2001,123
2002,96
2003,140
2004,100
2005,103
2006,121
2007,104
2008,101
2009,74
2010,100
2011,154
2012,94
2013,111
2014,124
2015,97
2016,126
2017,112
2018,115
2019,135
2020,121
2021,124
2022,135
2023,135
2024,124
2025,108
2026,109
2027,135
2028,117
2029,121
2030,109
2031,145
2032,76
2033,137
2034,107
2035,144
2036,147
2037,116
2038,98
2039,123
2040,98
2041,163
2042,145
2043,92
2044,119
2045,130
2046,139
2047,164
2048,125
2049,92
2050,84
2051,132
2052,86
2053,81
2054,140
2055,138
2056,170
2057,87
2058,109
2059,104
2060,110
2061,134
2062,146
2063,157
2064,91
2065,117
2066,174
2067,122
2068,88
2069,126
2070,113
2071,107
2072,92
2073,104
2074,121
2075,107
2076,143
2077,182
2078,59
2079,131
2080,111
2081,107
2082,134
2083,100
2084,95
2085,109
2086,96
2087,101
2088,132
2089,123
2090,139
2091,125
2092,82
2093,133
2094,106
2095,136
2096,128
2097,138
2098,115
2099,140
2100,80
2101,109
2102,121
2103,148
2104,121
2105,92
2106,109
2107,121
2108,130
2109,154
2110,108
2111,113
2112,165
2113,109
2114,122
2115,121
2116,95
2117,148
2118,123
2119,127
2120,78
2121,119
2122,103
2123,98
2124,133
2125,166
2126,80
2127,115
2128,124
2129,117
2130,119
2131,144
2132,106
2133,97
2134,126
2135,91
2136,97
2137,93
2138,112
2139,127
2140,127
2141,72
2142,128
2143,107
2144,122
2145,98
2146,105
2147,112
2148,107
2149,142
2150,77
2151,97
2152,147
2153,106
2154,125
2155,119
2156,107
2157,140
2158,96
2159,131
2160,132
2161,63
2162,117
2163,94
2164,102
2165,138
2166,168
2167,98
2168,140
2169,94
2170,33
2171,184
2172,124
2173,154
2174,105
2175,98
2176,125
2177,112
2178,116
2179,94
2180,113
2181,138
2182,149
2183,98
2184,138
2185,146
2186,93
2187,121
2188,125
2189,103
2190,106
2191,117
2192,125
2193,94
2194,109
2195,126
2196,91
2197,152
2198,122
2199,120
2200,136
2201,99
2202,107
2203,137
2204,97
2205,102
2206,130
2207,109
2208,115
2209,120
2210,99
2211,83
2212,134
2213,132
2214,134
2215,116
2216,97
2217,147
2218,166
2219,110
2220,147
2221,116
2222,146
2223,124
2224,114
2225,157
2226,129
2227,110
2228,112
2229,133
2230,126
2231,101
2232,129
2233,120
2234,126
2235,113
2236,109
2237,110
2238,114
2239,156
2240,62
2241,112
2242,94
2243,127
2244,109
2245,74
2246,94
2247,124
2248,86
2249,117
2250,137
2251,148
2252,108
2253,128
2254,137
2255,140
2256,87
2257,132
2258,138
2259,121
2260,97
2261,135
2262,86
2263,115
2264,80
2265,141
2266,115
2267,116
2268,115
2269,92
2270,77
2271,171
2272,123
2273,123
2274,103
2275,139
2276,185
2277,108
2278,107
2279,90
2280,106
2281,140
2282,92
2283,176
2284,104
2285,146
2286,134
2287,148
2288,164
2289,142
2290,140
2291,141
2292,99
2293,87
2294,85
2295,107
2296,116
2297,125
2298,116
2299,114
2300,110
2301,112
2302,99
2303,82
2304,158
2305,77
2306,160
2307,102
2308,50
2309,143
2310,85
2311,121
2312,121
2313,119
2314,162
2315,86
2316,109
2317,93
2318,92
2319,128
2320,149
2321,107
2322,100
2323,82
2324,188
2325,115
2326,46
2327,127
2328,92
2329,164
2330,87
2331,167
2332,102
2333,122
2334,134
2335,106
2336,159
2337,148
2338,136
2339,107
2340,87
2341,112
2342,143
2343,148
2344,125
2345,149
2346,108
2347,174
2348,144
2349,108
2350,108
2351,108
2352,139
2353,81
2354,114
2355,125
2356,93
2357,112
2358,117
2359,141
2360,97
2361,116
2362,150
2363,134
2364,95
2365,123
2366,150
2367,124
2368,70
2369,135
2370,92
2371,118
2372,113
2373,119
2374,115
2375,89
2376,89
2377,51
2378,111
2379,83
2380,117
2381,119
2382,116
2383,144
2384,149
2385,103
2386,117
2387,94
2388,109
2389,106
2390,114
2391,122
2392,113
2393,127
2394,133
2395,125
2396,153
2397,96
2398,144
2399,71
2400,106
2401,67
2402,112
2403,138
2404,85
2405,123
2406,129
2407,99
2408,102
2409,119
2410,113
2411,109
2412,125
2413,95
2414,128
2415,148
2416,95
2417,139
2418,113
2419,109
2420,99
2421,169
2422,101
2423,106
2424,129
2425,116
2426,121
2427,113
2428,154
2429,101
2430,63
2431,107
2432,160
2433,150
2434,152
2435,90
2436,100
2437,110
2438,97
2439,100
2440,95
2441,81
2442,105
2443,112
2444,114
2445,98
2446,164
2447,121
2448,104
2449,83
2450,114
2451,145
2452,106
2453,114
2454,140
2455,94
2456,142
2457,87
2458,132
2459,94
2460,76
2461,132
2462,116
2463,92
2464,103
2465,84
2466,115
2467,152
2468,112
2469,164
2470,143
2471,119
2472,100
2473,106
2474,132
2475,109
2476,121
2477,169
2478,101
2479,68
2480,99
2481,107
2482,120
2483,156
2484,90
2485,115
2486,81
2487,193
2488,120
2489,111
2490,80
2491,103
2492,47
2493,156
2494,97
2495,113
2496,113
2497,116
2498,142
2499,115
2500,120
2501,172
2502,131
2503,46
2504,95
2505,139
2506,115
2507,94
2508,156
2509,70
2510,77
2511,142
2512,95
2513,122
2514,117
2515,125
2516,126
2517,101
2518,76
2519,135
2520,137
2521,124
2522,139
2523,100
2524,146
2525,108
2526,124
2527,119
2528,122
2529,123
2530,104
2531,101
2532,138
2533,128
2534,100
2535,141
2536,116
2537,62
2538,130
2539,118
2540,93
2541,100
2542,105
2543,144
2544,170
2545,101
2546,134
2547,80
2548,124
2549,139
2550,96
2551,106
2552,162
2553,164
2554,121
2555,106
2556,95
2557,113
2558,83
2559,151
2560,115
2561,147
2562,110
2563,148
2564,87
2565,75
2566,103
2567,74
2568,148
2569,126
2570,101
2571,117
2572,157
2573,72
2574,129
2575,155
2576,108
2577,113
2578,86
2579,101
2580,113
2581,112
2582,90
2583,115
2584,113
2585,109
2586,126
2587,122
2588,144
2589,118
2590,144
2591,132
2592,115
2593,116
2594,114
2595,108
2596,105
2597,139
2598,83
2599,125
2600,105
2601,64
2602,149
2603,116
2604,115
2605,76
2606,149
2607,120
2608,105
2609,94
2610,128
2611,124
2612,41
2613,55
2614,104
2615,116
2616,112
2617,126
2618,87
2619,168
2620,107
2621,131
2622,108
2623,94
2624,136
2625,74
2626,138
2627,117
2628,125
2629,166
2630,95
2631,122
2632,131
2633,121
2634,110
2635,137
2636,119
2637,113
2638,154
2639,121
2640,107
2641,148
2642,105
2643,110
2644,85
2645,138
2646,67
2647,153
2648,165
2649,158
2650,144
2651,89
2652,114
2653,118
2654,115
2655,122
2656,89
2657,145
2658,97
2659,114
2660,156
2661,83
2662,106
2663,151
2664,105
2665,175
2666,102
2667,123
2668,132
2669,123
2670,108
2671,120
2672,141
2673,117
2674,52
2675,120
2676,113
2677,91
2678,122
2679,118
2680,92
2681,110
2682,114
2683,160
2684,100
2685,108
2686,119
2687,154
2688,118
2689,134
2690,85
2691,115
2692,107
2693,51
2694,143
2695,128
2696,118
2697,111
2698,99
2699,112
2700,102
2701,116
2702,162
2703,123
2704,90
2705,126
2706,122
2707,127
2708,67
2709,136
2710,109
2711,114
2712,115
2713,109
2714,125
2715,109
2716,126
2717,120
2718,92
2719,87
2720,112
2721,171
2722,173
2723,135
2724,101
2725,117
2726,113
2727,105
2728,110
2729,117
2730,109
2731,138
2732,142
2733,143
2734,122
2735,110
2736,103
2737,145
2738,124
2739,125
2740,93
2741,112
2742,89
2743,113
2744,93
2745,103
2746,93
2747,116
2748,65
2749,140
2750,117
2751,120
2752,104
2753,86
2754,157
2755,72
2756,101
2757,138
2758,130
2759,123
2760,56
2761,111
2762,105
2763,141
2764,47
2765,112
2766,98
2767,106
2768,115
2769,149
2770,109
2771,95
2772,93
2773,120
2774,98
2775,43
2776,136
2777,149
2778,66
2779,148
2780,114
2781,53
2782,94
2783,143
2784,134
2785,108
2786,91
2787,112
2788,106
2789,91
2790,118
2791,90
2792,128
2793,112
2794,95
2795,100
2796,103
2797,126
2798,134
2799,110
2800,113
2801,147
2802,53
2803,105
2804,98
2805,121
2806,85
2807,67
2808,122
2809,103
2810,99
2811,115
2812,103
2813,98
2814,108
2815,124
2816,128
2817,84
2818,116
2819,107
2820,87
2821,157
2822,108
2823,134
2824,102
2825,113
2826,133
2827,60
2828,134
2829,100
2830,119
2831,119
2832,120
2833,118
2834,142
2835,116
2836,125
2837,148
2838,171
2839,99
2840,96
2841,113
2842,90
2843,99
2844,105
2845,141
2846,45
2847,71
2848,145
2849,69
2850,115
2851,120
2852,127
2853,119
2854,156
2855,106
2856,106
2857,119
2858,145
2859,113
2860,130
2861,81
2862,98
2863,124
2864,78
2865,99
2866,97
2867,87
2868,119
2869,98
2870,89
2871,77
2872,125
2873,135
2874,170
2875,129
2876,142
2877,75
2878,126
2879,70
2880,94
2881,85
2882,117
2883,99
2884,105
2885,153
2886,139
2887,84
2888,158
2889,155
2890,106
2891,128
2892,80
2893,98
2894,98
2895,146
2896,105
2897,100
2898,93
2899,115
2900,190
2901,139
2902,98
2903,108
2904,69
2905,126
2906,156
2907,139
2908,143
2909,128
2910,154
2911,125
2912,143
2913,128
2914,134
2915,111
2916,127
2917,124
2918,158
2919,155
2920,129
2921,98
2922,127
2923,126
2924,93
2925,108
2926,113
2927,100
2928,145
2929,134
2930,94
2931,91
2932,104
2933,94
2934,123
2935,58
2936,129
2937,46
2938,109
2939,103
2940,164
2941,82
2942,109
2943,104
2944,131
2945,128
2946,98
2947,141
2948,165
2949,104
2950,134
2951,127
2952,129
2953,108
2954,130
2955,121
2956,100
2957,127
2958,143
2959,159
2960,108
2961,134
2962,122
2963,117
2964,104
2965,126
2966,103
2967,121
2968,155
2969,103
2970,110
2971,135
2972,126
2973,106
2974,130
2975,122
2976,114
2977,81
2978,142
2979,50
2980,90
2981,153
2982,125
2983,159
2984,134
2985,120
2986,89
2987,108
2988,168
2989,134
2990,102
2991,112
2992,147
2993,117
2994,147
2995,47
2996,159
2997,92
2998,170
2999,154
3000,108
3001,130
3002,90
3003,151
3004,113
3005,179
3006,113
3007,99
3008,41
3009,161
3010,120
3011,107
3012,86
3013,92
3014,118
3015,123
3016,124
3017,139
3018,113
3019,112
3020,106
3021,158
3022,181
3023,129
3024,107
3025,101
3026,88
3027,134
3028,147
3029,125
3030,134
3031,129
3032,104
3033,124
3034,97
3035,116
3036,108
3037,105
3038,125
3039,104
3040,157
3041,108
3042,122
3043,108
3044,139
3045,132
3046,114
3047,118
3048,113
3049,141
3050,174
3051,137
3052,105
3053,95
3054,114
3055,110
3056,100
3057,86
3058,136
3059,139
3060,113
3061,141
3062,108
3063,114
3064,102
3065,99
3066,65
3067,141
3068,136
3069,120
3070,110
3071,134
3072,94
3073,119
3074,134
3075,114
3076,122
3077,150
3078,107
3079,134
3080,147
3081,112
3082,97
3083,102
3084,134
3085,138
3086,132
3087,185
3088,108
3089,101
3090,146
3091,139
3092,113
3093,113
3094,166
3095,118
3096,144
3097,145
3098,86
3099,105
3100,123
3101,107
3102,126
3103,152
3104,148
3105,133
3106,101
3107,93
3108,35
3109,91
3110,128
3111,103
3112,149
3113,127
3114,181
3115,111
3116,111
3117,136
3118,95
3119,130
3120,124
3121,103
3122,172
3123,104
3124,118
3125,111
3126,106
3127,105
3128,106
3129,122
3130,44
3131,98
3132,88
3133,93
3134,75
3135,99
3136,128
3137,120
3138,90
3139,134
3140,116
3141,103
3142,95
3143,121
3144,85
3145,116
3146,100
3147,120
3148,78
3149,106
3150,125
3151,113
3152,96
3153,113
3154,105
3155,108
3156,142
3157,114
3158,117
3159,97
3160,140
3161,149
3162,103
3163,149
3164,155
3165,107
3166,89
3167,113
3168,127
3169,83
3170,131
3171,148
3172,97
3173,101
3174,147
3175,119
3176,109
3177,126
3178,109
3179,125
3180,98
3181,64
3182,113
3183,104
3184,116
3185,119
3186,88
3187,101
3188,112
3189,139
3190,118
3191,96
3192,94
3193,118
3194,108
3195,105
3196,103
3197,145
3198,115
3199,87
3200,136
3201,102
3202,112
3203,103
3204,51
3205,130
3206,121
3207,91
3208,118
3209,117
3210,124
3211,92
3212,147
3213,141
3214,129
3215,153
3216,104
3217,122
3218,115
3219,102
3220,95
3221,103
3222,169
3223,116
3224,112
3225,128
3226,127
3227,115
3228,111
3229,121
3230,98
3231,85
3232,118
3233,141
3234,93
3235,106
3236,150
3237,144
3238,90
3239,141
3240,112
3241,169
3242,139
3243,157
3244,134
3245,104
3246,173
3247,89
3248,93
3249,117
3250,113
3251,115
3252,86
3253,131
3254,123
3255,161
3256,145
3257,123
3258,65
3259,125
3260,141
3261,168
3262,162
3263,177
3264,128
3265,147
3266,101
3267,87
3268,84
3269,122
3270,96
3271,110
3272,104
3273,132
3274,126
3275,96
3276,97
3277,125
3278,154
3279,108
3280,148
3281,127
3282,94
3283,125
3284,151
3285,102
3286,118
3287,101
3288,104
3289,117
3290,127
3291,102
3292,99
3293,101
3294,120
3295,105
3296,135
3297,122
3298,145
3299,125
3300,130
3301,100
3302,101
3303,94
3304,99
3305,140
3306,122
3307,136
3308,119
3309,105
3310,128
3311,103
3312,137
3313,125
3314,158
3315,151
3316,144
3317,110
3318,105
3319,123
3320,127
3321,75
3322,86
3323,107
3324,90
3325,95
3326,104
3327,126
3328,99
3329,117
3330,79
3331,135
3332,121
3333,89
3334,135
3335,144
3336,147
3337,113
3338,99
3339,92
3340,85
3341,73
3342,140
3343,120
3344,103
3345,142
3346,122
3347,105
3348,149
3349,113
3350,134
3351,107
3352,148
3353,114
3354,126
3355,126
3356,125
3357,103
3358,112
3359,123
3360,109
3361,135
3362,167
3363,135
3364,114
3365,132
3366,91
3367,131
3368,65
3369,114
3370,103
3371,128
3372,116
3373,106
3374,92
3375,121
3376,117
3377,113
3378,134
3379,152
3380,124
3381,106
3382,156
3383,119
3384,95
3385,104
3386,127
3387,129
3388,92
3389,144
3390,134
3391,121
3392,129
3393,102
3394,138
3395,131
3396,85
3397,100
3398,114
3399,149
3400,139
3401,119
3402,118
3403,146
3404,100
3405,127
3406,104
3407,94
3408,149
3409,145
3410,138
3411,107
3412,136
3413,139
3414,96
3415,113
3416,128
3417,143
3418,103
3419,85
3420,172
3421,109
3422,127
3423,145
3424,125
3425,98
3426,161
3427,105
3428,105
3429,142
3430,123
3431,107
3432,143
3433,98
3434,134
3435,112
3436,146
3437,132
3438,105
3439,111
3440,107
3441,137
3442,118
3443,114
3444,112
3445,141
3446,100
3447,119
3448,90
3449,90
3450,121
3451,141
3452,107
3453,122
3454,79
3455,132
3456,140
3457,97
3458,116
3459,123
3460,125
3461,110
3462,102
3463,109
3464,141
3465,167
3466,127
3467,147
3468,144
3469,114
3470,97
3471,90
3472,147
3473,113
3474,118
3475,123
3476,101
3477,81
3478,95
3479,99
3480,91
3481,94
3482,153
3483,138
3484,96
3485,95
3486,144
3487,149
3488,117
3489,101
3490,107
3491,89
3492,113
3493,111
3494,127
3495,107
3496,113
3497,100
3498,51
3499,111
3500,104
3501,95
3502,166
3503,76
3504,132
3505,110
3506,119
3507,155
3508,145
3509,91
3510,85
3511,85
3512,70
3513,121
3514,92
3515,92
3516,115
3517,117
3518,133
3519,155
3520,80
3521,135
3522,120
3523,99
3524,119
3525,98
3526,150
3527,108
3528,72
3529,106
3530,136
3531,95
3532,123
3533,135
3534,147
3535,124
3536,121
3537,149
3538,89
3539,109
3540,134
3541,116
3542,117
3543,127
3544,119
3545,121
3546,141
3547,127
3548,128
3549,79
3550,102
3551,110
3552,114
3553,78
3554,89
3555,126
3556,68
3557,114
3558,125
3559,93
3560,100
3561,106
3562,145
3563,76
3564,122
3565,155
3566,146
3567,103
3568,127
3569,156
3570,87
3571,115
3572,112
3573,117
3574,152
3575,97
3576,123
3577,114
3578,149
3579,91
3580,170
3581,99
3582,141
3583,103
3584,133
3585,107
3586,92
3587,127
3588,118
3589,92
3590,101
3591,140
3592,89
3593,117
3594,95
3595,104
3596,107
3597,127
3598,141
3599,122
3600,151
3601,149
3602,123
3603,81
3604,78
3605,100
3606,50
3607,143
3608,132
3609,119
3610,152
3611,106
3612,91
3613,65
3614,84
3615,117
3616,85
3617,97
3618,125
3619,102
3620,100
3621,172
3622,118
3623,144
3624,146
3625,119
3626,102
3627,82
3628,106
3629,107
3630,120
3631,113
3632,99
3633,87
3634,98
3635,108
3636,80
3637,127
3638,114
3639,125
3640,115
3641,181
3642,143
3643,85
3644,114
3645,98
3646,133
3647,105
3648,72
3649,102
3650,97
3651,94
3652,104
3653,119
3654,109
3655,111
3656,166
3657,113
3658,100
3659,99
3660,102
3661,111
3662,185
3663,45
3664,96
3665,135
3666,118
3667,141
3668,125
3669,90
3670,118
3671,131
3672,134
3673,126
3674,142
3675,63
3676,112
3677,97
3678,127
3679,89
3680,91
3681,112
3682,105
3683,118
3684,143
3685,94
3686,151
3687,94
3688,173
3689,137
3690,91
3691,118
3692,102
3693,139
3694,123
3695,129
3696,121
3697,106
3698,127
3699,109
3700,106
3701,125
3702,110
3703,112
3704,53
3705,124
3706,131
3707,94
3708,113
3709,144
3710,127
3711,98
3712,110
3713,89
3714,125
3715,126
3716,92
3717,97
3718,112
3719,108
3720,144
3721,175
3722,116
3723,117
3724,138
3725,76
3726,107
3727,87
3728,133
3729,118
3730,114
3731,101
3732,111
3733,115
3734,101
3735,142
3736,127
3737,108
3738,117
3739,193
3740,132
3741,139
3742,134
3743,49
3744,109
3745,144
3746,103
3747,117
3748,125
3749,117
3750,102
3751,75
3752,139
3753,102
3754,146
3755,115
3756,95
3757,170
3758,118
3759,106
3760,103
3761,156
3762,106
3763,111
3764,67
3765,86
3766,124
3767,151
3768,124
3769,91
3770,87
3771,141
3772,150
3773,115
3774,127
3775,123
3776,101
3777,99
3778,123
3779,139
3780,112
3781,138
3782,118
3783,103
3784,132
3785,158
3786,165
3787,131
3788,152
3789,103
3790,111
3791,121
3792,116
3793,121
3794,113
3795,126
3796,166
3797,131
3798,120
3799,104
3800,114
3801,117
3802,108
3803,151
3804,105
3805,103
3806,97
3807,104
3808,116
3809,116
3810,97
3811,95
3812,92
3813,108
3814,82
3815,109
3816,114
3817,117
3818,104
3819,99
3820,144
3821,134
3822,119
3823,94
3824,123
3825,101
3826,126
3827,179
3828,91
3829,148
3830,110
3831,117
3832,100
3833,86
3834,94
3835,88
3836,116
3837,109
3838,100
3839,108
3840,137
3841,118
3842,122
3843,148
3844,127
3845,103
3846,120
3847,90
3848,125
3849,144
3850,152
3851,84
3852,98
3853,151
3854,100
3855,108
3856,165
3857,160
3858,119
3859,131
3860,121
3861,120
3862,130
3863,80
3864,138
3865,136
3866,126
3867,80
3868,110
3869,105
3870,111
3871,108
3872,128
3873,105
3874,123
3875,96
3876,98
3877,128
3878,137
3879,154
3880,108
3881,136
3882,113
3883,99
3884,129
3885,114
3886,108
3887,166
3888,104
3889,99
3890,88
3891,110
3892,148
3893,156
3894,142
3895,118
3896,104
3897,96
3898,130
3899,116
3900,132
3901,120
3902,139
3903,108
3904,113
3905,116
3906,129
3907,139
3908,161
3909,57
3910,112
3911,137
3912,117
3913,85
3914,103
3915,112
3916,108
3917,100
3918,177
3919,148
3920,137
3921,119
3922,188
3923,103
3924,99
3925,110
3926,118
3927,109
3928,93
3929,71
3930,102
3931,100
3932,113
3933,109
3934,106
3935,166
3936,124
3937,123
3938,143
3939,108
3940,144
3941,91
3942,116
3943,164
3944,110
3945,111
3946,101
3947,110
3948,148
3949,95
3950,88
3951,95
3952,99
3953,117
3954,122
3955,117
3956,124
3957,108
3958,105
3959,107
3960,147
3961,86
3962,121
3963,109
3964,129
3965,104
3966,93
3967,108
3968,139
3969,161
3970,130
3971,152
3972,80
3973,120
3974,116
3975,115
3976,136
3977,118
3978,128
3979,122
3980,123
3981,109
3982,170
3983,100
3984,124
3985,98
3986,146
3987,118
3988,112
3989,105
3990,115
3991,141
3992,109
3993,83
3994,110
3995,106
3996,162
3997,102
3998,129
3999,100
4000,164
4001,97
4002,143
4003,109
4004,144
4005,164
4006,125
4007,135
4008,107
4009,143
4010,101
4011,98
4012,136
4013,110
4014,131
4015,137
4016,100
4017,138
4018,94
4019,149
4020,129
4021,124
4022,139
4023,117
4024,105
4025,160
4026,101
4027,162
4028,115
4029,112
4030,116
4031,105
4032,130
4033,78
4034,94
4035,154
4036,100
4037,113
4038,140
4039,110
4040,113
4041,110
4042,96
4043,110
4044,176
4045,68
4046,96
4047,109
4048,67
4049,146
4050,124
4051,115
4052,164
4053,92
4054,120
4055,99
4056,109
4057,126
4058,133
4059,104
4060,114
4061,168
4062,84
4063,108
4064,106
4065,92
4066,143
4067,121
4068,146
4069,111
4070,83
4071,168
4072,138
4073,130
4074,117
4075,128
4076,139
4077,78
4078,87
4079,93
4080,129
4081,98
4082,70
4083,113
4084,145
4085,147
4086,120
4087,118
4088,156
4089,145
4090,120
4091,108
4092,95
4093,134
4094,102
4095,109
4096,164
4097,112
4098,117
4099,111
4100,114
4101,144
4102,137
4103,114
4104,140
4105,110
4106,102
4107,159
4108,106
4109,114
4110,130
4111,144
4112,110
4113,128
4114,123
4115,85
4116,71
4117,119
4118,104
4119,119
4120,124
4121,139
4122,105
4123,117
4124,144
4125,71
4126,116
4127,159
4128,151
4129,100
4130,118
4131,127
4132,117
4133,157
4134,131
4135,118
4136,99
4137,133
4138,131
4139,129
4140,112
4141,119
4142,118
4143,96
4144,113
4145,106
4146,124
4147,179
4148,101
4149,125
4150,95
4151,73
4152,127
4153,144
4154,105
4155,115
4156,82
4157,103
4158,100
4159,105
4160,108
4161,103
4162,122
4163,132
4164,102
4165,128
4166,142
4167,128
4168,96
4169,115
4170,133
4171,110
4172,111
4173,119
4174,118
4175,102
4176,134
4177,146
4178,109
4179,138
4180,147
4181,126
4182,51
4183,106
4184,145
4185,89
4186,108
4187,109
4188,84
4189,115
4190,122
4191,97
4192,136
4193,134
4194,99
4195,106
4196,97
4197,92
4198,95
4199,120
4200,154
4201,149
4202,112
4203,150
4204,115
4205,112
4206,95
4207,110
4208,101
4209,92
4210,147
4211,52
4212,172
4213,130
4214,98
4215,103
4216,122
4217,123
4218,116
4219,116
4220,137
4221,121
4222,134
4223,97
4224,106
4225,98
4226,125
4227,117
4228,104
4229,106
4230,106
4231,107
4232,96
4233,166
4234,153
4235,144
4236,153
4237,125
4238,138
4239,119
4240,131
4241,157
4242,163
4243,108
4244,103
4245,71
4246,94
4247,121
4248,103
4249,106
4250,113
4251,124
4252,120
4253,117
4254,119
4255,96
4256,110
4257,104
4258,85
4259,115
4260,87
4261,92
4262,100
4263,150
4264,114
4265,118
4266,123
4267,95
4268,105
4269,148
4270,77
4271,109
4272,100
4273,155
4274,147
4275,138
4276,147
4277,103
4278,101
4279,118
4280,175
4281,112
4282,136
4283,124
4284,164
4285,103
4286,111
4287,81
4288,102
4289,169
4290,102
4291,119
4292,120
4293,128
4294,117
4295,132
4296,75
4297,116
4298,133
4299,100
4300,129
4301,125
4302,141
4303,120
4304,81
4305,110
4306,128
4307,103
4308,102
4309,97
4310,97
4311,132
4312,119
4313,139
4314,162
4315,153
4316,92
4317,133
4318,105
4319,110
4320,85
4321,98
4322,98
4323,123
4324,113
4325,112
4326,126
4327,115
4328,111
4329,122
4330,100
4331,116
4332,129
4333,125
4334,143
4335,114
4336,101
4337,97
4338,91
4339,160
4340,108
4341,73
4342,134
4343,127
4344,93
4345,137
4346,135
4347,121
4348,138
4349,120
4350,138
4351,119
4352,108
4353,67
4354,83
4355,118
4356,99
4357,112
4358,154
4359,145
4360,109
4361,104
4362,141
4363,120
4364,110
4365,113
4366,153
4367,107
4368,111
4369,117
4370,95
4371,121
4372,113
4373,144
4374,113
4375,129
4376,133
4377,117
4378,115
4379,123
4380,117
4381,100
4382,120
4383,141
4384,116
4385,140
4386,95
4387,97
4388,122
4389,97
4390,116
4391,137
4392,110
4393,111
4394,96
4395,96
4396,138
4397,94
4398,69
4399,151
4400,107
4401,111
4402,98
4403,134
4404,125
4405,119
4406,134
4407,86
4408,107
4409,100
4410,157
4411,134
4412,114
4413,94
4414,146
4415,92
4416,129
4417,145
4418,104
4419,89
4420,110
4421,118
4422,128
4423,149
4424,100
4425,134
4426,133
4427,158
4428,131
4429,148
4430,152
4431,84
4432,99
4433,136
4434,128
4435,114
4436,101
4437,106
4438,79
4439,103
4440,163
4441,110
4442,100
4443,118
4444,157
4445,97
4446,126
4447,135
4448,99
4449,102
4450,117
4451,113
4452,107
4453,84
4454,154
4455,91
4456,95
4457,135
4458,120
4459,132
4460,101
4461,105
4462,110
4463,101
4464,110
4465,123
4466,123
4467,141
4468,130
4469,86
4470,162
4471,86
4472,32
4473,92
4474,119
4475,103
4476,99
4477,110
4478,113
4479,147
4480,144
4481,147
4482,132
4483,93
4484,99
4485,133
4486,105
4487,140
4488,83
4489,147
4490,171
4491,109
4492,80
4493,112
4494,127
4495,116
4496,83
4497,147
4498,124
4499,92
4500,112
4501,98
4502,96
4503,116
4504,137
4505,114
4506,104
4507,98
4508,82
4509,157
4510,96
4511,107
4512,123
4513,94
4514,136
4515,101
4516,109
4517,113
4518,107
4519,125
4520,109
4521,155
4522,90
4523,157
4524,126
4525,126
4526,131
4527,76
4528,73
4529,95
4530,116
4531,110
4532,101
4533,108
4534,92
4535,116
4536,184
4537,117
4538,108
4539,94
4540,85
4541,147
4542,109
4543,114
4544,130
4545,125
4546,116
4547,128
4548,116
4549,112
4550,108
4551,119
4552,154
4553,115
4554,86
4555,127
4556,136
4557,101
4558,155
4559,100
4560,107
4561,123
4562,130
4563,97
4564,110
4565,96
4566,98
4567,121
4568,123
4569,118
4570,108
4571,120
4572,120
4573,103
4574,105
4575,165
4576,107
4577,88
4578,128
4579,96
4580,129
4581,127
4582,92
4583,133
4584,100
4585,134
4586,124
4587,143
4588,136
4589,131
4590,110
4591,113
4592,134
4593,100
4594,88
4595,125
4596,136
4597,126
4598,129
4599,131
4600,84
4601,78
4602,113
4603,120
4604,95
4605,143
4606,184
4607,96
4608,121
4609,93
4610,120
4611,80
4612,102
4613,110
4614,126
4615,154
4616,106
4617,92
4618,101
4619,131
4620,97
4621,112
4622,113
4623,135
4624,112
4625,98
4626,143
4627,119
4628,135
4629,115
4630,70
4631,115
4632,100
4633,114
4634,99
4635,97
4636,89
4637,81
4638,118
4639,112
4640,91
4641,159
4642,95
4643,86
4644,87
4645,126
4646,121
4647,97
4648,96
4649,124
4650,67
4651,93
4652,113
4653,136
4654,96
4655,95
4656,113
4657,125
4658,96
4659,103
4660,92
4661,125
4662,136
4663,103
4664,130
4665,126
4666,120
4667,104
4668,117
4669,125
4670,103
4671,160
4672,111
4673,114
4674,95
4675,149
4676,117
4677,110
4678,145
4679,122
4680,109
4681,111
4682,90
4683,114
4684,105
4685,103
4686,156
4687,96
4688,99
4689,124
4690,108
4691,161
4692,110
4693,136
4694,133
4695,105
4696,108
4697,146
4698,146
4699,108
4700,126
4701,123
4702,111
4703,98
4704,120
4705,107
4706,167
4707,133
4708,125
4709,134
4710,113
4711,137
4712,93
4713,121
4714,160
4715,165
4716,61
4717,113
4718,132
4719,112
4720,104
4721,130
4722,113
4723,140
4724,123
4725,139
4726,101
4727,119
4728,112
4729,119
4730,112
4731,107
4732,128
4733,129
4734,124
4735,163
4736,158
4737,127
4738,120
4739,130
4740,99
4741,118
4742,126
4743,111
4744,113
4745,137
4746,137
4747,119
4748,123
4749,132
4750,138
4751,130
4752,136
4753,95
4754,124
4755,118
4756,116
4757,149
4758,84
4759,124
4760,129
4761,127
4762,107
4763,142
4764,113
4765,89
4766,116
4767,134
4768,100
4769,144
4770,100
4771,107
4772,103
4773,151
4774,121
4775,127
4776,141
4777,108
4778,110
4779,106
4780,104
4781,84
4782,133
4783,73
4784,129
4785,131
4786,106
4787,138
4788,85
4789,120
4790,144
4791,160
4792,57
4793,88
4794,106
4795,173
4796,102
4797,138
4798,107
4799,104
4800,126
4801,79
4802,105
4803,134
4804,83
4805,107
4806,126
4807,125
4808,32
4809,99
4810,131
4811,111
4812,97
4813,115
4814,90
4815,139
4816,171
4817,113
4818,93
4819,106
4820,101
4821,176
4822,141
4823,111
4824,107
4825,142
4826,125
4827,171
4828,120
4829,125
4830,96
4831,107
4832,101
4833,143
4834,102
4835,108
4836,109
4837,100
4838,142
4839,108
4840,151
4841,122
4842,137
4843,116
4844,118
4845,84
4846,155
4847,108
4848,89
4849,113
4850,111
4851,122
4852,125
4853,109
4854,109
4855,120
4856,111
4857,100
4858,89
4859,152
4860,116
4861,120
4862,89
4863,110
4864,111
4865,108
4866,122
4867,108
4868,89
4869,109
4870,111
4871,105
4872,98
4873,88
4874,140
4875,147
4876,95
4877,134
4878,123
4879,76
4880,145
4881,145
4882,118
4883,102
4884,118
4885,153
4886,109
4887,125
4888,100
4889,137
4890,126
4891,174
4892,117
4893,133
4894,64
4895,123
4896,106
4897,168
4898,95
4899,105
4900,159
4901,172
4902,110
4903,116
4904,87
4905,104
4906,133
4907,99
4908,77
4909,164
4910,126
4911,117
4912,100
4913,142
4914,96
4915,117
4916,124
4917,129
4918,123
4919,137
4920,143
4921,143
4922,101
4923,117
4924,123
4925,114
4926,135
4927,104
4928,102
4929,158
4930,127
4931,126
4932,78
4933,138
4934,169
4935,117
4936,114
4937,132
4938,141
4939,104
4940,122
4941,163
4942,131
4943,107
4944,115
4945,126
4946,101
4947,108
4948,90
4949,105
4950,118
4951,146
4952,109
4953,130
4954,130
4955,115
4956,137
4957,121
4958,117
4959,98
4960,140
4961,92
4962,116
4963,98
4964,97
4965,137
4966,66
4967,170
4968,139
4969,117
4970,93
4971,116
4972,162
4973,93
4974,108
4975,154
4976,106
4977,148
4978,157
4979,131
4980,154
4981,140
4982,112
4983,90
4984,106
4985,133
4986,120
4987,89
4988,108
4989,87
4990,149
4991,91
4992,136
4993,166
4994,114
4995,141
4996,129
4997,114
4998,84
4999,129
5000,111
5001,89
5002,150
5003,146
5004,101
5005,137
5006,134
5007,123
5008,99
5009,138
5010,96
5011,115
5012,134
5013,65
5014,110
5015,118
5016,122
5017,106
5018,106
5019,73
5020,121
5021,70
5022,137
5023,155
5024,79
5025,108
5026,121
5027,123
5028,104
5029,109
5030,119
5031,128
5032,146
5033,149
5034,132
5035,100
5036,157
5037,107
5038,142
5039,129
5040,102
5041,103
5042,134
5043,150
5044,133
5045,105
5046,98
5047,127
5048,101
5049,86
5050,117
5051,90
5052,121
5053,146
5054,162
5055,101
5056,113
5057,109
5058,121
5059,85
5060,117
5061,142
5062,115
5063,96
5064,123
5065,89
5066,116
5067,138
5068,144
5069,155
5070,135
5071,129
5072,141
5073,110
5074,60
5075,98
5076,162
5077,92
5078,145
5079,98
5080,89
5081,90
5082,104
5083,97
5084,124
5085,146
5086,117
5087,109
5088,97
5089,105
5090,123
5091,63
5092,100
5093,124
5094,129
5095,104
5096,102
5097,143
5098,101
5099,90
5100,170
5101,122
5102,131
5103,134
5104,126
5105,113
5106,89
5107,133
5108,154
5109,169
5110,112
5111,128
5112,137
5113,121
5114,123
5115,187
5116,121
5117,118
5118,154
5119,109
5120,108
5121,145
5122,123
5123,132
5124,126
5125,150
5126,113
5127,109
5128,91
5129,113
5130,120
5131,115
5132,74
5133,136
5134,116
5135,146
5136,158
5137,98
5138,87
5139,103
5140,97
5141,110
5142,104
5143,91
5144,127
5145,101
5146,85
5147,112
5148,115
5149,99
5150,117
5151,101
5152,174
5153,125
5154,139
5155,155
5156,115
5157,113
5158,136
5159,135
5160,107
5161,154
5162,114
5163,128
5164,95
5165,58
5166,123
5167,98
5168,109
5169,140
5170,108
5171,118
5172,170
5173,104
5174,145
5175,128
5176,125
5177,122
5178,98
5179,127
5180,124
5181,92
5182,94
5183,135
5184,123
5185,93
5186,103
5187,125
5188,65
5189,107
5190,123
5191,107
5192,125
5193,113
5194,118
5195,122
5196,103
5197,120
5198,104
5199,100
5200,132
5201,106
5202,118
5203,151
5204,109
5205,108
5206,99
5207,118
5208,101
5209,153
5210,97
5211,79
5212,136
5213,114
5214,110
5215,102
5216,121
5217,125
5218,120
5219,140
5220,121
5221,110
5222,129
5223,130
5224,106
5225,97
5226,129
5227,104
5228,105
5229,162
5230,99
5231,131
5232,102
5233,118
5234,51
5235,100
5236,127
5237,93
5238,130
5239,150
5240,160
5241,130
5242,108
5243,143
5244,123
5245,169
5246,108
5247,128
5248,100
5249,119
5250,98
5251,113
5252,93
5253,92
5254,83
5255,123
5256,136
5257,124
5258,112
5259,125
5260,113
5261,104
5262,109
5263,136
5264,99
5265,95
5266,128
5267,168
5268,137
5269,104
5270,119
5271,120
5272,186
5273,111
5274,119
5275,145
5276,85
5277,120
5278,101
5279,146
5280,107
5281,99
5282,87
5283,95
5284,113
5285,128
5286,112
5287,85
5288,106
5289,128
5290,131
5291,102
5292,143
5293,112
5294,141
5295,118
5296,129
5297,135
5298,152
5299,124
5300,116
5301,87
5302,78
5303,152
5304,125
5305,102
5306,108
5307,122
5308,108
5309,99
5310,75
5311,118
5312,105
5313,107
5314,81
5315,142
5316,95
5317,134
5318,112
5319,104
5320,108
5321,120
5322,99
5323,92
5324,116
5325,109
5326,111
5327,165
5328,121
5329,57
5330,117
5331,127
5332,88
5333,141
5334,156
5335,166
5336,140
5337,122
5338,110
5339,115
5340,135
5341,104
5342,151
5343,98
5344,93
5345,153
5346,124
5347,87
5348,97
5349,122
5350,139
5351,111
5352,128
5353,110
5354,146
5355,113
5356,127
5357,172
5358,138
5359,139
5360,125
5361,96
5362,98
5363,121
5364,111
5365,126
5366,97
5367,67
5368,109
5369,160
5370,119
5371,87
5372,129
5373,127
5374,120
5375,113
5376,135
5377,104
5378,108
5379,182
5380,147
5381,111
5382,140
5383,101
5384,93
5385,100
5386,117
5387,123
5388,111
5389,99
5390,157
5391,102
5392,96
5393,107
5394,147
5395,139
5396,102
5397,103
5398,140
5399,103
5400,132
5401,115
5402,96
5403,89
5404,136
5405,110
5406,116
5407,112
5408,87
5409,128
5410,144
5411,98
5412,95
5413,116
5414,130
5415,111
5416,115
5417,129
5418,138
5419,101
5420,96
5421,112
5422,147
5423,111
5424,110
5425,153
5426,128
5427,132
5428,116
5429,63
5430,87
5431,105
5432,105
5433,100
5434,108
5435,170
5436,185
5437,145
5438,103
5439,130
5440,57
5441,122
5442,118
5443,133
5444,83
5445,112
5446,135
5447,147
5448,111
5449,103
5450,100
5451,109
5452,112
5453,98
5454,110
5455,92
5456,82
5457,128
5458,107
5459,101
5460,91
5461,188
5462,97
5463,139
5464,85
5465,131
5466,112
5467,157
5468,104
5469,119
5470,118
5471,106
5472,107
5473,108
5474,148
5475,119
5476,90
5477,99
5478,159
5479,85
5480,128
5481,113
5482,110
5483,117
5484,102
5485,124
5486,110
5487,170
5488,117
5489,118
5490,141
5491,104
5492,143
5493,122
5494,149
5495,98
5496,135
5497,126
5498,109
5499,124
5500,93
5501,103
5502,117
5503,88
5504,107
5505,139
5506,132
5507,118
5508,95
5509,134
5510,74
5511,105
5512,103
5513,122
5514,109
5515,81
5516,104
5517,91
5518,145
5519,97
5520,109
5521,97
5522,111
5523,92
5524,106
5525,131
5526,89
5527,100
5528,117
5529,148
5530,139
5531,144
5532,117
5533,134
5534,122
5535,135
5536,110
5537,113
5538,128
5539,57
5540,102
5541,102
5542,132
5543,82
5544,86
5545,120
5546,121
5547,113
5548,139
5549,104
5550,117
5551,168
5552,99
5553,117
5554,100
5555,102
5556,113
5557,118
5558,104
5559,119
5560,91
5561,110
5562,131
5563,78
5564,110
5565,89
5566,140
5567,158
5568,163
5569,148
5570,110
5571,113
5572,119
5573,123
5574,165
5575,147
5576,126
5577,91
5578,104
5579,106
5580,171
5581,111
5582,121
5583,88
5584,77
5585,110
5586,99
5587,80
5588,94
5589,115
5590,98
5591,107
5592,108
5593,170
5594,110
5595,114
5596,107
5597,75
5598,139
5599,123
5600,96
5601,138
5602,106
5603,153
5604,61
5605,119
5606,108
5607,99
5608,113
5609,151
5610,167
5611,107
5612,98
5613,112
5614,106
5615,115
5616,161
5617,138
5618,100
5619,113
5620,133
5621,135
5622,111
5623,120
5624,162
5625,111
5626,112
5627,116
5628,124
5629,183
5630,105
5631,113
5632,108
5633,167
5634,109
5635,123
5636,174
5637,130
5638,119
5639,90
5640,114
5641,104
5642,109
5643,111
5644,118
5645,191
5646,119
5647,111
5648,121
5649,94
5650,123
5651,106
5652,140
5653,65
5654,111
5655,110
5656,160
5657,160
5658,104
5659,152
5660,105
5661,103
5662,112
5663,109
5664,150
5665,110
5666,119
5667,150
5668,109
5669,100
5670,121
5671,108
5672,142
5673,84
5674,106
5675,118
5676,151
5677,103
5678,98
5679,122
5680,104
5681,89
5682,109
5683,103
5684,143
5685,107
5686,151
5687,105
5688,110
5689,108
5690,97
5691,140
5692,93
5693,69
5694,95
5695,157
5696,110
5697,137
5698,110
5699,111
5700,101
5701,135
5702,145
5703,107
5704,127
5705,149
5706,105
5707,88
5708,151
5709,74
5710,135
5711,152
5712,114
5713,105
5714,116
5715,123
5716,87
5717,98
5718,115
5719,104
5720,111
5721,134
5722,116
5723,114
5724,117
5725,116
5726,127
5727,100
5728,101
5729,78
5730,135
5731,111
5732,126
5733,115
5734,105
5735,103
5736,113
5737,98
5738,136
5739,149
5740,100
5741,108
5742,114
5743,119
5744,110
5745,107
5746,102
5747,101
5748,124
5749,134
5750,98
5751,136
5752,127
5753,93
5754,115
5755,161
5756,56
5757,130
5758,89
5759,169
5760,169
5761,118
5762,94
5763,120
5764,169
5765,84
5766,153
5767,150
5768,145
5769,138
5770,102
5771,90
5772,136
5773,128
5774,120
5775,117
5776,84
5777,104
5778,80
5779,99
5780,119
5781,108
5782,160
5783,101
5784,115
5785,116
5786,108
5787,111
5788,113
5789,104
5790,115
5791,94
5792,120
5793,101
5794,112
5795,113
5796,108
5797,123
5798,115
5799,151
5800,115
5801,143
5802,166
5803,104
5804,143
5805,112
5806,108
5807,129
5808,97
5809,135
5810,117
5811,121
5812,169
5813,109
5814,123
5815,131
5816,108
5817,148
5818,114
5819,112
5820,135
5821,138
5822,107
5823,118
5824,102
5825,93
5826,104
5827,146
5828,131
5829,145
5830,110
5831,130
5832,141
5833,127
5834,125
5835,69
5836,101
5837,145
5838,140
5839,113
5840,126
5841,98
5842,127
5843,80
5844,159
5845,123
5846,85
5847,110
5848,124
5849,134
5850,97
5851,123
5852,139
5853,85
5854,132
5855,105
5856,108
5857,109
5858,110
5859,135
5860,105
5861,130
5862,101
5863,164
5864,138
5865,86
5866,77
5867,99
5868,92
5869,128
5870,126
5871,99
5872,134
5873,97
5874,127
5875,134
5876,124
5877,110
5878,143
5879,121
5880,93
5881,149
5882,109
5883,133
5884,103
5885,185
5886,123
5887,107
5888,148
5889,126
5890,141
5891,128
5892,150
5893,93
5894,101
5895,108
5896,109
5897,87
5898,76
5899,108
5900,104
5901,112
5902,120
5903,109
5904,149
5905,168
5906,104
5907,117
5908,117
5909,166
5910,129
5911,151
5912,171
5913,99
5914,121
5915,96
5916,91
5917,166
5918,135
5919,140
5920,51
5921,111
5922,103
5923,126
5924,135
5925,107
5926,125
5927,126
5928,138
5929,113
5930,122
5931,103
5932,129
5933,100
5934,97
5935,136
5936,110
5937,105
5938,122
5939,128
5940,123
5941,163
5942,104
5943,106
5944,166
5945,105
5946,109
5947,140
5948,107
5949,112
5950,158
5951,115
5952,100
5953,89
5954,147
5955,98
5956,89
5957,111
5958,95
5959,103
5960,138
5961,142
5962,123
5963,102
5964,138
5965,128
5966,118
5967,140
5968,121
5969,152
5970,119
5971,101
5972,113
5973,124
5974,108
5975,116
5976,104
5977,102
5978,66
5979,91
5980,125
5981,101
5982,124
5983,98
5984,106
5985,117
5986,88
5987,151
5988,90
5989,122
5990,91
5991,127
5992,129
5993,115
5994,119
5995,119
5996,100
5997,127
5998,149
5999,88
6000,165
6001,113
6002,104
6003,113
6004,110
6005,126
6006,157
6007,134
6008,154
6009,98
6010,128
6011,91
6012,152
6013,92
6014,129
6015,86
6016,176
6017,166
6018,126
6019,118
6020,102
6021,87
6022,136
6023,84
6024,129
6025,179
6026,147
6027,120
6028,106
6029,104
6030,89
6031,91
6032,98
6033,105
6034,116
6035,164
6036,105
6037,120
6038,127
6039,104
6040,106
6041,126
6042,172
6043,131
6044,130
6045,113
6046,106
6047,91
6048,81
6049,123
6050,112
6051,127
6052,124
6053,86
6054,164
6055,124
6056,134
6057,52
6058,123
6059,147
6060,135
6061,110
6062,93
6063,185
6064,153
6065,95
6066,92
6067,60
6068,131
6069,133
6070,121
6071,160
6072,115
6073,134
6074,125
6075,113
6076,100
6077,133
6078,99
6079,112
6080,93
6081,155
6082,74
6083,115
6084,117
6085,91
6086,126
6087,150
6088,111
6089,116
6090,107
6091,117
6092,80
6093,98
6094,97
6095,111
6096,113
6097,169
6098,108
6099,142
6100,125
6101,96
6102,142
6103,94
6104,135
6105,122
6106,112
6107,116
6108,115
6109,80
6110,88
6111,135
6112,123
6113,92
6114,145
6115,144
6116,78
6117,55
6118,105
6119,134
6120,93
6121,143
6122,83
6123,126
6124,103
6125,120
6126,120
6127,138
6128,142
6129,121
6130,162
6131,108
6132,163
6133,104
6134,145
6135,116
6136,144
6137,142
6138,96
6139,106
6140,109
6141,99
6142,119
6143,115
6144,102
6145,103
6146,85
6147,137
6148,109
6149,165
6150,116
6151,118
6152,87
6153,128
6154,101
6155,91
6156,119
6157,119
6158,146
6159,152
6160,134
6161,134
6162,127
6163,87
6164,107
6165,115
6166,130
6167,146
6168,103
6169,94
6170,128
6171,119
6172,84
6173,105
6174,92
6175,101
6176,108
6177,97
6178,61
6179,97
6180,104
6181,151
6182,137
6183,112
6184,141
6185,121
6186,144
6187,78
6188,132
6189,135
6190,146
6191,136
6192,113
6193,149
6194,140
6195,108
6196,97
6197,128
6198,124
6199,109
6200,132
6201,124
6202,117
6203,155
6204,112
6205,104
6206,142
6207,111
6208,94
6209,131
6210,152
6211,123
6212,104
6213,158
6214,123
6215,160
6216,114
6217,146
6218,120
6219,88
6220,99
6221,134
6222,89
6223,119
6224,146
6225,112
6226,152
6227,126
6228,99
6229,140
6230,108
6231,114
6232,64
6233,90
6234,125
6235,144
6236,116
6237,148
6238,83
6239,119
6240,143
6241,109
6242,112
6243,112
6244,95
6245,97
6246,131
6247,173
6248,99
6249,169
6250,134
6251,112
6252,181
6253,151
6254,116
6255,111
6256,127
6257,136
6258,114
6259,99
6260,121
6261,120
6262,105
6263,144
6264,133
6265,118
6266,110
6267,56
6268,134
6269,124
6270,92
6271,131
6272,122
6273,117
6274,112
6275,118
6276,116
6277,112
6278,110
6279,111
6280,86
6281,166
6282,108
6283,108
6284,119
6285,149
6286,110
6287,112
6288,96
6289,115
6290,152
6291,95
6292,94
6293,128
6294,171
6295,91
6296,74
6297,107
6298,122
6299,107
6300,125
6301,130
6302,125
6303,121
6304,96
6305,128
6306,99
6307,100
6308,127
6309,112
6310,125
6311,135
6312,138
6313,97
6314,141
6315,156
6316,114
6317,99
6318,104
6319,106
6320,112
6321,105
6322,108
6323,179
6324,125
6325,150
6326,111
6327,117
6328,150
6329,166
6330,103
6331,137
6332,80
6333,158
6334,105
6335,141
6336,121
6337,119
6338,133
6339,114
6340,142
6341,141
6342,192
6343,86
6344,108
6345,92
6346,110
6347,119
6348,129
6349,82
6350,110
6351,117
6352,108
6353,102
6354,42
6355,110
6356,114
6357,100
6358,113
6359,113
6360,166
6361,109
6362,101
6363,134
6364,132
6365,88
6366,134
6367,141
6368,109
6369,108
6370,110
6371,111
6372,150
6373,158
6374,99
6375,128
6376,110
6377,89
6378,96
6379,153
6380,113
6381,102
6382,125
6383,75
6384,96
6385,95
6386,106
6387,136
6388,99
6389,113
6390,148
6391,96
6392,113
6393,128
6394,133
6395,117
6396,108
6397,171
6398,97
6399,55
6400,136
6401,108
6402,94
6403,120
6404,68
6405,129
6406,140
6407,82
6408,106
6409,118
6410,84
6411,117
6412,99
6413,121
6414,127
6415,120
6416,122
6417,85
6418,99
6419,103
6420,147
6421,111
6422,133
6423,73
6424,138
6425,75
6426,123
6427,116
6428,142
6429,34
6430,118
6431,105
6432,147
6433,98
6434,97
6435,162
6436,139
6437,109
6438,77
6439,128
6440,116
6441,131
6442,131
6443,125
6444,146
6445,138
6446,151
6447,127
6448,102
6449,117
6450,137
6451,111
6452,131
6453,89
6454,104
6455,140
6456,129
6457,110
6458,164
6459,151
6460,158
6461,128
6462,117
6463,142
6464,147
6465,109
6466,111
6467,114
6468,120
6469,138
6470,140
6471,140
6472,94
6473,84
6474,105
6475,116
6476,100
6477,95
6478,105
6479,119
6480,108
6481,106
6482,132
6483,102
6484,130
6485,83
6486,162
6487,130
6488,155
6489,67
6490,107
6491,86
6492,110
6493,96
6494,106
6495,83
6496,124
6497,122
6498,135
6499,128
6500,96
6501,100
6502,93
6503,123
6504,87
6505,88
6506,108
6507,154
6508,99
6509,110
6510,99
6511,102
6512,131
6513,128
6514,145
6515,105
6516,98
6517,100
6518,84
6519,118
6520,104
6521,101
6522,115
6523,110
6524,134
6525,111
6526,120
6527,120
6528,121
6529,123
6530,125
6531,105
6532,93
6533,143
6534,134
6535,88
6536,117
6537,102
6538,95
6539,105
6540,120
6541,148
6542,98
6543,122
6544,71
6545,120
6546,108
6547,144
6548,95
6549,103
6550,98
6551,103
6552,114
6553,104
6554,119
6555,89
6556,152
6557,90
6558,101
6559,138
6560,89
6561,91
6562,89
6563,123
6564,111
6565,96
6566,109
6567,174
6568,121
6569,126
6570,77
6571,90
6572,145
6573,132
6574,140
6575,145
6576,108
6577,137
6578,90
6579,156
6580,112
6581,102
6582,108
6583,110
6584,105
6585,108
6586,125
6587,114
6588,136
6589,82
6590,134
6591,79
6592,112
6593,103
6594,38
6595,107
6596,175
6597,129
6598,142
6599,104
6600,113
6601,161
6602,135
6603,117
6604,115
6605,134
6606,153
6607,141
6608,105
6609,148
6610,128
6611,107
6612,129
6613,93
6614,142
6615,140
6616,139
6617,168
6618,82
6619,129
6620,106
6621,74
6622,107
6623,60
6624,93
6625,112
6626,127
6627,98
6628,91
6629,126
6630,197
6631,96
6632,86
6633,150
6634,182
6635,133
6636,118
6637,109
6638,102
6639,133
6640,140
6641,120
6642,86
6643,83
6644,106
6645,117
6646,93
6647,126
6648,95
6649,150
6650,119
6651,107
6652,103
6653,94
6654,91
6655,133
6656,74
6657,106
6658,170
6659,96
6660,168
6661,107
6662,107
6663,116
6664,122
6665,136
6666,120
6667,107
6668,126
6669,141
6670,86
6671,137
6672,84
6673,110
6674,80
6675,111
6676,132
6677,78
6678,129
6679,131
6680,93
6681,117
6682,153
6683,165
6684,135
6685,111
6686,97
6687,148
6688,89
6689,169
6690,165
6691,98
6692,108
6693,109
6694,149
6695,124
6696,144
6697,109
6698,189
6699,92
6700,133
6701,129
6702,132
6703,58
6704,92
6705,101
6706,145
6707,155
6708,121
6709,107
6710,125
6711,128
6712,123
6713,96
6714,131
6715,175
6716,105
6717,106
6718,100
6719,91
6720,83
6721,121
6722,82
6723,125
6724,108
6725,130
6726,98
6727,148
6728,163
6729,110
6730,153
6731,94
6732,130
6733,98
6734,101
6735,137
6736,120
6737,89
6738,100
6739,119
6740,112
6741,125
6742,117
6743,88
6744,106
6745,97
6746,126
6747,110
6748,147
6749,127
6750,111
6751,88
6752,121
6753,99
6754,129
6755,154
6756,106
6757,119
6758,142
6759,159
6760,119
6761,111
6762,124
6763,100
6764,128
6765,102
6766,97
6767,114
6768,147
6769,136
6770,95
6771,97
6772,140
6773,147
6774,110
6775,120
6776,94
6777,111
6778,115
6779,88
6780,93
6781,97
6782,116
6783,108
6784,143
6785,113
6786,118
6787,117
6788,142
6789,136
6790,167
6791,113
6792,111
6793,121
6794,132
6795,161
6796,101
6797,150
6798,109
6799,111
6800,135
6801,130
6802,95
6803,131
6804,143
6805,108
6806,112
6807,114
6808,161
6809,87
6810,108
6811,81
6812,114
6813,111
6814,128
6815,128
6816,144
6817,80
6818,157
6819,133
6820,111
6821,99
6822,99
6823,94
6824,111
6825,107
6826,116
6827,128
6828,91
6829,162
6830,144
6831,124
6832,91
6833,99
6834,82
6835,104
6836,118
6837,111
6838,122
6839,98
6840,157
6841,130
6842,102
6843,125
6844,116
6845,63
6846,137
6847,147
6848,134
6849,108
6850,96
6851,118
6852,119
6853,39
6854,112
6855,130
6856,171
6857,122
6858,123
6859,142
6860,90
6861,141
6862,114
6863,103
6864,118
6865,114
6866,106
6867,172
6868,108
6869,94
6870,95
6871,79
6872,101
6873,133
6874,110
6875,159
6876,150
6877,38
6878,133
6879,91
6880,89
6881,128
6882,115
6883,96
6884,156
6885,82
6886,131
6887,142
6888,72
6889,121
6890,122
6891,111
6892,126
6893,92
6894,91
6895,168
6896,145
6897,96
6898,67
6899,96
6900,135
6901,108
6902,154
6903,140
6904,158
6905,115
6906,61
6907,129
6908,114
6909,141
6910,82
6911,120
6912,81
6913,104
6914,119
6915,157
6916,143
6917,127
6918,123
6919,130
6920,126
6921,111
6922,123
6923,104
6924,91
6925,163
6926,110
6927,102
6928,104
6929,167
6930,126
6931,161
6932,118
6933,128
6934,114
6935,145
6936,123
6937,108
6938,90
6939,121
6940,160
6941,128
6942,119
6943,135
6944,105
6945,106
6946,126
6947,107
6948,125
6949,102
6950,79
6951,116
6952,98
6953,106
6954,99
6955,115
6956,93
6957,110
6958,168
6959,102
6960,129
6961,144
6962,112
6963,93
6964,97
6965,149
6966,148
6967,101
6968,111
6969,85
6970,81
6971,127
6972,102
6973,126
6974,110
6975,103
6976,107
6977,98
6978,96
6979,120
6980,105
6981,154
6982,128
6983,115
6984,129
6985,137
6986,99
6987,84
6988,91
6989,94
6990,150
6991,101
6992,118
6993,142
6994,144
6995,100
6996,150
6997,87
6998,105
6999,104
7000,97
7001,189
7002,54
7003,106
7004,168
7005,161
7006,111
7007,100
7008,104
7009,104
7010,97
7011,128
7012,97
7013,128
7014,98
7015,106
7016,99
7017,129
7018,120
7019,127
7020,126
7021,103
7022,146
7023,119
7024,108
7025,109
7026,94
7027,141
7028,153
7029,124
7030,127
7031,119
7032,102
7033,114
7034,98
7035,134
7036,95
7037,118
7038,98
7039,117
7040,147
7041,114
7042,113
7043,103
7044,102
7045,107
7046,107
7047,106
7048,105
7049,102
7050,105
7051,104
7052,116
7053,102
7054,122
7055,102
7056,107
7057,89
7058,87
7059,115
7060,99
7061,114
7062,98
7063,119
7064,128
7065,169
7066,121
7067,133
7068,111
7069,142
7070,70
7071,136
7072,119
7073,136
7074,107
7075,169
7076,156
7077,123
7078,98
7079,107
7080,152
7081,140
7082,124
7083,109
7084,116
7085,131
7086,83
7087,118
7088,116
7089,135
7090,118
7091,113
7092,113
7093,160
7094,107
7095,133
7096,95
7097,135
7098,112
7099,134
7100,114
7101,137
7102,101
7103,34
7104,102
7105,114
7106,108
7107,103
7108,38
7109,87
7110,94
7111,115
7112,109
7113,122
7114,140
7115,110
7116,99
7117,94
7118,127
7119,113
7120,166
7121,94
7122,131
7123,153
7124,113
7125,92
7126,82
7127,129
7128,89
7129,140
7130,107
7131,117
7132,108
7133,107
7134,162
7135,122
7136,130
7137,96
7138,141
7139,90
7140,110
7141,129
7142,110
7143,87
7144,118
7145,113
7146,98
7147,128
7148,103
7149,119
7150,142
7151,92
7152,178
7153,108
7154,97
7155,98
7156,101
7157,110
7158,108
7159,142
7160,108
7161,115
7162,151
7163,90
7164,74
7165,166
7166,132
7167,118
7168,65
7169,92
7170,132
7171,152
7172,92
7173,146
7174,141
7175,87
7176,122
7177,104
7178,132
7179,132
7180,98
7181,122
7182,101
7183,94
7184,131
7185,153
7186,88
7187,126
7188,141
7189,136
7190,102
7191,164
7192,121
7193,73
7194,115
7195,106
7196,72
7197,92
7198,119
7199,104
7200,98
7201,99
7202,140
7203,114
7204,113
7205,125
7206,83
7207,99
7208,124
7209,112
7210,164
7211,154
7212,174
7213,99
7214,128
7215,108
7216,123
7217,110
7218,97
7219,107
7220,81
7221,97
7222,98
7223,89
7224,151
7225,178
7226,130
7227,93
7228,137
7229,108
7230,114
7231,102
7232,98
7233,95
7234,133
7235,85
7236,142
7237,111
7238,112
7239,94
7240,141
7241,74
7242,121
7243,99
7244,136
7245,120
7246,113
7247,81
7248,35
7249,110
7250,144
7251,121
7252,110
7253,140
7254,123
7255,108
7256,105
7257,165
7258,97
7259,149
7260,166
7261,99
7262,108
7263,62
7264,117
7265,140
7266,103
7267,102
7268,129
7269,139
7270,145
7271,108
7272,99
7273,122
7274,143
7275,128
7276,100
7277,112
7278,164
7279,104
7280,30
7281,115
7282,109
7283,123
7284,107
7285,112
7286,69
7287,112
7288,113
7289,112
7290,123
7291,109
7292,95
7293,129
7294,99
7295,130
7296,94
7297,116
7298,143
7299,104
7300,90
7301,149
7302,153
7303,107
7304,162
7305,109
7306,154
7307,104
7308,103
7309,120
7310,85
7311,87
7312,83
7313,105
7314,90
7315,109
7316,89
7317,135
7318,117
7319,162
7320,89
7321,160
7322,140
7323,132
7324,105
7325,118
7326,111
7327,66
7328,95
7329,113
7330,132
7331,150
7332,146
7333,128
7334,111
7335,92
7336,114
7337,97
7338,124
7339,118
7340,120
7341,95
7342,119
7343,96
7344,108
7345,77
7346,120
7347,129
7348,113
7349,88
7350,106
7351,123
7352,68
7353,97
7354,124
7355,143
7356,163
7357,144
7358,103
7359,120
7360,144
7361,137
7362,101
7363,154
7364,116
7365,87
7366,128
7367,134
7368,108
7369,146
7370,99
7371,87
7372,103
7373,110
7374,117
7375,106
7376,119
7377,87
7378,137
7379,68
7380,103
7381,155
7382,128
7383,98
7384,152
7385,124
7386,86
7387,90
7388,111
7389,104
7390,85
7391,98
7392,97
7393,91
7394,96
7395,120
7396,95
7397,72
7398,102
7399,114
7400,99
7401,101
7402,126
7403,97
7404,97
7405,143
7406,167
7407,97
7408,100
7409,116
7410,171
7411,97
7412,98
7413,125
7414,105
7415,77
7416,89
7417,116
7418,108
7419,94
7420,100
7421,135
7422,159
7423,113
7424,120
7425,137
7426,124
7427,149
7428,144
7429,117
7430,156
7431,88
7432,99
7433,145
7434,119
7435,98
7436,90
7437,96
7438,174
7439,93
7440,119
7441,99
7442,120
7443,150
7444,119
7445,129
7446,135
7447,111
7448,157
7449,100
7450,94
7451,89
7452,115
7453,170
7454,99
7455,134
7456,138
7457,109
7458,94
7459,79
7460,144
7461,88
7462,102
7463,107
7464,93
7465,71
7466,128
7467,136
7468,148
7469,113
7470,82
7471,94
7472,88
7473,94
7474,80
7475,97
7476,112
7477,134
7478,103
7479,143
7480,114
7481,133
7482,89
7483,106
7484,121
7485,137
7486,96
7487,132
7488,122
7489,97
7490,82
7491,87
7492,117
7493,164
7494,103
7495,140
7496,131
7497,78
7498,120
7499,99
7500,94
7501,136
7502,131
7503,108
7504,84
7505,93
7506,105
7507,118
7508,95
7509,153
7510,103
7511,121
7512,123
7513,156
7514,107
7515,111
7516,96
7517,129
7518,137
7519,102
7520,143
7521,118
7522,101
7523,164
7524,143
7525,80
7526,113
7527,126
7528,97
7529,52
7530,108
7531,131
7532,102
7533,116
7534,117
7535,117
7536,137
7537,91
7538,122
7539,120
7540,139
7541,145
7542,138
7543,148
7544,105
7545,135
7546,155
7547,107
7548,98
7549,70
7550,94
7551,89
7552,46
7553,160
7554,74
7555,111
7556,138
7557,110
7558,99
7559,106
7560,85
7561,108
7562,34
7563,196
7564,115
7565,101
7566,130
7567,116
7568,135
7569,110
7570,147
7571,107
7572,114
7573,94
7574,155
7575,137
7576,127
7577,101
7578,102
7579,140
7580,173
7581,132
7582,97
7583,119
7584,158
7585,169
7586,136
7587,89
7588,136
7589,92
7590,108
7591,94
7592,86
7593,106
7594,101
7595,92
7596,100
7597,109
7598,119
7599,162
7600,99
7601,117
7602,125
7603,115
7604,101
7605,95
7606,119
7607,86
7608,88
7609,124
7610,173
7611,113
7612,146
7613,85
7614,95
7615,86
7616,82
7617,128
7618,57
7619,80
7620,92
7621,104
7622,87
7623,153
7624,108
7625,92
7626,125
7627,130
7628,129
7629,136
7630,119
7631,118
7632,117
7633,107
7634,109
7635,118
7636,124
7637,125
7638,126
7639,124
7640,105
7641,156
7642,150
7643,109
7644,117
7645,112
7646,122
7647,151
7648,128
7649,119
7650,73
7651,92
7652,103
7653,92
7654,106
7655,86
7656,111
7657,101
7658,109
7659,99
7660,76
7661,124
7662,87
7663,100
7664,92
7665,94
7666,95
7667,94
7668,115
7669,129
7670,97
7671,143
7672,138
7673,146
7674,169
7675,126
7676,111
7677,160
7678,165
7679,129
7680,104
7681,84
7682,131
7683,144
7684,119
7685,135
7686,121
7687,106
7688,111
7689,100
7690,91
7691,116
7692,114
7693,103
7694,130
7695,148
7696,112
7697,132
7698,114
7699,69
7700,132
7701,131
7702,110
7703,116
7704,129
7705,78
7706,115
7707,129
7708,128
7709,146
7710,90
7711,159
7712,120
7713,104
7714,105
7715,163
7716,108
7717,140
7718,115
7719,47
7720,108
7721,140
7722,95
7723,132
7724,117
7725,120
7726,106
7727,98
7728,87
7729,125
7730,101
7731,98
7732,109
7733,125
7734,157
7735,103
7736,77
7737,127
7738,152
7739,135
7740,145
7741,127
7742,130
7743,125
7744,122
7745,134
7746,111
7747,96
7748,94
7749,115
7750,113
7751,87
7752,97
7753,111
7754,100
7755,95
7756,35
7757,92
7758,109
7759,137
7760,161
7761,133
7762,135
7763,99
7764,107
7765,107
7766,117
7767,103
7768,119
7769,111
7770,114
7771,151
7772,132
7773,121
7774,98
7775,79
7776,128
7777,100
7778,166
7779,125
7780,109
7781,100
7782,86
7783,136
7784,148
7785,105
7786,132
7787,108
7788,129
7789,113
7790,87
7791,109
7792,138
7793,96
7794,105
7795,84
7796,107
7797,123
7798,146
7799,81
7800,105
7801,178
7802,141
7803,121
7804,95
7805,160
7806,91
7807,92
7808,149
7809,66
7810,101
7811,150
7812,153
7813,45
7814,84
7815,130
7816,154
7817,133
7818,101
7819,121
7820,104
7821,112
7822,94
7823,115
7824,153
7825,109
7826,125
7827,118
7828,125
7829,108
7830,115
7831,83
7832,83
7833,118
7834,159
7835,135
7836,87
7837,109
7838,123
7839,101
7840,177
7841,133
7842,173
7843,128
7844,118
7845,147
7846,156
7847,92
7848,159
7849,145
7850,120
7851,112
7852,91
7853,128
7854,92
7855,75
7856,139
7857,168
7858,124
7859,89
7860,134
7861,88
7862,74
7863,122
7864,135
7865,131
7866,124
7867,169
7868,165
7869,101
7870,100
7871,98
7872,105
7873,106
7874,137
7875,153
7876,89
7877,39
7878,76
7879,103
7880,53
7881,100
7882,96
7883,108
7884,98
7885,116
7886,115
7887,111
7888,82
7889,159
7890,92
7891,102
7892,111
7893,129
7894,89
7895,115
7896,126
7897,121
7898,93
7899,99
7900,155
7901,92
7902,115
7903,120
7904,136
7905,150
7906,123
7907,135
7908,153
7909,147
7910,41
7911,91
7912,96
7913,152
7914,94
7915,115
7916,101
7917,117
7918,117
7919,128
7920,92
7921,131
7922,128
7923,90
7924,97
7925,81
7926,123
7927,115
7928,124
7929,92
7930,156
7931,134
7932,75
7933,93
7934,124
7935,128
7936,113
7937,136
7938,103
7939,107
7940,103
7941,104
7942,118
7943,82
7944,118
7945,66
7946,111
7947,84
7948,146
7949,116
7950,109
7951,118
7952,110
7953,158
7954,126
7955,169
7956,105
7957,106
7958,114
7959,136
7960,106
7961,93
7962,116
7963,119
7964,117
7965,95
7966,123
7967,150
7968,101
7969,151
7970,178
7971,103
7972,156
7973,166
7974,118
7975,149
7976,170
7977,83
7978,141
7979,180
7980,111
7981,110
7982,121
7983,126
7984,126
7985,119
7986,100
7987,126
7988,141
7989,120
7990,107
7991,136
7992,149
7993,129
7994,171
7995,98
7996,116
7997,104
7998,93
7999,177
8000,95
8001,128
8002,126
8003,128
8004,136
8005,147
8006,115
8007,106
8008,119
8009,107
8010,149
8011,109
8012,111
8013,80
8014,126
8015,119
8016,125
8017,77
8018,105
8019,125
8020,117
8021,143
8022,152
8023,117
8024,108
8025,81
8026,78
8027,146
8028,172
8029,120
8030,131
8031,132
8032,113
8033,92
8034,105
8035,101
8036,114
8037,59
8038,155
8039,95
8040,108
8041,80
8042,109
8043,170
8044,109
8045,119
8046,161
8047,138
8048,132
8049,124
8050,96
8051,109
8052,131
8053,111
8054,127
8055,106
8056,142
8057,113
8058,46
8059,136
8060,175
8061,149
8062,112
8063,115
8064,127
8065,109
8066,105
8067,134
8068,121
8069,93
8070,150
8071,127
8072,101
8073,111
8074,106
8075,144
8076,95
8077,82
8078,174
8079,30
8080,95
8081,144
8082,107
8083,79
8084,91
8085,146
8086,91
8087,145
8088,77
8089,113
8090,176
8091,132
8092,109
8093,94
8094,134
8095,153
8096,180
8097,93
8098,112
8099,138
8100,110
8101,99
8102,130
8103,104
8104,138
8105,117
8106,132
8107,114
8108,100
8109,139
8110,104
8111,87
8112,121
8113,85
8114,106
8115,93
8116,105
8117,128
8118,141
8119,97
8120,109
8121,124
8122,131
8123,102
8124,129
8125,132
8126,113
8127,116
8128,116
8129,48
8130,88
8131,118
8132,108
8133,109
8134,136
8135,148
8136,134
8137,141
8138,134
8139,163
8140,86
8141,114
8142,87
8143,112
8144,140
8145,97
8146,157
8147,136
8148,121
8149,140
8150,123
8151,130
8152,111
8153,118
8154,140
8155,108
8156,122
8157,128
8158,101
8159,131
8160,102
8161,112
8162,145
8163,107
8164,145
8165,90
8166,109
8167,193
8168,120
8169,127
8170,102
8171,105
8172,75
8173,96
8174,117
8175,88
8176,140
8177,102
8178,183
8179,124
8180,106
8181,106
8182,123
8183,116
8184,113
8185,101
8186,114
8187,95
8188,169
8189,156
8190,123
8191,122
8192,92
8193,125
8194,101
8195,95
8196,96
8197,121
8198,121
8199,114
8200,145
8201,140
8202,107
8203,93
8204,161
8205,151
8206,120
8207,126
8208,116
8209,174
8210,86
8211,79
8212,105
8213,124
8214,123
8215,124
8216,138
8217,119
8218,158
8219,153
8220,132
8221,113
8222,138
8223,104
8224,117
8225,105
8226,119
8227,115
8228,134
8229,146
8230,103
8231,131
8232,117
8233,125
8234,155
8235,104
8236,34
8237,156
8238,127
8239,147
8240,151
8241,152
8242,149
8243,126
8244,102
8245,112
8246,112
8247,115
8248,144
8249,131
8250,124
8251,110
8252,111
8253,91
8254,143
8255,99
8256,112
8257,108
8258,178
8259,104
8260,68
8261,133
8262,113
8263,108
8264,102
8265,130
8266,124
8267,117
8268,103
8269,144
8270,101
8271,122
8272,110
8273,117
8274,110
8275,95
8276,118
8277,96
8278,172
8279,129
8280,92
8281,102
8282,109
8283,133
8284,111
8285,60
8286,172
8287,132
8288,115
8289,124
8290,124
8291,131
8292,136
8293,106
8294,102
8295,150
8296,117
8297,58
8298,135
8299,63
8300,121
8301,100
8302,171
8303,107
8304,69
8305,154
8306,125
8307,80
8308,113
8309,136
8310,101
8311,89
8312,134
8313,169
8314,118
8315,156
8316,143
8317,149
8318,122
8319,109
8320,91
8321,76
8322,136
8323,144
8324,93
8325,154
8326,91
8327,111
8328,98
8329,124
8330,135
8331,103
8332,93
8333,126
8334,169
8335,88
8336,126
8337,169
8338,105
8339,132
8340,184
8341,110
8342,125
8343,119
8344,119
8345,157
8346,84
8347,95
8348,159
8349,101
8350,106
8351,107
8352,166
8353,130
8354,127
8355,106
8356,122
8357,101
8358,86
8359,103
8360,93
8361,97
8362,155
8363,129
8364,131
8365,130
8366,111
8367,89
8368,119
8369,115
8370,186
8371,165
8372,85
8373,121
8374,95
8375,124
8376,117
8377,51
8378,127
8379,120
8380,128
8381,108
8382,151
8383,84
8384,50
8385,81
8386,114
8387,100
8388,176
8389,123
8390,144
8391,111
8392,111
8393,59
8394,113
8395,113
8396,109
8397,139
8398,132
8399,144
8400,167
8401,131
8402,83
8403,162
8404,120
8405,119
8406,145
8407,165
8408,158
8409,110
8410,168
8411,96
8412,139
8413,107
8414,103
8415,128
8416,111
8417,106
8418,89
8419,119
8420,109
8421,36
8422,171
8423,144
8424,110
8425,108
8426,125
8427,47
8428,135
8429,143
8430,97
8431,124
8432,95
8433,93
8434,90
8435,110
8436,149
8437,104
8438,128
8439,131
8440,179
8441,150
8442,114
8443,100
8444,171
8445,82
8446,89
8447,121
8448,108
8449,169
8450,119
8451,95
8452,109
8453,90
8454,181
8455,111
8456,145
8457,123
8458,151
8459,119
8460,158
8461,98
8462,114
8463,163
8464,85
8465,162
8466,116
8467,105
8468,142
8469,154
8470,109
8471,131
8472,126
8473,104
8474,37
8475,106
8476,130
8477,137
8478,125
8479,95
8480,96
8481,113
8482,106
8483,162
8484,190
8485,121
8486,90
8487,126
8488,160
8489,124
8490,108
8491,140
8492,116
8493,106
8494,96
8495,127
8496,105
8497,126
8498,160
8499,123
8500,142
8501,153
8502,117
8503,116
8504,128
8505,136
8506,130
8507,143
8508,117
8509,110
8510,191
8511,107
8512,93
8513,98
8514,106
8515,100
8516,102
8517,102
8518,135
8519,178
8520,77
8521,95
8522,129
8523,96
8524,98
8525,117
8526,178
8527,103
8528,84
8529,149
8530,96
8531,91
8532,96
8533,71
8534,90
8535,135
8536,130
8537,153
8538,104
8539,131
8540,114
8541,149
8542,131
8543,138
8544,122
8545,107
8546,145
8547,129
8548,124
8549,104
8550,126
8551,143
8552,44
8553,129
8554,95
8555,142
8556,92
8557,150
8558,125
8559,102
8560,126
8561,112
8562,100
8563,122
8564,155
8565,171
8566,156
8567,102
8568,105
8569,176
8570,160
8571,64
8572,161
8573,86
8574,124
8575,138
8576,89
8577,138
8578,128
8579,181
8580,101
8581,106
8582,108
8583,110
8584,118
8585,133
8586,116
8587,145
8588,81
8589,125
8590,145
8591,144
8592,146
8593,131
8594,96
8595,111
8596,117
8597,123
8598,120
8599,148
8600,103
8601,97
8602,133
8603,132
8604,106
8605,119
8606,98
8607,123
8608,162
8609,156
8610,98
8611,92
8612,178
8613,145
8614,131
8615,129
8616,104
8617,93
8618,125
8619,101
8620,111
8621,140
8622,144
8623,130
8624,117
8625,112
8626,162
8627,78
8628,134
8629,153
8630,68
8631,90
8632,150
8633,102
8634,130
8635,133
8636,78
8637,79
8638,112
8639,164
8640,127
8641,173
8642,128
8643,145
8644,92
8645,82
8646,136
8647,156
8648,107
8649,120
8650,146
8651,114
8652,127
8653,90
8654,95
8655,76
8656,108
8657,97
8658,133
8659,104
8660,45
8661,98
8662,114
8663,113
8664,94
8665,151
8666,84
8667,125
8668,125
8669,182
8670,113
8671,103
8672,147
8673,132
8674,99
8675,153
8676,110
8677,102
8678,116
8679,136
8680,122
8681,137
8682,154
8683,92
8684,71
8685,134
8686,111
8687,85
8688,105
8689,96
8690,86
8691,167
8692,141
8693,123
8694,149
8695,101
8696,169
8697,134
8698,131
8699,162
8700,118
8701,127
8702,118
8703,134
8704,49
8705,102
8706,115
8707,107
8708,128
8709,138
8710,184
8711,139
8712,132
8713,127
8714,135
8715,112
8716,86
8717,106
8718,96
8719,131
8720,111
8721,123
8722,129
8723,85
8724,108
8725,105
8726,110
8727,100
8728,97
8729,126
8730,125
8731,95
8732,149
8733,117
8734,116
8735,128
8736,122
8737,77
8738,117
8739,86
8740,125
8741,93
8742,105
8743,106
8744,155
8745,128
8746,103
8747,105
8748,120
8749,177
8750,152
8751,119
8752,102
8753,122
8754,120
8755,139
8756,132
8757,122
8758,111
8759,128
8760,100
8761,141
8762,60
8763,76
8764,133
8765,101
8766,91
8767,153
8768,149
8769,117
8770,158
8771,77
8772,137
8773,94
8774,130
8775,117
8776,121
8777,97
8778,125
8779,160
8780,93
8781,141
8782,108
8783,103
8784,100
8785,133
8786,98
8787,130
8788,110
8789,148
8790,143
8791,111
8792,142
8793,126
8794,86
8795,145
8796,101
8797,150
8798,152
8799,83
8800,123
8801,113
8802,147
8803,102
8804,132
8805,162
8806,151
8807,141
8808,109
8809,142
8810,123
8811,37
8812,110
8813,144
8814,82
8815,106
8816,150
8817,82
8818,89
8819,159
8820,167
8821,121
8822,99
8823,139
8824,118
8825,115
8826,136
8827,98
8828,169
8829,105
8830,132
8831,164
8832,113
8833,173
8834,86
8835,163
8836,105
8837,116
8838,117
8839,104
8840,105
8841,111
8842,126
8843,124
8844,128
8845,98
8846,110
8847,113
8848,98
8849,96
8850,97
8851,114
8852,143
8853,81
8854,85
8855,102
8856,87
8857,115
8858,132
8859,128
8860,130
8861,158
8862,147
8863,144
8864,120
8865,141
8866,139
8867,109
8868,91
8869,103
8870,112
8871,151
8872,117
8873,108
8874,121
8875,128
8876,76
8877,111
8878,116
8879,122
8880,99
8881,74
8882,131
8883,136
8884,94
8885,148
8886,137
8887,149
8888,114
8889,99
8890,106
8891,152
8892,134
8893,88
8894,145
8895,127
8896,147
8897,118
8898,128
8899,151
8900,123
8901,130
8902,133
8903,83
8904,114
8905,132
8906,67
8907,115
8908,115
8909,179
8910,124
8911,46
8912,169
8913,118
8914,127
8915,163
8916,96
8917,128
8918,109
8919,158
8920,120
8921,131
8922,100
8923,144
8924,101
8925,98
8926,138
8927,100
8928,118
8929,134
8930,80
8931,112
8932,113
8933,115
8934,84
8935,77
8936,100
8937,113
8938,138
8939,129
8940,124
8941,114
8942,102
8943,110
8944,129
8945,102
8946,153
8947,119
8948,124
8949,143
8950,107
8951,124
8952,94
8953,93
8954,106
8955,108
8956,141
8957,102
8958,126
8959,178
8960,105
8961,92
8962,160
8963,102
8964,110
8965,112
8966,131
8967,96
8968,114
8969,151
8970,126
8971,108
8972,126
8973,139
8974,135
8975,91
8976,123
8977,73
8978,133
8979,102
8980,113
8981,103
8982,143
8983,110
8984,104
8985,99
8986,98
8987,116
8988,115
8989,110
8990,140
8991,77
8992,101
8993,97
8994,137
8995,98
8996,111
8997,129
8998,105
8999,162
9000,65
9001,125
9002,88
9003,98
9004,142
9005,98
9006,86
9007,144
9008,134
9009,126
9010,161
9011,190
9012,132
9013,114
9014,126
9015,116
9016,111
9017,130
9018,115
9019,115
9020,116
9021,110
9022,120
9023,101
9024,141
9025,101
9026,146
9027,97
9028,107
9029,120
9030,133
9031,144
9032,137
9033,93
9034,108
9035,122
9036,109
9037,104
9038,133
9039,88
9040,143
9041,87
9042,59
9043,115
9044,152
9045,103
9046,161
9047,53
9048,104
9049,134
9050,130
9051,64
9052,155
9053,122
9054,112
9055,100
9056,122
9057,174
9058,91
9059,163
9060,114
9061,113
9062,130
9063,98
9064,141
9065,131
9066,108
9067,132
9068,122
9069,113
9070,101
9071,119
9072,122
9073,111
9074,90
9075,102
9076,129
9077,154
9078,158
9079,134
9080,85
9081,85
9082,105
9083,81
9084,142
9085,146
9086,107
9087,72
9088,114
9089,157
9090,130
9091,125
9092,132
9093,143
9094,147
9095,112
9096,141
9097,70
9098,104
9099,89
9100,145
9101,117
9102,163
9103,156
9104,132
9105,114
9106,101
9107,90
9108,159
9109,138
9110,164
9111,119
9112,134
9113,111
9114,134
9115,111
9116,122
9117,100
9118,96
9119,88
9120,124
9121,119
9122,119
9123,157
9124,109
9125,187
9126,95
9127,114
9128,142
9129,106
9130,89
9131,157
9132,50
9133,116
9134,117
9135,157
9136,108
9137,141
9138,130
9139,51
9140,112
9141,106
9142,146
9143,130
9144,102
9145,171
9146,68
9147,103
9148,86
9149,131
9150,114
9151,113
9152,108
9153,142
9154,101
9155,140
9156,130
9157,100
9158,111
9159,113
9160,69
9161,85
9162,127
9163,95
9164,107
9165,180
9166,98
9167,89
9168,109
9169,98
9170,51
9171,88
9172,87
9173,96
9174,154
9175,120
9176,167
9177,112
9178,130
9179,105
9180,98
9181,125
9182,91
9183,101
9184,119
9185,100
9186,93
9187,114
9188,140
9189,111
9190,99
9191,47
9192,124
9193,160
9194,95
9195,178
9196,92
9197,34
9198,116
9199,133
9200,88
9201,144
9202,122
9203,107
9204,123
9205,116
9206,112
9207,128
9208,89
9209,97
9210,136
9211,114
9212,125
9213,94
9214,156
9215,143
9216,122
9217,134
9218,112
9219,85
9220,105
9221,86
9222,116
9223,122
9224,102
9225,113
9226,140
9227,93
9228,159
9229,148
9230,108
9231,85
9232,104
9233,127
9234,149
9235,149
9236,135
9237,105
9238,110
9239,122
9240,125
9241,94
9242,95
9243,95
9244,183
9245,85
9246,190
9247,132
9248,98
9249,102
9250,130
9251,170
9252,117
9253,90
9254,109
9255,124
9256,26
9257,178
9258,85
9259,111
9260,129
9261,105
9262,113
9263,115
9264,99
9265,110
9266,114
9267,135
9268,100
9269,127
9270,114
9271,96
9272,105
9273,121
9274,89
9275,104
9276,132
9277,129
9278,124
9279,110
9280,75
9281,105
9282,58
9283,54
9284,119
9285,171
9286,128
9287,98
9288,85
9289,164
9290,113
9291,124
9292,109
9293,95
9294,88
9295,128
9296,133
9297,133
9298,108
9299,119
9300,71
9301,96
9302,138
9303,141
9304,111
9305,123
9306,142
9307,120
9308,122
9309,170
9310,83
9311,128
9312,47
9313,113
9314,130
9315,156
9316,92
9317,120
9318,145
9319,92
9320,107
9321,120
9322,157
9323,120
9324,124
9325,70
9326,77
9327,97
9328,105
9329,160
9330,159
9331,101
9332,111
9333,71
9334,106
9335,95
9336,107
9337,88
9338,101
9339,97
9340,157
9341,94
9342,105
9343,113
9344,160
9345,104
9346,138
9347,109
9348,109
9349,142
9350,123
9351,114
9352,108
9353,113
9354,115
9355,108
9356,126
9357,173
9358,123
9359,101
9360,166
9361,132
9362,113
9363,106
9364,113
9365,150
9366,148
9367,104
9368,117
9369,161
9370,101
9371,94
9372,126
9373,89
9374,138
9375,123
9376,98
9377,112
9378,89
9379,147
9380,129
9381,88
9382,174
9383,120
9384,175
9385,116
9386,138
9387,99
9388,148
9389,125
9390,108
9391,106
9392,143
9393,77
9394,84
9395,138
9396,104
9397,88
9398,55
9399,167
9400,35
9401,75
9402,67
9403,160
9404,83
9405,115
9406,106
9407,94
9408,91
9409,155
9410,116
9411,124
9412,101
9413,163
9414,142
9415,97
9416,99
9417,88
9418,121
9419,91
9420,100
9421,104
9422,148
9423,68
9424,87
9425,153
9426,67
9427,130
9428,134
9429,109
9430,95
9431,121
9432,83
9433,149
9434,100
9435,147
9436,94
9437,150
9438,112
9439,102
9440,163
9441,94
9442,67
9443,96
9444,108
9445,117
9446,82
9447,109
9448,132
9449,135
9450,77
9451,135
9452,99
9453,125
9454,134
9455,139
9456,140
9457,130
9458,104
9459,135
9460,116
9461,115
9462,98
9463,138
9464,100
9465,130
9466,140
9467,146
9468,147
9469,92
9470,111
9471,32
9472,155
9473,115
9474,171
9475,86
9476,133
9477,138
9478,124
9479,157
9480,107
9481,116
9482,106
9483,133
9484,134
9485,138
9486,115
9487,99
9488,104
9489,164
9490,105
9491,107
9492,113
9493,102
9494,95
9495,126
9496,156
9497,84
9498,116
9499,119
9500,141
9501,103
9502,102
9503,111
9504,84
9505,119
9506,120
9507,112
9508,107
9509,166
9510,94
9511,122
9512,133
9513,81
9514,125
9515,103
9516,109
9517,99
9518,102
9519,98
9520,156
9521,114
9522,117
9523,86
9524,102
9525,118
9526,167
9527,136
9528,130
9529,113
9530,113
9531,115
9532,112
9533,73
9534,118
9535,135
9536,43
9537,118
9538,121
9539,107
9540,136
9541,98
9542,123
9543,109
9544,112
9545,115
9546,115
9547,113
9548,130
9549,120
9550,127
9551,78
9552,113
9553,100
9554,110
9555,116
9556,67
9557,148
9558,96
9559,118
9560,128
9561,175
9562,138
9563,135
9564,134
9565,68
9566,147
9567,148
9568,130
9569,108
9570,81
9571,132
9572,142
9573,124
9574,121
9575,118
9576,114
9577,118
9578,116
9579,102
9580,108
9581,114
9582,85
9583,112
9584,146
9585,118
9586,138
9587,163
9588,140
9589,83
9590,152
9591,101
9592,87
9593,87
9594,104
9595,161
9596,131
9597,154
9598,126
9599,142
9600,136
9601,81
9602,87
9603,98
9604,129
9605,135
9606,107
9607,145
9608,133
9609,96
9610,139
9611,134
9612,163
9613,122
9614,81
9615,125
9616,76
9617,115
9618,115
9619,105
9620,116
9621,97
9622,81
9623,96
9624,136
9625,111
9626,123
9627,70
9628,137
9629,143
9630,131
9631,96
9632,121
9633,106
9634,129
9635,95
9636,113
9637,95
9638,146
9639,99
9640,63
9641,104
9642,110
9643,104
9644,119
9645,102
9646,146
9647,124
9648,150
9649,111
9650,119
9651,101
9652,101
9653,100
9654,158
9655,109
9656,152
9657,92
9658,94
9659,111
9660,105
9661,151
9662,103
9663,119
9664,95
9665,142
9666,119
9667,86
9668,196
9669,95
9670,139
9671,115
9672,167
9673,147
9674,124
9675,138
9676,101
9677,106
9678,124
9679,97
9680,111
9681,148
9682,128
9683,110
9684,123
9685,136
9686,100
9687,96
9688,126
9689,104
9690,98
9691,148
9692,128
9693,105
9694,93
9695,100
9696,155
9697,99
9698,157
9699,113
9700,155
9701,153
9702,138
9703,119
9704,124
9705,136
9706,97
9707,78
9708,106
9709,94
9710,151
9711,144
9712,102
9713,129
9714,144
9715,130
9716,159
9717,72
9718,115
9719,115
9720,108
9721,92
9722,182
9723,130
9724,87
9725,101
9726,139
9727,29
9728,101
9729,125
9730,107
9731,195
9732,104
9733,164
9734,127
9735,155
9736,127
9737,146
9738,94
9739,115
9740,101
9741,113
9742,116
9743,127
9744,116
9745,104
9746,133
9747,162
9748,109
9749,103
9750,96
9751,157
9752,169
9753,91
9754,115
9755,115
9756,109
9757,117
9758,102
9759,148
9760,110
9761,101
9762,117
9763,86
9764,93
9765,107
9766,30
9767,123
9768,155
9769,118
9770,115
9771,183
9772,84
9773,94
9774,118
9775,52
9776,103
9777,115
9778,140
9779,102
9780,128
9781,71
9782,118
9783,160
9784,146
9785,105
9786,102
9787,174
9788,126
9789,135
9790,117
9791,106
9792,91
9793,109
9794,114
9795,145
9796,116
9797,159
9798,87
9799,123
9800,119
9801,165
9802,122
9803,127
9804,180
9805,175
9806,196
9807,126
9808,158
9809,164
9810,95
9811,146
9812,100
9813,68
9814,104
9815,122
9816,93
9817,97
9818,124
9819,101
9820,146
9821,81
9822,118
9823,98
9824,86
9825,80
9826,153
9827,129
9828,87
9829,143
9830,172
9831,137
9832,146
9833,120
9834,118
9835,107
9836,80
9837,121
9838,112
9839,66
9840,141
9841,162
9842,102
9843,179
9844,108
9845,102
9846,125
9847,153
9848,118
9849,117
9850,104
9851,63
9852,97
9853,115
9854,71
9855,124
9856,104
9857,138
9858,157
9859,89
9860,134
9861,141
9862,118
9863,136
9864,90
9865,83
9866,130
9867,112
9868,103
9869,123
9870,129
9871,130
9872,145
9873,122
9874,106
9875,80
9876,123
9877,109
9878,95
9879,124
9880,132
9881,46
9882,157
9883,96
9884,99
9885,112
9886,126
9887,116
9888,105
9889,112
9890,152
9891,106
9892,94
9893,77
9894,94
9895,109
9896,165
9897,117
9898,105
9899,93
9900,112
9901,86
9902,99
9903,113
9904,137
9905,117
9906,82
9907,146
9908,105
9909,162
9910,95
9911,144
9912,110
9913,146
9914,152
9915,105
9916,154
9917,120
9918,155
9919,176
9920,110
9921,134
9922,102
9923,123
9924,144
9925,102
9926,124
9927,140
9928,120
9929,87
9930,130
9931,120
9932,111
9933,117
9934,113
9935,87
9936,120
9937,139
9938,97
9939,75
9940,102
9941,130
9942,99
9943,154
9944,83
9945,85
9946,132
9947,113
9948,140
9949,131
9950,115
9951,117
9952,115
9953,114
9954,96
9955,108
9956,126
9957,136
9958,97
9959,95
9960,106
9961,94
9962,119
9963,113
9964,97
9965,141
9966,71
9967,112
9968,129
9969,156
9970,146
9971,171
9972,103
9973,127
9974,111
9975,104
9976,91
9977,108
9978,107
9979,103
9980,105
9981,147
9982,104
9983,146
9984,115
9985,160
9986,159
9987,118
9988,125
9989,107
9990,162
9991,81
9992,127
9993,114
9994,112
9995,156
9996,106
9997,138
9998,125
9999,121
10000,128
10001,120
10002,91
10003,105
10004,92
10005,102
10006,102
10007,146
10008,170
10009,95
10010,106
10011,156
10012,149
10013,126
10014,112
10015,113
10016,131
10017,145
10018,137
10019,107
10020,123
10021,87
10022,112
10023,132
10024,101
10025,142
10026,130
10027,119
10028,121
10029,142
10030,120
10031,123
10032,110
10033,108
10034,99
10035,107
10036,102
10037,92
10038,89
10039,73
10040,80
10041,107
10042,106
10043,145
10044,100
10045,105
10046,111
10047,134
10048,166
10049,101
10050,140
10051,104
10052,43
10053,102
10054,106
10055,87
10056,146
10057,117
10058,149
10059,130
10060,146
10061,97
10062,144
10063,130
10064,81
10065,89
10066,117
10067,119
10068,117
10069,79
10070,109
10071,152
10072,74
10073,130
10074,75
10075,110
10076,113
10077,111
10078,126
10079,85
10080,110
10081,123
10082,121
10083,113
10084,126
10085,83
10086,151
10087,177
10088,103
10089,130
10090,136
10091,121
10092,99
10093,79
10094,137
10095,82
10096,91
10097,146
10098,129
10099,119
10100,130
10101,109
10102,142
10103,103
10104,127
10105,111
10106,151
10107,133
10108,108
10109,67
10110,164
10111,187
10112,128
10113,109
10114,148
10115,115
10116,50
10117,110
10118,95
10119,110
10120,178
10121,117
10122,111
10123,122
10124,109
10125,109
10126,106
10127,54
10128,133
10129,88
10130,103
10131,108
10132,124
10133,162
10134,143
10135,112
10136,155
10137,91
10138,90
10139,135
10140,188
10141,119
10142,160
10143,117
10144,91
10145,143
10146,189
10147,110
10148,106
10149,120
10150,133
10151,106
10152,123
10153,136
10154,49
10155,124
10156,145
10157,133
10158,100
10159,97
10160,96
10161,102
10162,133
10163,100
10164,104
10165,94
10166,93
10167,81
10168,143
10169,159
10170,118
10171,105
10172,111
10173,103
10174,132
10175,114
10176,130
10177,111
10178,108
10179,115
10180,99
10181,169
10182,77
10183,94
10184,130
10185,119
10186,113
10187,114
10188,107
10189,96
10190,149
10191,113
10192,139
10193,98
10194,96
10195,106
10196,114
10197,88
10198,111
10199,104
10200,153
10201,106
10202,138
10203,91
10204,158
10205,102
10206,107
10207,112
10208,97
10209,126
10210,120
10211,146
10212,95
10213,84
10214,141
10215,111
10216,110
10217,119
10218,140
10219,125
10220,135
10221,108
10222,58
10223,122
10224,146
10225,146
10226,147
10227,80
10228,169
10229,74
10230,62
10231,157
10232,84
10233,120
10234,93
10235,53
10236,154
10237,101
10238,111
10239,146
10240,124
10241,152
10242,101
10243,109
10244,97
10245,120
10246,183
10247,33
10248,130
10249,190
10250,93
10251,108
10252,101
10253,100
10254,68
10255,82
10256,177
10257,99
10258,133
10259,88
10260,90
10261,98
10262,137
10263,124
10264,123
10265,120
10266,143
10267,89
10268,84
10269,88
10270,137
10271,125
10272,106
10273,102
10274,120
10275,117
10276,73
10277,153
10278,117
10279,126
10280,142
10281,107
10282,126
10283,151
10284,113
10285,111
10286,147
10287,75
10288,194
10289,101
10290,133
10291,116
10292,146
10293,129
10294,128
10295,126
10296,126
10297,176
10298,113
10299,121
10300,84
10301,113
10302,97
10303,111
10304,111
10305,134
10306,104
10307,97
10308,92
10309,166
10310,83
10311,120
10312,106
10313,115
10314,144
10315,166
10316,149
10317,165
10318,161
10319,106
10320,128
10321,132
10322,76
10323,119
10324,107
10325,134
10326,123
10327,97
10328,96
10329,97
10330,102
10331,105
10332,128
10333,151
10334,95
10335,189
10336,133
10337,132
10338,108
10339,145
10340,123
10341,155
10342,118
10343,93
10344,138
10345,103
10346,132
10347,97
10348,107
10349,125
10350,99
10351,97
10352,95
10353,147
10354,107
10355,105
10356,92
10357,112
10358,122
10359,104
10360,93
10361,98
10362,114
10363,112
10364,146
10365,113
10366,78
10367,85
10368,107
10369,28
10370,108
10371,84
10372,144
10373,120
10374,147
10375,99
10376,166
10377,105
10378,111
10379,103
10380,129
10381,99
10382,107
10383,82
10384,121
10385,87
10386,157
10387,133
10388,124
10389,89
10390,111
10391,54
10392,125
10393,115
10394,132
10395,107
10396,72
10397,143
10398,120
10399,109
10400,95
10401,129
10402,190
10403,82
10404,159
10405,119
10406,133
10407,151
10408,88
10409,111
10410,110
10411,101
10412,109
10413,112
10414,119
10415,107
10416,132
10417,105
10418,109
10419,124
10420,133
10421,104
10422,160
10423,108
10424,142
10425,107
10426,94
10427,110
10428,133
10429,108
10430,133
10431,109
10432,126
10433,139
10434,136
10435,108
10436,141
10437,114
10438,134
10439,144
10440,112
10441,97
10442,132
10443,158
10444,123
10445,108
10446,120
10447,109
10448,104
10449,122
10450,76
10451,132
10452,106
10453,114
10454,129
10455,151
10456,80
10457,172
10458,95
10459,74
10460,122
10461,83
10462,136
10463,90
10464,100
10465,128
10466,142
10467,116
10468,109
10469,129
10470,118
10471,109
10472,90
10473,140
10474,123
10475,128
10476,102
10477,115
10478,126
10479,126
10480,143
10481,124
10482,109
10483,97
10484,102
10485,114
10486,64
10487,133
10488,132
10489,101
10490,101
10491,103
10492,136
10493,118
10494,129
10495,136
10496,99
10497,93
10498,125
10499,99
10500,153
10501,94
10502,165
10503,168
10504,157
10505,97
10506,93
10507,113
10508,118
10509,195
10510,129
10511,86
10512,92
10513,120
10514,127
10515,119
10516,119
10517,102
10518,107
10519,106
10520,137
10521,129
10522,125
10523,129
10524,109
10525,136
10526,116
10527,162
10528,108
10529,130
10530,140
10531,128
10532,165
10533,99
10534,151
10535,144
10536,110
10537,164
10538,107
10539,110
10540,88
10541,160
10542,78
10543,99
10544,103
10545,84
10546,135
10547,110
10548,129
10549,117
10550,108
10551,101
10552,110
10553,94
10554,109
10555,93
10556,119
10557,30
10558,152
10559,121
10560,124
10561,167
10562,105
10563,92
10564,41
10565,143
10566,110
10567,106
10568,74
10569,98
10570,168
10571,110
10572,101
10573,128
10574,122
10575,104
10576,133
10577,124
10578,109
10579,157
10580,154
10581,106
10582,117
10583,111
10584,111
10585,96
10586,153
10587,98
10588,98
10589,167
10590,126
10591,159
10592,139
10593,102
10594,124
10595,99
10596,114
10597,106
10598,103
10599,112
10600,119
10601,114
10602,112
10603,118
10604,140
10605,88
10606,133
10607,116
10608,119
10609,125
10610,188
10611,114
10612,118
10613,146
10614,154
10615,119
10616,109
10617,82
10618,93
10619,134
10620,105
10621,121
10622,79
10623,141
10624,141
10625,84
10626,127
10627,120
10628,157
10629,70
10630,121
10631,125
10632,110
10633,133
10634,94
10635,120
10636,89
10637,120
10638,150
10639,98
10640,121
10641,91
10642,149
10643,121
10644,105
10645,109
10646,126
10647,104
10648,120
10649,101
10650,61
10651,83
10652,115
10653,99
10654,92
10655,96
10656,119
10657,103
10658,139
10659,145
10660,110
10661,90
10662,180
10663,119
10664,116
10665,153
10666,141
10667,103
10668,134
10669,116
10670,134
10671,116
10672,165
10673,131
10674,103
10675,99
10676,113
10677,121
10678,92
10679,144
10680,122
10681,58
10682,107
10683,118
10684,63
10685,104
10686,128
10687,158
10688,169
10689,103
10690,116
10691,167
10692,119
10693,105
10694,126
10695,144
10696,109
10697,164
10698,130
10699,130
10700,103
10701,101
10702,89
10703,125
10704,154
10705,56
10706,108
10707,109
10708,108
10709,117
10710,137
10711,105
10712,101
10713,104
10714,110
10715,76
10716,98
10717,64
10718,98
10719,120
10720,114
10721,109
10722,107
10723,112
10724,139
10725,93
10726,96
10727,182
10728,117
10729,113
10730,115
10731,120
10732,105
10733,116
10734,114
10735,117
10736,77
10737,141
10738,90
10739,138
10740,142
10741,107
10742,87
10743,168
10744,157
10745,82
10746,100
10747,107
10748,114
10749,104
10750,94
10751,187
10752,105
10753,122
10754,124
10755,100
10756,149
10757,146
10758,101
10759,112
10760,165
10761,117
10762,146
10763,127
10764,94
10765,120
10766,103
10767,97
10768,136
10769,119
10770,125
10771,106
10772,169
10773,115
10774,111
10775,101
10776,86
10777,101
10778,105
10779,106
10780,97
10781,145
10782,109
10783,89
10784,118
10785,89
10786,120
10787,134
10788,159
10789,105
10790,77
10791,109
10792,178
10793,105
10794,126
10795,98
10796,132
10797,99
10798,139
10799,134
10800,141
10801,112
10802,125
10803,116
10804,113
10805,100
10806,130
10807,127
10808,148
10809,112
10810,107
10811,30
10812,138
10813,119
10814,108
10815,126
10816,90
10817,78
10818,108
10819,79
10820,114
10821,116
10822,122
10823,139
10824,100
10825,106
10826,113
10827,86
10828,101
10829,164
10830,124
10831,92
10832,100
10833,131
10834,139
10835,41
10836,113
10837,112
10838,105
10839,109
10840,141
10841,96
10842,114
10843,89
10844,140
10845,122
10846,130
10847,160
10848,81
10849,142
10850,104
10851,119
10852,98
10853,102
10854,94
10855,99
10856,130
10857,89
10858,119
10859,130
10860,104
10861,88
10862,115
10863,140
10864,116
10865,116
10866,125
10867,86
10868,137
10869,135
10870,129
10871,86
10872,132
10873,102
10874,97
10875,116
10876,127
10877,92
10878,96
10879,56
10880,107
10881,106
10882,112
10883,134
10884,112
10885,179
10886,93
10887,118
10888,119
10889,109
10890,123
10891,89
10892,120
10893,123
10894,85
10895,118
10896,115
10897,123
10898,132
10899,106
10900,152
10901,115
10902,137
10903,80
10904,89
10905,70
10906,141
10907,176
10908,106
10909,117
10910,112
10911,140
10912,133
10913,123
10914,80
10915,154
10916,126
10917,139
10918,112
10919,140
10920,153
10921,158
10922,122
10923,111
10924,74
10925,123
10926,112
10927,97
10928,149
10929,125
10930,111
10931,113
10932,75
10933,148
10934,77
10935,84
10936,134
10937,110
10938,156
10939,107
10940,111
10941,98
10942,98
10943,134
10944,186
10945,99
10946,94
10947,75
10948,133
10949,84
10950,153
10951,129
10952,110
10953,166
10954,157
10955,99
10956,112
10957,109
10958,137
10959,115
10960,143
10961,126
10962,105
10963,100
10964,121
10965,68
10966,106
10967,99
10968,87
10969,148
10970,118
10971,100
10972,105
10973,115
10974,131
10975,135
10976,93
10977,110
10978,136
10979,149
10980,114
10981,108
10982,135
10983,121
10984,98
10985,147
10986,81
10987,118
10988,156
10989,76
10990,110
10991,121
10992,140
10993,122
10994,118
10995,80
10996,97
10997,155
10998,120
10999,94
11000,126
11001,122
11002,121
11003,92
11004,120
11005,101
11006,118
11007,120
11008,94
11009,126
11010,124
11011,114
11012,147
11013,139
11014,157
11015,125
11016,156
11017,112
11018,120
11019,94
11020,103
11021,133
11022,156
11023,86
11024,113
11025,118
11026,81
11027,91
11028,119
11029,95
11030,171
11031,168
11032,140
11033,105
11034,114
11035,85
11036,122
11037,127
11038,102
11039,132
11040,133
11041,96
11042,96
11043,154
11044,93
11045,92
11046,69
11047,107
11048,127
11049,105
11050,131
11051,106
11052,124
11053,130
11054,129
11055,149
11056,142
11057,98
11058,125
11059,135
11060,62
11061,107
11062,97
11063,162
11064,60
11065,150
11066,128
11067,106
11068,152
11069,135
11070,113
11071,114
11072,83
11073,171
11074,39
11075,90
11076,161
11077,101
11078,103
11079,128
11080,124
11081,60
11082,148
11083,136
11084,109
11085,146
11086,122
11087,100
11088,121
11089,106
11090,103
11091,102
11092,110
11093,129
11094,111
11095,124
11096,88
11097,100
11098,113
11099,133
11100,91
11101,97
11102,67
11103,118
11104,133
11105,98
11106,105
11107,155
11108,141
11109,133
11110,126
11111,82
11112,115
11113,95
11114,140
11115,132
11116,103
11117,143
11118,83
11119,129
11120,120
11121,134
11122,162
11123,120
11124,117
11125,91
11126,124
11127,95
11128,144
11129,116
11130,103
11131,116
11132,145
11133,101
11134,133
11135,103
11136,82
11137,117
11138,102
11139,93
11140,131
11141,116
11142,124
11143,114
11144,106
11145,93
11146,132
11147,113
11148,155
11149,104
11150,146
11151,84
11152,96
11153,88
11154,154
11155,119
11156,148
11157,158
11158,102
11159,104
11160,113
11161,96
11162,116
11163,123
11164,164
11165,143
11166,116
11167,112
11168,124
11169,146
11170,115
11171,133
11172,113
11173,99
11174,156
11175,127
11176,128
11177,108
11178,103
11179,131
11180,143
11181,131
11182,107
11183,121
11184,125
11185,85
11186,134
11187,119
11188,140
11189,144
11190,134
11191,175
11192,114
11193,132
11194,108
11195,127
11196,66
11197,80
11198,104
11199,107
11200,103
11201,105
11202,108
11203,106
11204,141
11205,107
11206,130
11207,100
11208,162
11209,167
11210,118
11211,98
11212,120
11213,149
11214,165
11215,133
11216,155
11217,136
11218,103
11219,130
11220,78
11221,134
11222,111
11223,156
11224,115
11225,104
11226,164
11227,103
11228,123
11229,115
11230,110
11231,124
11232,125
11233,164
11234,32
11235,116
11236,109
11237,71
11238,93
11239,182
11240,81
11241,149
11242,123
11243,102
11244,143
11245,102
11246,108
11247,140
11248,115
11249,103
11250,122
11251,79
11252,116
11253,110
11254,114
11255,109
11256,110
11257,154
11258,128
11259,130
11260,82
11261,158
11262,93
11263,171
11264,110
11265,92
11266,98
11267,95
11268,163
11269,104
11270,131
11271,110
11272,186
11273,93
11274,149
11275,122
11276,112
11277,121
11278,122
11279,140
11280,137
11281,100
11282,106
11283,147
11284,130
11285,190
11286,29
11287,170
11288,90
11289,87
11290,93
11291,158
11292,107
11293,137
11294,101
11295,116
11296,95
11297,127
11298,95
11299,130
11300,83
11301,114
11302,85
11303,106
11304,118
11305,131
11306,99
11307,81
11308,159
11309,90
11310,91
11311,101
11312,117
11313,127
11314,132
11315,66
11316,111
11317,170
11318,106
11319,124
11320,108
11321,109
11322,94
11323,94
11324,109
11325,164
11326,160
11327,165
11328,147
11329,96
11330,153
11331,115
11332,123
11333,94
11334,93
11335,143
11336,74
11337,68
11338,126
11339,126
11340,160
11341,125
11342,127
11343,43
11344,115
11345,119
11346,111
11347,116
11348,69
11349,90
11350,154
11351,171
11352,84
11353,140
11354,108
11355,87
11356,135
11357,91
11358,93
11359,136
11360,152
11361,103
11362,151
11363,130
11364,133
11365,91
11366,101
11367,132
11368,87
11369,137
11370,125
11371,108
11372,135
11373,113
11374,102
11375,109
11376,118
11377,106
11378,117
11379,125
11380,115
11381,66
11382,171
11383,140
11384,137
11385,127
11386,98
11387,73
11388,120
11389,117
11390,128
11391,88
11392,148
11393,124
11394,122
11395,120
11396,100
11397,126
11398,113
11399,92
11400,90
11401,123
11402,124
11403,109
11404,95
11405,80
11406,86
11407,124
11408,184
11409,101
11410,116
11411,128
11412,131
11413,146
11414,116
11415,153
11416,43
11417,103
11418,49
11419,98
11420,109
11421,175
11422,104
11423,106
11424,122
11425,116
11426,151
11427,129
11428,156
11429,92
11430,110
11431,113
11432,109
11433,93
11434,113
11435,86
11436,119
11437,93
11438,147
11439,101
11440,103
11441,129
11442,141
11443,142
11444,102
11445,184
11446,150
11447,90
11448,133
11449,124
11450,108
11451,113
11452,120
11453,126
11454,129
11455,130
11456,100
11457,125
11458,117
11459,105
11460,119
11461,106
11462,93
11463,113
11464,96
11465,115
11466,150
11467,76
11468,138
11469,91
11470,94
11471,99
11472,135
11473,133
11474,98
11475,72
11476,139
11477,118
11478,118
11479,83
11480,126
11481,36
11482,102
11483,104
11484,121
11485,106
11486,134
11487,95
11488,124
11489,117
11490,94
11491,93
11492,91
11493,155
11494,76
11495,138
11496,69
11497,90
11498,118
11499,115
11500,110
11501,113
11502,172
11503,115
11504,110
11505,156
11506,123
11507,154
11508,105
11509,70
11510,155
11511,134
11512,104
11513,70
11514,105
11515,125
11516,115
11517,82
11518,90
11519,144
11520,90
11521,138
11522,124
11523,105
11524,136
11525,118
11526,104
11527,176
11528,91
11529,144
11530,147
11531,120
11532,100
11533,110
11534,109
11535,102
11536,100
11537,86
11538,100
11539,154
11540,112
11541,110
11542,132
11543,120
11544,144
11545,179
11546,102
11547,124
11548,88
11549,118
11550,108
11551,131
11552,98
11553,86
11554,152
11555,150
11556,94
11557,103
11558,92
11559,77
11560,125
11561,114
11562,153
11563,138
11564,155
11565,94
11566,108
11567,120
11568,93
11569,185
11570,87
11571,116
11572,104
11573,103
11574,110
11575,103
11576,146
11577,172
11578,112
11579,102
11580,124
11581,68
11582,72
11583,119
11584,106
11585,113
11586,96
11587,146
11588,170
11589,121
11590,98
11591,92
11592,118
11593,128
11594,131
11595,105
11596,111
11597,138
11598,126
11599,182
11600,44
11601,110
11602,97
11603,144
11604,83
11605,150
11606,103
11607,85
11608,128
11609,136
11610,118
11611,66
11612,92
11613,120
11614,106
11615,113
11616,101
11617,124
11618,149
11619,128
11620,27
11621,83
11622,142
11623,155
11624,117
11625,147
11626,82
11627,98
11628,155
11629,95
11630,103
11631,115
11632,127
11633,81
11634,100
11635,42
11636,114
11637,98
11638,68
11639,106
11640,101
11641,109
11642,147
11643,89
11644,167
11645,94
11646,67
11647,102
11648,107
11649,125
11650,88
11651,93
11652,142
11653,117
11654,113
11655,45
11656,128
11657,106
11658,34
11659,121
11660,115
11661,109
11662,144
11663,100
11664,134
11665,79
11666,101
11667,136
11668,42
11669,107
11670,132
11671,115
11672,109
11673,99
11674,129
11675,159
11676,61
11677,110
11678,157
11679,145
11680,118
11681,133
11682,114
11683,133
11684,108
11685,130
11686,104
11687,123
11688,104
11689,92
11690,99
11691,186
11692,190
11693,128
11694,106
11695,99
11696,110
11697,109
11698,139
11699,112
11700,104
11701,104
11702,73
11703,99
11704,102
11705,101
11706,163
11707,130
11708,95
11709,98
11710,78
11711,96
11712,107
11713,99
11714,101
11715,112
11716,129
11717,141
11718,127
11719,112
11720,90
11721,100
11722,87
11723,132
11724,56
11725,121
11726,133
11727,167
11728,132
11729,97
11730,84
11731,99
11732,138
11733,90
11734,116
11735,137
11736,124
11737,134
11738,84
11739,129
11740,114
11741,84
11742,122
11743,101
11744,31
11745,133
11746,128
11747,147
11748,126
11749,61
11750,114
11751,106
11752,125
11753,110
11754,127
11755,86
11756,126
11757,88
11758,113
11759,42
11760,105
11761,85
11762,90
11763,115
11764,78
11765,113
11766,108
11767,124
11768,101
11769,114
11770,153
11771,124
11772,112
11773,135
11774,116
11775,110
11776,94
11777,35
11778,109
11779,98
11780,107
11781,110
11782,134
11783,67
11784,107
11785,131
11786,154
11787,128
11788,140
11789,87
11790,95
11791,121
11792,125
11793,92
11794,107
11795,132
11796,106
11797,101
11798,121
11799,135
11800,99
11801,128
11802,114
11803,111
11804,123
11805,106
11806,143
11807,127
11808,108
11809,88
11810,170
11811,91
11812,89
11813,88
11814,137
11815,102
11816,118
11817,113
11818,127
11819,86
11820,69
11821,106
11822,83
11823,150
11824,93
11825,97
11826,97
11827,145
11828,98
11829,165
11830,68
11831,78
11832,135
11833,136
11834,26
11835,128
11836,176
11837,179
11838,122
11839,170
11840,138
11841,95
11842,110
11843,158
11844,101
11845,135
11846,109
11847,140
11848,124
11849,90
11850,119
11851,114
11852,129
11853,76
11854,183
11855,82
11856,112
11857,105
11858,119
11859,107
11860,121
11861,99
11862,117
11863,98
11864,117
11865,118
11866,52
11867,89
11868,184
11869,144
11870,103
11871,86
11872,70
11873,88
11874,123
11875,123
11876,157
11877,143
11878,106
11879,90
11880,108
11881,128
11882,135
11883,109
11884,105
11885,170
11886,114
11887,130
11888,72
11889,114
11890,99
11891,104
11892,80
11893,111
11894,118
11895,92
11896,101
11897,82
11898,80
11899,117
11900,143
11901,111
11902,77
11903,91
11904,120
11905,79
11906,83
11907,115
11908,120
11909,119
11910,158
11911,170
11912,106
11913,102
11914,83
11915,112
11916,133
11917,99
11918,97
11919,109
11920,165
11921,170
11922,41
11923,59
11924,88
11925,126
11926,105
11927,190
11928,116
11929,135
11930,113
11931,95
11932,94
11933,160
11934,99
11935,131
11936,94
11937,103
11938,100
11939,113
11940,115
11941,158
11942,120
11943,152
11944,115
11945,189
11946,101
11947,131
11948,127
11949,115
11950,129
11951,107
11952,136
11953,154
11954,64
11955,163
11956,139
11957,166
11958,147
11959,107
11960,98
11961,103
11962,125
11963,90
11964,93
11965,120
11966,139
11967,94
11968,62
11969,129
11970,131
11971,135
11972,117
11973,109
11974,102
11975,118
11976,88
11977,164
11978,97
11979,91
11980,120
11981,106
11982,122
11983,97
11984,94
11985,168
11986,149
11987,139
11988,134
11989,132
11990,112
11991,134
11992,139
11993,122
11994,111
11995,103
11996,119
11997,171
11998,92
11999,187
12000,128
12001,119
12002,177
12003,84
12004,110
12005,162
12006,89
12007,138
12008,87
12009,157
12010,115
12011,106
12012,149
12013,103
12014,159
12015,157
12016,142
12017,102
12018,98
12019,109
12020,96
12021,116
12022,97
12023,110
12024,131
12025,84
12026,79
12027,134
12028,145
12029,60
12030,148
12031,126
12032,112
12033,124
12034,106
12035,114
12036,77
12037,105
12038,84
12039,117
12040,104
12041,61
12042,75
12043,103
12044,115
12045,107
12046,103
12047,123
12048,98
12049,96
12050,127
12051,100
12052,129
12053,136
12054,37
12055,112
12056,136
12057,120
12058,116
12059,95
12060,95
12061,81
12062,112
12063,138
12064,132
12065,140
12066,118
12067,134
12068,101
12069,60
12070,113
12071,85
12072,147
12073,108
12074,129
12075,119
12076,120
12077,120
12078,91
12079,121
12080,109
12081,90
12082,85
12083,92
12084,105
12085,117
12086,117
12087,101
12088,149
12089,150
12090,130
12091,92
12092,115
12093,136
12094,101
12095,157
12096,52
12097,96
12098,126
12099,91
12100,116
12101,117
12102,103
12103,93
12104,121
12105,91
12106,88
12107,138
12108,26
12109,153
12110,51
12111,79
12112,122
12113,115
12114,132
12115,126
12116,104
12117,87
12118,94
12119,104
12120,102
12121,104
12122,151
12123,113
12124,121
12125,120
12126,153
12127,98
12128,143
12129,99
12130,98
12131,106
12132,110
12133,112
12134,117
12135,174
12136,138
12137,135
12138,80
12139,114
12140,134
12141,100
12142,79
12143,107
12144,108
12145,176
12146,160
12147,101
12148,160
12149,112
12150,111
12151,143
12152,84
12153,91
12154,110
12155,93
12156,174
12157,130
12158,118
12159,130
12160,106
12161,144
12162,108
12163,131
12164,103
12165,120
12166,164
12167,141
12168,163
12169,53
12170,88
12171,111
12172,148
12173,155
12174,130
12175,67
12176,100
12177,120
12178,73
12179,129
12180,108
12181,121
12182,121
12183,107
12184,97
12185,149
12186,165
12187,148
12188,115
12189,92
12190,78
12191,141
12192,115
12193,174
12194,134
12195,160
12196,112
12197,133
12198,116
12199,97
12200,126
12201,94
12202,133
12203,157
12204,144
12205,119
12206,132
12207,139
12208,125
12209,113
12210,92
12211,151
12212,77
12213,73
12214,96
12215,105
12216,133
12217,92
12218,133
12219,149
12220,87
12221,153
12222,127
12223,139
12224,165
12225,92
12226,119
12227,110
12228,129
12229,129
12230,124
12231,82
12232,155
12233,125
12234,122
12235,112
12236,121
12237,108
12238,129
12239,118
12240,112
12241,76
12242,116
12243,111
12244,98
12245,85
12246,86
12247,96
12248,104
12249,119
12250,141
12251,121
12252,91
12253,116
12254,112
12255,130
12256,139
12257,121
12258,125
12259,104
12260,97
12261,94
12262,168
12263,90
12264,126
12265,138
12266,106
12267,81
12268,93
12269,97
12270,98
12271,130
12272,141
12273,44
12274,148
12275,107
12276,161
12277,94
12278,68
12279,149
12280,78
12281,104
12282,39
12283,102
12284,112
12285,162
12286,127
12287,90
12288,90
12289,106
12290,81
12291,128
12292,117
12293,106
12294,94
12295,100
12296,119
12297,33
12298,103
12299,102
12300,142
12301,108
12302,104
12303,100
12304,129
12305,106
12306,139
12307,139
12308,130
12309,83
12310,102
12311,90
12312,98
12313,100
12314,125
12315,102
12316,129
12317,107
12318,93
12319,133
12320,155
12321,106
12322,115
12323,121
12324,76
12325,123
12326,125
12327,94
12328,93
12329,119
12330,104
12331,96
12332,123
12333,94
12334,165
12335,107
12336,100
12337,49
12338,123
12339,109
12340,117
12341,138
12342,115
12343,106
12344,70
12345,110
12346,99
12347,89
12348,109
12349,97
12350,90
12351,111
12352,100
12353,95
12354,86
12355,102
12356,113
12357,129
12358,107
12359,86
12360,114
12361,178
12362,130
12363,129
12364,155
12365,97
12366,127
12367,116
12368,90
12369,109
12370,135
12371,83
12372,170
12373,156
12374,91
12375,74
12376,113
12377,94
12378,102
12379,107
12380,125
12381,199
12382,93
12383,155
12384,102
12385,111
12386,111
12387,136
12388,94
12389,103
12390,138
12391,108
12392,83
12393,120
12394,158
12395,160
12396,110
12397,159
12398,115
12399,116
12400,27
12401,126
12402,112
12403,93
12404,155
12405,102
12406,117
12407,129
12408,113
12409,104
12410,124
12411,104
12412,151
12413,153
12414,100
12415,123
12416,84
12417,168
12418,162
12419,143
12420,99
12421,137
12422,116
12423,123
12424,94
12425,134
12426,79
12427,53
12428,105
12429,73
12430,93
12431,86
12432,79
12433,126
12434,133
12435,89
12436,82
12437,119
12438,104
12439,124
12440,116
12441,137
12442,177
12443,120
12444,159
12445,101
12446,142
12447,100
12448,111
12449,91
12450,137
12451,111
12452,136
12453,92
12454,81
12455,183
12456,142
12457,102
12458,133
12459,110
12460,106
12461,127
12462,138
12463,74
12464,116
12465,80
12466,183
12467,77
12468,115
12469,118
12470,92
12471,192
12472,108
12473,78
12474,170
12475,98
12476,184
12477,134
12478,154
12479,122
12480,64
12481,87
12482,114
12483,105
12484,112
12485,140
12486,123
12487,113
12488,113
12489,131
12490,117
12491,153
12492,136
12493,149
12494,87
12495,87
12496,49
12497,110
12498,110
12499,104
12500,101
12501,140
12502,127
12503,95
12504,98
12505,157
12506,141
12507,70
12508,98
12509,162
12510,107
12511,88
12512,83
12513,100
12514,124
12515,113
12516,101
12517,92
12518,107
12519,98
12520,149
12521,111
12522,31
12523,124
12524,109
12525,122
12526,167
12527,112
12528,87
12529,109
12530,154
12531,110
12532,110
12533,90
12534,112
12535,132
12536,107
12537,140
12538,141
12539,118
12540,109
12541,95
12542,105
12543,134
12544,142
12545,100
12546,98
12547,110
12548,95
12549,84
12550,130
12551,128
12552,105
12553,120
12554,82
12555,127
12556,114
12557,137
12558,91
12559,116
12560,142
12561,138
12562,135
12563,151
12564,144
12565,106
12566,123
12567,104
12568,134
12569,111
12570,24
12571,67
12572,113
12573,89
12574,143
12575,111
12576,102
12577,101
12578,117
12579,106
12580,96
12581,138
12582,102
12583,146
12584,101
12585,83
12586,104
12587,94
12588,103
12589,110
12590,126
12591,116
12592,129
12593,101
12594,86
12595,101
12596,108
12597,118
12598,122
12599,83
12600,101
12601,116
12602,113
12603,82
12604,113
12605,136
12606,100
12607,126
12608,148
12609,121
12610,105
12611,112
12612,111
12613,90
12614,139
12615,141
12616,126
12617,117
12618,113
12619,77
12620,109
12621,89
12622,133
12623,171
12624,138
12625,110
12626,105
12627,116
12628,151
12629,97
12630,96
12631,99
12632,115
12633,133
12634,131
12635,100
12636,107
12637,95
12638,172
12639,102
12640,134
12641,110
12642,74
12643,93
12644,117
12645,92
12646,90
12647,139
12648,91
12649,140
12650,126
12651,118
12652,39
12653,110
12654,137
12655,86
12656,99
12657,106
12658,123
12659,92
12660,108
12661,132
12662,81
12663,133
12664,94
12665,114
12666,131
12667,141
12668,178
12669,123
12670,95
12671,93
12672,68
12673,90
12674,133
12675,126
12676,124
12677,101
12678,97
12679,49
12680,130
12681,127
12682,139
12683,116
12684,126
12685,115
12686,109
12687,108
12688,146
12689,91
12690,154
12691,132
12692,93
12693,108
12694,154
12695,81
12696,140
12697,67
12698,79
12699,107
12700,95
12701,106
12702,154
12703,95
12704,109
12705,108
12706,160
12707,139
12708,115
12709,103
12710,162
12711,119
12712,107
12713,109
12714,127
12715,137
12716,112
12717,101
12718,129
12719,136
12720,121
12721,70
12722,112
12723,113
12724,142
12725,75
12726,93
12727,123
12728,145
12729,122
12730,96
12731,107
12732,104
12733,105
12734,170
12735,96
12736,99
12737,111
12738,122
12739,126
12740,108
12741,90
12742,129
12743,101
12744,80
12745,129
12746,129
12747,133
12748,116
12749,130
12750,104
12751,166
12752,129
12753,107
12754,134
12755,115
12756,139
12757,87
12758,85
12759,105
12760,123
12761,163
12762,94
12763,102
12764,88
12765,128
12766,131
12767,108
12768,95
12769,122
12770,146
12771,172
12772,93
12773,111
12774,126
12775,122
12776,156
12777,143
12778,130
12779,155
12780,97
12781,158
12782,136
12783,147
12784,91
12785,110
12786,96
12787,91
12788,141
12789,107
12790,123
12791,171
12792,125
12793,92
12794,93
12795,107
12796,126
12797,93
12798,92
12799,115
12800,101
12801,104
12802,155
12803,136
12804,116
12805,155
12806,170
12807,110
12808,136
12809,88
12810,150
12811,147
12812,105
12813,119
12814,104
12815,168
12816,55
12817,88
12818,89
12819,94
12820,69
12821,97
12822,80
12823,136
12824,119
12825,110
12826,116
12827,173
12828,136
12829,118
12830,117
12831,109
12832,84
12833,99
12834,44
12835,102
12836,121
12837,137
12838,154
12839,101
12840,178
12841,131
12842,101
12843,111
12844,104
12845,95
12846,101
12847,102
12848,139
12849,102
12850,90
12851,154
12852,86
12853,63
12854,128
12855,104
12856,84
12857,110
12858,136
12859,85
12860,92
12861,183
12862,111
12863,88
12864,86
12865,110
12866,79
12867,88
12868,97
12869,100
12870,94
12871,110
12872,78
12873,103
12874,200
12875,147
12876,119
12877,94
12878,123
12879,80
12880,93
12881,77
12882,105
12883,93
12884,112
12885,99
12886,102
12887,126
12888,90
12889,148
12890,135
12891,90
12892,104
12893,142
12894,131
12895,116
12896,119
12897,112
12898,109
12899,107
12900,137
12901,109
12902,136
12903,93
12904,128
12905,138
12906,98
12907,106
12908,110
12909,130
12910,81
12911,103
12912,155
12913,135
12914,99
12915,58
12916,114
12917,99
12918,120
12919,97
12920,102
12921,129
12922,99
12923,156
12924,143
12925,91
12926,101
12927,130
12928,116
12929,158
12930,165
12931,96
12932,98
12933,114
12934,123
12935,112
12936,126
12937,118
12938,108
12939,116
12940,126
12941,121
12942,157
12943,148
12944,133
12945,120
12946,190
12947,86
12948,116
12949,108
12950,97
12951,102
12952,102
12953,106
12954,122
12955,116
12956,137
12957,146
12958,133
12959,100
12960,99
12961,134
12962,113
12963,124
12964,149
12965,112
12966,109
12967,141
12968,117
12969,83
12970,137
12971,119
12972,110
12973,112
12974,166
12975,104
12976,137
12977,158
12978,103
12979,115
12980,46
12981,115
12982,174
12983,130
12984,121
12985,125
12986,127
12987,68
12988,125
12989,148
12990,116
12991,119
12992,94
12993,113
12994,123
12995,143
12996,99
12997,109
12998,115
12999,147
13000,179
13001,149
13002,92
13003,170
13004,116
13005,101
13006,151
13007,109
13008,137
13009,113
13010,110
13011,139
13012,60
13013,150
13014,129
13015,71
13016,158
13017,100
13018,89
13019,173
13020,94
13021,109
13022,102
13023,124
13024,130
13025,114
13026,114
13027,90
13028,110
13029,127
13030,115
13031,99
13032,82
13033,118
13034,186
13035,163
13036,105
13037,24
13038,126
13039,108
13040,82
13041,118
13042,61
13043,139
13044,104
13045,128
13046,119
13047,105
13048,103
13049,49
13050,91
13051,125
13052,85
13053,151
13054,105
13055,109
13056,109
13057,118
13058,155
13059,117
13060,75
13061,158
13062,105
13063,120
13064,125
13065,129
13066,92
13067,113
13068,114
13069,107
13070,126
13071,84
13072,127
13073,169
13074,95
13075,104
13076,120
13077,121
13078,109
13079,121
13080,88
13081,133
13082,144
13083,164
13084,178
13085,117
13086,129
13087,118
13088,128
13089,149
13090,49
13091,131
13092,90
13093,140
13094,149
13095,180
13096,139
13097,90
13098,91
13099,152
13100,166
13101,96
13102,124
13103,130
13104,121
13105,107
13106,106
13107,126
13108,109
13109,103
13110,117
13111,94
13112,178
13113,151
13114,104
13115,141
13116,118
13117,124
13118,105
13119,136
13120,135
13121,66
13122,115
13123,121
13124,111
13125,102
13126,106
13127,146
13128,44
13129,102
13130,136
13131,82
13132,118
13133,146
13134,171
13135,109
13136,99
13137,159
13138,115
13139,76
13140,120
13141,100
13142,84
13143,90
13144,147
13145,103
13146,106
13147,124
13148,98
13149,95
13150,110
13151,123
13152,116
13153,137
13154,120
13155,100
13156,103
13157,91
13158,130
13159,121
13160,30
13161,115
13162,149
13163,175
13164,102
13165,147
13166,127
13167,94
13168,127
13169,120
13170,165
13171,110
13172,111
13173,157
13174,140
13175,93
13176,96
13177,147
13178,93
13179,107
13180,97
13181,99
13182,158
13183,152
13184,125
13185,113
13186,118
13187,108
13188,145
13189,177
13190,141
13191,85
13192,150
13193,87
13194,109
13195,174
13196,88
13197,167
13198,97
13199,154
13200,115
13201,141
13202,111
13203,156
13204,130
13205,116
13206,112
13207,132
13208,128
13209,105
13210,83
13211,98
13212,108
13213,59
13214,93
13215,160
13216,106
13217,133
13218,115
13219,138
13220,95
13221,85
13222,117
13223,122
13224,118
13225,92
13226,151
13227,115
13228,133
13229,94
13230,84
13231,105
13232,88
13233,131
13234,98
13235,145
13236,140
13237,111
13238,136
13239,146
13240,97
13241,158
13242,156
13243,118
13244,152
13245,100
13246,89
13247,112
13248,97
13249,157
13250,113
13251,119
13252,104
13253,106
13254,128
13255,75
13256,120
13257,128
13258,105
13259,120
13260,112
13261,101
13262,117
13263,109
13264,110
13265,143
13266,141
13267,74
13268,85
13269,127
13270,137
13271,160
13272,123
13273,73
13274,184
13275,97
13276,95
13277,130
13278,99
13279,113
13280,137
13281,90
13282,184
13283,136
13284,94
13285,85
13286,123
13287,139
13288,118
13289,134
13290,54
13291,104
13292,137
13293,129
13294,126
13295,130
13296,95
13297,123
13298,105
13299,172
13300,68
13301,135
13302,143
13303,99
13304,98
13305,158
13306,112
13307,140
13308,146
13309,92
13310,134
13311,131
13312,88
13313,107
13314,94
13315,86
13316,94
13317,146
13318,28
13319,146
13320,100
13321,90
13322,97
13323,135
13324,103
13325,115
13326,122
13327,91
13328,138
13329,95
13330,88
13331,108
13332,105
13333,97
13334,136
13335,112
13336,142
13337,88
13338,153
13339,159
13340,138
13341,131
13342,103
13343,140
13344,156
13345,73
13346,138
13347,108
13348,102
13349,32
13350,86
13351,120
13352,101
13353,162
13354,118
13355,151
13356,68
13357,90
13358,113
13359,38
13360,181
13361,169
13362,81
13363,130
13364,128
13365,104
13366,108
13367,104
13368,112
13369,112
13370,107
13371,112
13372,122
13373,129
13374,86
13375,109
13376,129
13377,99
13378,179
13379,114
13380,137
13381,165
13382,128
13383,87
13384,118
13385,90
13386,128
13387,118
13388,26
13389,133
13390,121
13391,167
13392,131
13393,80
13394,133
13395,157
13396,127
13397,126
13398,137
13399,160
13400,95
13401,121
13402,131
13403,105
13404,145
13405,128
13406,122
13407,184
13408,138
13409,119
13410,130
13411,102
13412,91
13413,125
13414,128
13415,90
13416,108
13417,102
13418,103
13419,113
13420,106
13421,119
13422,136
13423,92
13424,111
13425,102
13426,136
13427,90
13428,125
13429,169
13430,148
13431,130
13432,137
13433,138
13434,106
13435,128
13436,109
13437,157
13438,117
13439,116
13440,139
13441,39
13442,99
13443,116
13444,89
13445,101
13446,106
13447,91
13448,157
13449,134
13450,125
13451,120
13452,72
13453,97
13454,157
13455,135
13456,53
13457,85
13458,141
13459,127
13460,144
13461,134
13462,112
13463,127
13464,161
13465,99
13466,109
13467,98
13468,92
13469,115
13470,64
13471,93
13472,137
13473,31
13474,109
13475,107
13476,111
13477,125
13478,147
13479,151
13480,118
13481,128
13482,108
13483,110
13484,116
13485,95
13486,119
13487,95
13488,111
13489,151
13490,80
13491,122
13492,96
13493,102
13494,143
13495,121
13496,116
13497,93
13498,101
13499,115
13500,105
13501,99
13502,141
13503,96
13504,108
13505,126
13506,130
13507,129
13508,114
13509,120
13510,130
13511,104
13512,112
13513,126
13514,108
13515,92
13516,90
13517,82
13518,119
13519,114
13520,164
13521,142
13522,117
13523,102
13524,113
13525,119
13526,103
13527,114
13528,106
13529,79
13530,33
13531,118
13532,138
13533,91
13534,104
13535,113
13536,106
13537,93
13538,116
13539,73
13540,114
13541,125
13542,116
13543,91
13544,184
13545,102
13546,131
13547,98
13548,105
13549,91
13550,141
13551,116
13552,95
13553,90
13554,86
13555,103
13556,150
13557,139
13558,155
13559,102
13560,90
13561,98
13562,128
13563,92
13564,137
13565,118
13566,115
13567,111
13568,92
13569,98
13570,97
13571,127
13572,103
13573,86
13574,43
13575,151
13576,124
13577,88
13578,35
13579,94
13580,175
13581,62
13582,140
13583,107
13584,73
13585,109
13586,118
13587,139
13588,157
13589,92
13590,129
13591,106
13592,142
13593,82
13594,106
13595,143
13596,121
13597,48
13598,74
13599,167
13600,161
13601,118
13602,98
13603,167
13604,33
13605,81
13606,87
13607,102
13608,87
13609,102
13610,98
13611,107
13612,97
13613,98
13614,72
13615,81
13616,122
13617,83
13618,99
13619,95
13620,121
13621,96
13622,63
13623,105
13624,124
13625,143
13626,122
13627,108
13628,92
13629,175
13630,143
13631,98
13632,120
13633,87
13634,37
13635,90
13636,151
13637,95
13638,92
13639,99
13640,155
13641,99
13642,109
13643,89
13644,117
13645,117
13646,90
13647,146
13648,97
13649,110
13650,48
13651,128
13652,58
13653,134
13654,163
13655,151
13656,145
13657,109
13658,140
13659,100
13660,79
13661,115
13662,111
13663,48
13664,128
13665,92
13666,107
13667,99
13668,85
13669,151
13670,157
13671,108
13672,105
13673,144
13674,126
13675,123
13676,150
13677,111
13678,151
13679,106
13680,119
13681,111
13682,125
13683,82
13684,101
13685,129
13686,109
13687,115
13688,112
13689,134
13690,78
13691,105
13692,65
13693,150
13694,153
13695,149
13696,102
13697,159
13698,114
13699,127
13700,105
13701,142
13702,125
13703,111
13704,129
13705,129
13706,122
13707,133
13708,109
13709,72
13710,128
13711,106
13712,158
13713,78
13714,85
13715,67
13716,117
13717,43
13718,123
13719,126
13720,122
13721,85
13722,114
13723,144
13724,99
13725,127
13726,118
13727,113
13728,146
13729,96
13730,102
13731,118
13732,133
13733,126
13734,106
13735,72
13736,129
13737,158
13738,81
13739,170
13740,110
13741,154
13742,160
13743,160
13744,100
13745,170
13746,116
13747,119
13748,112
13749,125
13750,70
13751,143
13752,99
13753,131
13754,92
13755,103
13756,75
13757,132
13758,114
13759,69
13760,122
13761,130
13762,100
13763,172
13764,136
13765,84
13766,35
13767,121
13768,145
13769,119
13770,88
13771,78
13772,91
13773,100
13774,125
13775,146
13776,190
13777,125
13778,105
13779,111
13780,131
13781,103
13782,23
13783,94
13784,109
13785,115
13786,137
13787,102
13788,114
13789,32
13790,96
13791,107
13792,98
13793,140
13794,187
13795,105
13796,120
13797,85
13798,144
13799,143
13800,89
13801,138
13802,104
13803,116
13804,101
13805,113
13806,123
13807,110
13808,113
13809,122
13810,118
13811,112
13812,113
13813,109
13814,137
13815,103
13816,76
13817,103
13818,119
13819,91
13820,114
13821,160
13822,103
13823,83
13824,104
13825,96
13826,177
13827,133
13828,132
13829,94
13830,65
13831,101
13832,81
13833,107
13834,100
13835,94
13836,142
13837,119
13838,117
13839,112
13840,107
13841,91
13842,81
13843,106
13844,115
13845,132
13846,135
13847,105
13848,123
13849,106
13850,104
13851,78
13852,118
13853,158
13854,108
13855,119
13856,119
13857,108
13858,91
13859,101
13860,106
13861,110
13862,113
13863,90
13864,79
13865,132
13866,87
13867,108
13868,102
13869,103
13870,93
13871,122
13872,75
13873,71
13874,120
13875,103
13876,143
13877,110
13878,162
13879,180
13880,116
13881,89
13882,111
13883,114
13884,118
13885,132
13886,161
13887,124
13888,104
13889,129
13890,117
13891,112
13892,129
13893,141
13894,155
13895,146
13896,151
13897,77
13898,129
13899,85
13900,116
13901,106
13902,145
13903,106
13904,158
13905,114
13906,111
13907,91
13908,115
13909,157
13910,124
13911,122
13912,125
13913,107
13914,158
13915,88
13916,83
13917,132
13918,118
13919,147
13920,126
13921,106
13922,100
13923,111
13924,117
13925,175
13926,91
13927,98
13928,104
13929,161
13930,116
13931,101
13932,100
13933,134
13934,115
13935,87
13936,84
13937,66
13938,106
13939,89
13940,103
13941,122
13942,106
13943,96
13944,105
13945,98
13946,104
13947,105
13948,96
13949,119
13950,129
13951,120
13952,112
13953,95
13954,162
13955,116
13956,100
13957,92
13958,129
13959,76
13960,104
13961,132
13962,164
13963,102
13964,134
13965,115
13966,162
13967,122
13968,119
13969,112
13970,115
13971,120
13972,73
13973,130
13974,61
13975,113
13976,148
13977,124
13978,104
13979,117
13980,119
13981,78
13982,139
13983,143
13984,84
13985,120
13986,98
13987,126
13988,137
13989,143
13990,135
13991,190
13992,150
13993,153
13994,131
13995,149
13996,100
13997,155
13998,115
13999,110
14000,91
14001,147
14002,151
14003,119
14004,126
14005,140
14006,85
14007,112
14008,118
14009,153
14010,147
14011,108
14012,107
14013,143
14014,109
14015,113
14016,167
14017,120
14018,95
14019,98
14020,81
14021,97
14022,163
14023,128
14024,101
14025,120
14026,108
14027,85
14028,165
14029,101
14030,118
14031,65
14032,119
14033,146
14034,123
14035,97
14036,95
14037,110
14038,116
14039,83
14040,130
14041,95
14042,86
14043,104
14044,140
14045,32
14046,76
14047,91
14048,92
14049,120
14050,36
14051,138
14052,77
14053,116
14054,111
14055,109
14056,166
14057,132
14058,76
14059,106
14060,150
14061,141
14062,126
14063,111
14064,95
14065,122
14066,144
14067,96
14068,116
14069,106
14070,134
14071,119
14072,120
14073,139
14074,169
14075,102
14076,91
14077,116
14078,112
14079,89
14080,91
14081,145
14082,154
14083,101
14084,110
14085,117
14086,112
14087,111
14088,113
14089,101
14090,119
14091,118
14092,115
14093,100
14094,140
14095,68
14096,140
14097,122
14098,113
14099,84
14100,100
14101,88
14102,86
14103,106
14104,103
14105,115
14106,136
14107,113
14108,24
14109,110
14110,111
14111,131
14112,151
14113,128
14114,142
14115,111
14116,74
14117,125
14118,108
14119,169
14120,107
14121,135
14122,165
14123,103
14124,106
14125,96
14126,122
14127,133
14128,124
14129,120
14130,73
14131,76
14132,138
14133,111
14134,82
14135,106
14136,179
14137,146
14138,128
14139,92
14140,108
14141,133
14142,113
14143,98
14144,96
14145,123
14146,104
14147,107
14148,136
14149,173
14150,125
14151,122
14152,139
14153,118
14154,111
14155,111
14156,62
14157,66
14158,33
14159,96
14160,122
14161,89
14162,120
14163,139
14164,79
14165,126
14166,131
14167,109
14168,109
14169,116
14170,110
14171,79
14172,111
14173,115
14174,140
14175,77
14176,134
14177,171
14178,131
14179,93
14180,144
14181,84
14182,148
14183,129
14184,99
14185,150
14186,143
14187,28
14188,100
14189,118
14190,93
14191,95
14192,189
14193,86
14194,89
14195,111
14196,135
14197,103
14198,102
14199,95
14200,130
14201,74
14202,112
14203,114
14204,121
14205,169
14206,101
14207,183
14208,64
14209,112
14210,127
14211,94
14212,138
14213,106
14214,86
14215,114
14216,109
14217,75
14218,108
14219,112
14220,112
14221,96
14222,181
14223,121
14224,126
14225,107
14226,95
14227,108
14228,113
14229,144
14230,105
14231,133
14232,144
14233,104
14234,174
14235,180
14236,88
14237,65
14238,161
14239,134
14240,112
14241,118
14242,136
14243,107
14244,111
14245,112
14246,77
14247,119
14248,191
14249,85
14250,102
14251,100
14252,132
14253,121
14254,108
14255,130
14256,89
14257,110
14258,130
14259,126
14260,42
14261,99
14262,82
14263,110
14264,121
14265,146
14266,157
14267,129
14268,100
14269,127
14270,96
14271,97
14272,119
14273,112
14274,146
14275,86
14276,105
14277,119
14278,90
14279,106
14280,91
14281,104
14282,114
14283,120
14284,86
14285,181
14286,115
14287,106
14288,101
14289,111
14290,104
14291,126
14292,101
14293,173
14294,120
14295,87
14296,93
14297,84
14298,46
14299,104
14300,64
14301,107
14302,85
14303,122
14304,123
14305,99
14306,134
14307,130
14308,115
14309,102
14310,82
14311,74
14312,90
14313,101
14314,104
14315,151
14316,162
14317,146
14318,93
14319,112
14320,143
14321,117
14322,104
14323,107
14324,91
14325,126
14326,154
14327,104
14328,118
14329,113
14330,108
14331,147
14332,119
14333,83
14334,82
14335,109
14336,123
14337,31
14338,118
14339,135
14340,118
14341,113
14342,87
14343,110
14344,116
14345,97
14346,87
14347,90
14348,149
14349,137
14350,119
14351,105
14352,107
14353,114
14354,114
14355,152
14356,112
14357,168
14358,91
14359,110
14360,104
14361,109
14362,149
14363,95
14364,116
14365,37
14366,103
14367,75
14368,116
14369,103
14370,171
14371,139
14372,196
14373,111
14374,103
14375,116
14376,130
14377,105
14378,144
14379,112
14380,134
14381,90
14382,93
14383,90
14384,165
14385,184
14386,98
14387,86
14388,101
14389,91
14390,121
14391,113
14392,109
14393,90
14394,76
14395,98
14396,114
14397,100
14398,147
14399,116
14400,117
14401,91
14402,128
14403,146
14404,147
14405,112
14406,138
14407,107
14408,134
14409,116
14410,95
14411,172
14412,101
14413,93
14414,102
14415,118
14416,87
14417,150
14418,126
14419,111
14420,111
14421,111
14422,86
14423,96
14424,107
14425,142
14426,120
14427,124
14428,81
14429,84
14430,107
14431,105
14432,107
14433,132
14434,105
14435,107
14436,78
14437,162
14438,98
14439,92
14440,164
14441,112
14442,120
14443,129
14444,114
14445,124
14446,135
14447,125
14448,102
14449,113
14450,119
14451,101
14452,106
14453,115
14454,143
14455,146
14456,93
14457,112
14458,140
14459,35
14460,161
14461,105
14462,117
14463,108
14464,83
14465,116
14466,89
14467,98
14468,162
14469,88
14470,133
14471,72
14472,77
14473,116
14474,75
14475,124
14476,107
14477,83
14478,105
14479,85
14480,83
14481,109
14482,80
14483,30
14484,93
14485,106
14486,137
14487,107
14488,109
14489,143
14490,121
14491,129
14492,102
14493,98
14494,125
14495,107
14496,103
14497,120
14498,117
14499,161
14500,89
14501,80
14502,126
14503,100
14504,149
14505,132
14506,80
14507,147
14508,108
14509,58
14510,111
14511,123
14512,110
14513,101
14514,105
14515,97
14516,104
14517,95
14518,91
14519,152
14520,104
14521,105
14522,110
14523,141
14524,116
14525,106
14526,65
14527,112
14528,133
14529,157
14530,57
14531,150
14532,111
14533,90
14534,133
14535,116
14536,112
14537,123
14538,103
14539,136
14540,103
14541,126
14542,80
14543,169
14544,102
14545,96
14546,186
14547,88
14548,104
14549,143
14550,97
14551,103
14552,122
14553,147
14554,37
14555,95
14556,132
14557,112
14558,90
14559,109
14560,142
14561,122
14562,124
14563,119
14564,133
14565,93
14566,116
14567,98
14568,159
14569,111
14570,159
14571,58
14572,92
14573,122
14574,118
14575,174
14576,116
14577,103
14578,84
14579,124
14580,156
14581,114
14582,158
14583,101
14584,88
14585,172
14586,153
14587,96
14588,109
14589,110
14590,161
14591,125
14592,105
14593,106
14594,167
14595,147
14596,106
14597,149
14598,85
14599,170
14600,99
14601,97
14602,147
14603,189
14604,120
14605,103
14606,105
14607,122
14608,113
14609,51
14610,142
14611,128
14612,102
14613,119
14614,115
14615,110
14616,95
14617,93
14618,104
14619,131
14620,165
14621,89
14622,79
14623,103
14624,96
14625,151
14626,73
14627,144
14628,95
14629,110
14630,114
14631,124
14632,103
14633,81
14634,86
14635,173
14636,105
14637,115
14638,86
14639,118
14640,117
14641,96
14642,107
14643,101
14644,157
14645,98
14646,132
14647,131
14648,129
14649,103
14650,100
14651,113
14652,157
14653,121
14654,165
14655,97
14656,110
14657,113
14658,100
14659,59
14660,91
14661,109
14662,142
14663,112
14664,136
14665,108
14666,113
14667,112
14668,130
14669,127
14670,124
14671,108
14672,107
14673,137
14674,96
14675,83
14676,92
14677,90
14678,118
14679,98
14680,114
14681,158
14682,95
14683,119
14684,94
14685,109
14686,82
14687,157
14688,120
14689,111
14690,106
14691,107
14692,126
14693,103
14694,90
14695,110
14696,118
14697,110
14698,87
14699,147
14700,108
14701,86
14702,110
14703,84
14704,132
14705,83
14706,89
14707,106
14708,75
14709,126
14710,126
14711,134
14712,120
14713,112
14714,72
14715,98
14716,121
14717,161
14718,70
14719,129
14720,88
14721,98
14722,137
14723,139
14724,101
14725,122
14726,103
14727,160
14728,127
14729,122
14730,129
14731,95
14732,94
14733,95
14734,88
14735,143
14736,58
14737,135
14738,138
14739,86
14740,34
14741,157
14742,159
14743,134
14744,111
14745,152
14746,163
14747,90
14748,80
14749,128
14750,134
14751,147
14752,55
14753,117
14754,101
14755,124
14756,121
14757,123
14758,92
14759,132
14760,142
14761,114
14762,123
14763,102
14764,131
14765,93
14766,105
14767,127
14768,87
14769,114
14770,126
14771,120
14772,100
14773,119
14774,124
14775,133
14776,120
14777,87
14778,111
14779,133
14780,109
14781,93
14782,110
14783,103
14784,142
14785,109
14786,104
14787,88
14788,125
14789,85
14790,113
14791,81
14792,94
14793,132
14794,127
14795,114
14796,151
14797,90
14798,84
14799,101
14800,104
14801,124
14802,88
14803,141
14804,113
14805,114
14806,108
14807,131
14808,108
14809,123
14810,144
14811,157
14812,119
14813,107
14814,128
14815,91
14816,94
14817,160
14818,94
14819,140
14820,125
14821,92
14822,111
14823,85
14824,121
14825,84
14826,98
14827,93
14828,120
14829,108
14830,162
14831,103
14832,107
14833,103
14834,156
14835,94
14836,96
14837,119
14838,133
14839,171
14840,107
14841,163
14842,119
14843,98
14844,154
14845,95
14846,114
14847,98
14848,133
14849,122
14850,148
14851,117
14852,110
14853,103
14854,78
14855,94
14856,106
14857,132
14858,147
14859,126
14860,162
14861,137
14862,125
14863,113
14864,101
14865,143
14866,91
14867,158
14868,131
14869,102
14870,111
14871,122
14872,92
14873,171
14874,112
14875,36
14876,112
14877,134
14878,86
14879,120
14880,66
14881,111
14882,101
14883,132
14884,135
14885,132
14886,139
14887,94
14888,84
14889,145
14890,176
14891,72
14892,105
14893,90
14894,132
14895,106
14896,118
14897,82
14898,164
14899,94
14900,103
14901,170
14902,116
14903,154
14904,79
14905,114
14906,142
14907,147
14908,100
14909,119
14910,90
14911,123
14912,138
14913,97
14914,138
14915,90
14916,112
14917,129
14918,144
14919,115
14920,88
14921,52
14922,123
14923,134
14924,122
14925,114
14926,100
14927,112
14928,158
14929,168
14930,144
14931,111
14932,124
14933,126
14934,86
14935,110
14936,182
14937,112
14938,121
14939,91
14940,163
14941,83
14942,154
14943,172
14944,137
14945,110
14946,142
14947,132
14948,94
14949,102
14950,144
14951,109
14952,121
14953,110
14954,107
14955,89
14956,91
14957,114
14958,79
14959,118
14960,132
14961,100
14962,90
14963,120
14964,120
14965,102
14966,115
14967,38
14968,147
14969,144
14970,165
14971,98
14972,92
14973,143
14974,118
14975,100
14976,113
14977,125
14978,89
14979,104
14980,150
14981,100
14982,120
14983,104
14984,106
14985,122
14986,157
14987,167
14988,92
14989,115
14990,102
14991,146
14992,111
14993,134
14994,104
14995,54
14996,93
14997,119
14998,107
14999,108
15000,107
15001,114
15002,107
15003,116
15004,92
15005,94
15006,104
15007,157
15008,138
15009,161
15010,172
15011,161
15012,61
15013,99
15014,118
15015,105
15016,132
15017,127
15018,107
15019,96
15020,178
15021,142
15022,102
15023,49
15024,76
15025,113
15026,134
15027,70
15028,134
15029,85
15030,107
15031,108
15032,100
15033,89
15034,136
15035,91
15036,107
15037,171
15038,121
15039,131
15040,99
15041,95
15042,79
15043,103
15044,102
15045,127
15046,89
15047,110
15048,122
15049,103
15050,108
15051,94
15052,84
15053,112
15054,179
15055,127
15056,152
15057,143
15058,122
15059,157
15060,134
15061,105
15062,105
15063,115
15064,136
15065,98
15066,97
15067,115
15068,114
15069,129
15070,119
15071,118
15072,141
15073,97
15074,120
15075,132
15076,85
15077,140
15078,120
15079,108
15080,96
15081,86
15082,172
15083,107
15084,74
15085,125
15086,111
15087,97
15088,108
15089,86
15090,80
15091,119
15092,134
15093,105
15094,102
15095,86
15096,96
15097,126
15098,130
15099,109
15100,82
15101,129
15102,169
15103,117
15104,77
15105,152
15106,139
15107,127
15108,73
15109,112
15110,91
15111,113
15112,118
15113,98
15114,114
15115,117
15116,114
15117,136
15118,117
15119,107
15120,116
15121,136
15122,114
15123,165
15124,89
15125,103
15126,133
15127,114
15128,87
15129,131
15130,137
15131,95
15132,134
15133,110
15134,94
15135,127
15136,109
15137,82
15138,110
15139,117
15140,85
15141,145
15142,155
15143,120
15144,102
15145,89
15146,139
15147,104
15148,97
15149,142
15150,88
15151,99
15152,109
15153,114
15154,94
15155,39
15156,91
15157,154
15158,106
15159,113
15160,146
15161,164
15162,107
15163,102
15164,118
15165,146
15166,152
15167,95
15168,143
15169,99
15170,69
15171,112
15172,103
15173,133
15174,97
15175,93
15176,113
15177,100
15178,147
15179,118
15180,138
15181,96
15182,122
15183,105
15184,108
15185,153
15186,170
15187,107
15188,111
15189,137
15190,125
15191,31
15192,100
15193,119
15194,173
15195,99
15196,108
15197,115
15198,78
15199,130
15200,112
15201,109
15202,159
15203,118
15204,159
15205,105
15206,132
15207,143
15208,117
15209,122
15210,92
15211,105
15212,95
15213,69
15214,115
15215,75
15216,156
15217,110
15218,107
15219,135
15220,127
15221,101
15222,92
15223,125
15224,103
15225,122
15226,106
15227,69
15228,120
15229,148
15230,116
15231,149
15232,113
15233,141
15234,94
15235,111
15236,118
15237,124
15238,120
15239,129
15240,114
15241,161
15242,146
15243,127
15244,117
15245,126
15246,89
15247,107
15248,92
15249,107
15250,54
15251,78
15252,97
15253,105
15254,171
15255,108
15256,101
15257,95
15258,166
15259,85
15260,138
15261,141
15262,87
15263,107
15264,115
15265,106
15266,97
15267,163
15268,99
15269,89
15270,94
15271,102
15272,119
15273,116
15274,138
15275,109
15276,146
15277,107
15278,91
15279,124
15280,146
15281,133
15282,92
15283,110
15284,103
15285,117
15286,122
15287,116
15288,93
15289,121
15290,83
15291,114
15292,152
15293,109
15294,100
15295,129
15296,162
15297,100
15298,99
15299,154
15300,89
15301,94
15302,110
15303,107
15304,83
15305,88
15306,120
15307,157
15308,79
15309,100
15310,98
15311,140
15312,108
15313,133
15314,136
15315,128
15316,133
15317,118
15318,182
15319,115
15320,77
15321,95
15322,110
15323,117
15324,116
15325,100
15326,111
15327,114
15328,91
15329,109
15330,109
15331,98
15332,98
15333,78
15334,103
15335,117
15336,75
15337,140
15338,94
15339,126
15340,109
15341,89
15342,80
15343,67
15344,100
15345,127
15346,100
15347,85
15348,127
15349,114
15350,116
15351,134
15352,86
15353,121
15354,125
15355,124
15356,151
15357,147
15358,119
15359,132
15360,103
15361,130
15362,113
15363,107
15364,101
15365,105
15366,112
15367,153
15368,118
15369,113
15370,118
15371,121
15372,102
15373,111
15374,124
15375,107
15376,87
15377,124
15378,97
15379,113
15380,105
15381,107
15382,105
15383,124
15384,126
15385,112
15386,123
15387,113
15388,110
15389,93
15390,114
15391,104
15392,101
15393,61
15394,71
15395,79
15396,91
15397,71
15398,162
15399,91
15400,105
15401,99
15402,110
15403,134
15404,72
15405,107
15406,126
15407,126
15408,114
15409,133
15410,108
15411,49
15412,116
15413,132
15414,140
15415,81
15416,119
15417,95
15418,95
15419,125
15420,120
15421,89
15422,98
15423,100
15424,113
15425,121
15426,139
15427,123
15428,108
15429,105
15430,114
15431,157
15432,117
15433,76
15434,134
15435,99
15436,120
15437,99
15438,82
15439,112
15440,87
15441,157
15442,143
15443,77
15444,135
15445,138
15446,110
15447,107
15448,112
15449,110
15450,78
15451,89
15452,122
15453,105
15454,119
15455,108
15456,100
15457,133
15458,128
15459,101
15460,137
15461,92
15462,84
15463,98
15464,111
15465,88
15466,109
15467,123
15468,164
15469,113
15470,106
15471,104
15472,93
15473,98
15474,117
15475,100
15476,129
15477,102
15478,96
15479,115
15480,140
15481,151
15482,142
15483,108
15484,104
15485,96
15486,130
15487,109
15488,110
15489,147
15490,143
15491,109
15492,111
15493,123
15494,191
15495,139
15496,115
15497,124
15498,145
15499,97
15500,72
15501,174
15502,100
15503,132
15504,107
15505,105
15506,125
15507,94
15508,102
15509,77
15510,103
15511,144
15512,154
15513,95
15514,114
15515,108
15516,151
15517,85
15518,105
15519,108
15520,104
15521,121
15522,173
15523,111
15524,151
15525,102
15526,96
15527,102
15528,84
15529,121
15530,113
15531,106
15532,120
15533,72
15534,125
15535,103
15536,152
15537,88
15538,115
15539,86
15540,164
15541,98
15542,141
15543,163
15544,119
15545,97
15546,151
15547,186
15548,142
15549,77
15550,110
15551,96
15552,99
15553,113
15554,108
15555,41
15556,135
15557,87
15558,127
15559,104
15560,144
15561,116
15562,108
15563,125
15564,105
15565,98
15566,62
15567,174
15568,59
15569,119
15570,130
15571,95
15572,108
15573,87
15574,132
15575,154
15576,101
15577,92
15578,160
15579,100
15580,154
15581,131
15582,134
15583,107
15584,155
15585,91
15586,120
15587,94
15588,87
15589,91
15590,121
15591,99
15592,105
15593,98
15594,110
15595,103
15596,95
15597,141
15598,101
15599,106
15600,93
15601,142
15602,107
15603,113
15604,196
15605,104
15606,104
15607,107
15608,175
15609,93
15610,140
15611,91
15612,80
15613,79
15614,109
15615,139
15616,89
15617,115
15618,107
15619,129
15620,123
15621,141
15622,126
15623,136
15624,103
15625,140
15626,168
15627,98
15628,110
15629,103
15630,72
15631,89
15632,123
15633,102
15634,113
15635,114
15636,122
15637,107
15638,144
15639,138
15640,106
15641,140
15642,153
15643,106
15644,112
15645,190
15646,94
15647,116
15648,160
15649,110
15650,158
15651,96
15652,83
15653,120
15654,111
15655,143
15656,76
15657,112
15658,120
15659,89
15660,123
15661,79
15662,130
15663,121
15664,157
15665,82
15666,110
15667,111
15668,123
15669,114
15670,130
15671,98
15672,111
15673,140
15674,101
15675,105
15676,93
15677,141
15678,96
15679,85
15680,115
15681,92
15682,146
15683,111
15684,120
15685,99
15686,72
15687,154
15688,99
15689,137
15690,140
15691,111
15692,130
15693,138
15694,96
15695,117
15696,127
15697,108
15698,121
15699,130
15700,46
15701,121
15702,74
15703,96
15704,110
15705,151
15706,109
15707,97
15708,97
15709,111
15710,39
15711,106
15712,160
15713,118
15714,80
15715,105
15716,96
15717,112
15718,152
15719,124
15720,88
15721,118
15722,107
15723,162
15724,129
15725,133
15726,69
15727,162
15728,88
15729,121
15730,124
15731,125
15732,108
15733,163
15734,108
15735,128
15736,118
15737,118
15738,111
15739,102
15740,120
15741,149
15742,117
15743,119
15744,129
15745,121
15746,133
15747,101
15748,181
15749,93
15750,90
15751,126
15752,113
15753,92
15754,99
15755,112
15756,127
15757,89
15758,154
15759,70
15760,111
15761,117
15762,89
15763,75
15764,97
15765,128
15766,122
15767,173
15768,130
15769,108
15770,117
15771,92
15772,87
15773,151
15774,88
15775,124
15776,106
15777,105
15778,114
15779,134
15780,112
15781,141
15782,110
15783,125
15784,95
15785,89
15786,87
15787,113
15788,157
15789,104
15790,134
15791,173
15792,120
15793,86
15794,115
15795,140
15796,92
15797,102
15798,111
15799,99
15800,71
15801,113
15802,109
15803,83
15804,75
15805,120
15806,88
15807,76
15808,138
15809,101
15810,115
15811,116
15812,95
15813,164
15814,88
15815,106
15816,122
15817,118
15818,120
15819,103
15820,87
15821,130
15822,54
15823,97
15824,91
15825,84
15826,116
15827,118
15828,39
15829,106
15830,36
15831,118
15832,132
15833,120
15834,114
15835,79
15836,107
15837,167
15838,178
15839,158
15840,88
15841,163
15842,116
15843,93
15844,126
15845,138
15846,119
15847,100
15848,128
15849,149
15850,109
15851,99
15852,98
15853,90
15854,99
15855,135
15856,173
15857,154
15858,120
15859,127
15860,110
15861,101
15862,119
15863,143
15864,160
15865,90
15866,115
15867,110
15868,137
15869,90
15870,146
15871,97
15872,111
15873,128
15874,109
15875,79
15876,104
15877,136
15878,119
15879,115
15880,114
15881,115
15882,119
15883,111
15884,104
15885,142
15886,142
15887,125
15888,129
15889,182
15890,138
15891,146
15892,135
15893,92
15894,133
15895,124
15896,110
15897,125
15898,114
15899,103
15900,122
15901,100
15902,46
15903,111
15904,129
15905,101
15906,116
15907,85
15908,126
15909,98
15910,119
15911,121
15912,94
15913,129
15914,106
15915,107
15916,76
15917,41
15918,110
15919,122
15920,122
15921,106
15922,107
15923,129
15924,128
15925,128
15926,114
15927,98
15928,114
15929,105
15930,136
15931,62
15932,135
15933,98
15934,94
15935,179
15936,123
15937,97
15938,89
15939,106
15940,113
15941,107
15942,82
15943,129
15944,105
15945,78
15946,108
15947,132
15948,112
15949,159
15950,141
15951,111
15952,152
15953,123
15954,127
15955,139
15956,108
15957,83
15958,88
15959,102
15960,115
15961,118
15962,113
15963,87
15964,93
15965,108
15966,98
15967,124
15968,102
15969,148
15970,98
15971,122
15972,89
15973,112
15974,141
15975,104
15976,87
15977,77
15978,127
15979,56
15980,104
15981,96
15982,62
15983,98
15984,127
15985,89
15986,100
15987,109
15988,108
15989,107
15990,57
15991,57
15992,131
15993,78
15994,98
15995,107
15996,111
15997,67
15998,163
15999,118
16000,102
16001,158
16002,96
16003,101
16004,110
16005,114
16006,112
16007,116
16008,115
16009,150
16010,90
16011,114
16012,69
16013,87
16014,91
16015,104
16016,123
16017,97
16018,125
16019,82
16020,117
16021,102
16022,138
16023,115
16024,114
16025,148
16026,149
16027,100
16028,104
16029,118
16030,116
16031,70
16032,138
16033,89
16034,100
16035,107
16036,134
16037,103
16038,105
16039,93
16040,109
16041,107
16042,125
16043,129
16044,112
16045,105
16046,177
16047,118
16048,113
16049,120
16050,143
16051,109
16052,79
16053,118
16054,134
16055,85
16056,144
16057,109
16058,102
16059,115
16060,105
16061,91
16062,108
16063,117
16064,142
16065,139
16066,132
16067,119
16068,92
16069,87
16070,88
16071,105
16072,86
16073,87
16074,50
16075,124
16076,140
16077,85
16078,129
16079,96
16080,111
16081,168
16082,149
16083,134
16084,110
16085,74
16086,156
16087,140
16088,119
16089,146
16090,107
16091,104
16092,118
16093,100
16094,144
16095,137
16096,128
16097,93
16098,104
16099,123
16100,122
16101,101
16102,85
16103,151
16104,134
16105,94
16106,91
16107,95
16108,121
16109,106
16110,128
16111,136
16112,95
16113,134
16114,122
16115,138
16116,113
16117,125
16118,85
16119,136
16120,146
16121,152
16122,143
16123,166
16124,91
16125,102
16126,122
16127,108
16128,158
16129,179
16130,148
16131,120
16132,118
16133,112
16134,122
16135,130
16136,111
16137,129
16138,144
16139,102
16140,135
16141,80
16142,53
16143,112
16144,103
16145,119
16146,166
16147,96
16148,88
16149,138
16150,127
16151,97
16152,115
16153,132
16154,83
16155,96
16156,113
16157,104
16158,111
16159,109
16160,92
16161,105
16162,105
16163,119
16164,99
16165,102
16166,162
16167,88
16168,102
16169,110
16170,100
16171,148
16172,107
16173,108
16174,126
16175,93
16176,126
16177,182
16178,102
16179,142
16180,91
16181,110
16182,86
16183,109
16184,94
16185,84
16186,152
16187,77
16188,136
16189,75
16190,94
16191,85
16192,156
16193,93
16194,137
16195,133
16196,115
16197,116
16198,114
16199,131
16200,126
16201,153
16202,115
16203,129
16204,148
16205,123
16206,111
16207,135
16208,106
16209,126
16210,85
16211,94
16212,128
16213,124
16214,106
16215,96
16216,95
16217,109
16218,112
16219,114
16220,108
16221,129
16222,104
16223,123
16224,112
16225,85
16226,161
16227,113
16228,114
16229,98
16230,89
16231,118
16232,102
16233,122
16234,129
16235,122
16236,109
16237,73
16238,111
16239,103
16240,145
16241,111
16242,109
16243,104
16244,114
16245,147
16246,117
16247,121
16248,97
16249,100
16250,36
16251,140
16252,160
16253,93
16254,90
16255,88
16256,132
16257,116
16258,108
16259,102
16260,119
16261,89
16262,102
16263,121
16264,106
16265,102
16266,103
16267,121
16268,143
16269,54
16270,92
16271,134
16272,79
16273,71
16274,141
16275,171
16276,129
16277,103
16278,29
16279,56
16280,133
16281,133
16282,118
16283,92
16284,125
16285,160
16286,145
16287,113
16288,128
16289,104
16290,145
16291,137
16292,113
16293,147
16294,114
16295,87
16296,69
16297,151
16298,136
16299,121
16300,60
16301,99
16302,140
16303,128
16304,105
16305,120
16306,105
16307,147
16308,130
16309,157
16310,92
16311,35
16312,120
16313,94
16314,119
16315,158
16316,132
16317,113
16318,124
16319,81
16320,127
16321,114
16322,109
16323,59
16324,116
16325,85
16326,138
16327,124
16328,139
16329,97
16330,168
16331,96
16332,131
16333,103
16334,103
16335,136
16336,143
16337,126
16338,98
16339,35
16340,137
16341,129
16342,117
16343,133
16344,168
16345,123
16346,179
16347,172
16348,116
16349,100
16350,91
16351,117
16352,168
16353,92
16354,152
16355,47
16356,95
16357,146
16358,111
16359,113
16360,126
16361,106
16362,104
16363,136
16364,66
16365,93
16366,116
16367,97
16368,111
16369,128
16370,102
16371,152
16372,142
16373,125
16374,113
16375,89
16376,129
16377,184
16378,90
16379,123
16380,115
16381,99
16382,110
16383,146
16384,131
16385,141
16386,92
16387,101
16388,116
16389,103
16390,147
16391,118
16392,115
16393,127
16394,137
16395,110
16396,112
16397,119
16398,115
16399,91
16400,126
16401,142
16402,131
16403,175
16404,153
16405,141
16406,101
16407,112
16408,106
16409,154
16410,67
16411,102
16412,130
16413,130
16414,92
16415,145
16416,78
16417,166
16418,92
16419,84
16420,118
16421,178
16422,90
16423,120
16424,130
16425,121
16426,126
16427,114
16428,115
16429,113
16430,107
16431,107
16432,115
16433,109
16434,111
16435,128
16436,130
16437,96
16438,40
16439,121
16440,125
16441,127
16442,120
16443,121
16444,114
16445,146
16446,127
16447,129
16448,105
16449,90
16450,123
16451,119
16452,115
16453,115
16454,100
16455,136
16456,140
16457,150
16458,106
16459,137
16460,147
16461,127
16462,141
16463,123
16464,140
16465,142
16466,155
16467,127
16468,60
16469,120
16470,22
16471,118
16472,112
16473,138
16474,134
16475,103
16476,162
16477,65
16478,123
16479,93
16480,83
16481,130
16482,109
16483,124
16484,89
16485,106
16486,130
16487,117
16488,114
16489,100
16490,94
16491,105
16492,95
16493,95
16494,104
16495,95
16496,136
16497,109
16498,129
16499,143
16500,66
16501,98
16502,128
16503,102
16504,84
16505,82
16506,106
16507,119
16508,104
16509,131
16510,136
16511,86
16512,136
16513,122
16514,100
16515,102
16516,138
16517,78
16518,134
16519,107
16520,109
16521,82
16522,133
16523,118
16524,121
16525,70
16526,108
16527,115
16528,119
16529,130
16530,125
16531,116
16532,98
16533,129
16534,109
16535,118
16536,32
16537,142
16538,30
16539,105
16540,109
16541,168
16542,116
16543,159
16544,103
16545,92
16546,122
16547,151
16548,106
16549,132
16550,144
16551,120
16552,142
16553,137
16554,128
16555,113
16556,93
16557,106
16558,112
16559,83
16560,118
16561,107
16562,123
16563,112
16564,136
16565,124
16566,144
16567,133
16568,97
16569,188
16570,103
16571,60
16572,114
16573,174
16574,145
16575,163
16576,180
16577,154
16578,96
16579,99
16580,109
16581,98
16582,118
16583,26
16584,106
16585,110
16586,118
16587,178
16588,111
16589,104
16590,98
16591,126
16592,87
16593,131
16594,155
16595,146
16596,123
16597,139
16598,109
16599,148
16600,116
16601,137
16602,124
16603,126
16604,105
16605,127
16606,134
16607,127
16608,80
16609,129
16610,141
16611,89
16612,133
16613,112
16614,114
16615,117
16616,114
16617,134
16618,137
16619,109
16620,129
16621,113
16622,110
16623,34
16624,122
16625,119
16626,133
16627,112
16628,99
16629,139
16630,98
16631,124
16632,105
16633,83
16634,153
16635,112
16636,142
16637,145
16638,100
16639,144
16640,105
16641,89
16642,164
16643,104
16644,137
16645,110
16646,143
16647,134
16648,119
16649,111
16650,107
16651,93
16652,120
16653,162
16654,130
16655,115
16656,44
16657,86
16658,116
16659,105
16660,105
16661,130
16662,167
16663,147
16664,118
16665,166
16666,121
16667,109
16668,141
16669,43
16670,116
16671,107
16672,132
16673,100
16674,95
16675,144
16676,107
16677,89
16678,116
16679,114
16680,141
16681,115
16682,70
16683,122
16684,95
16685,81
16686,92
16687,81
16688,141
16689,89
16690,122
16691,129
16692,63
16693,46
16694,134
16695,62
16696,102
16697,101
16698,114
16699,120
16700,94
16701,122
16702,133
16703,141
16704,80
16705,155
16706,113
16707,138
16708,116
16709,120
16710,108
16711,161
16712,89
16713,97
16714,124
16715,104
16716,103
16717,125
16718,153
16719,106
16720,118
16721,92
16722,95
16723,96
16724,139
16725,87
16726,99
16727,96
16728,127
16729,101
16730,139
16731,150
16732,133
16733,99
16734,104
16735,156
16736,102
16737,95
16738,80
16739,97
16740,158
16741,82
16742,94
16743,106
16744,127
16745,114
16746,60
16747,100
16748,101
16749,151
16750,129
16751,115
16752,131
16753,117
16754,113
16755,105
16756,93
16757,153
16758,87
16759,104
16760,77
16761,110
16762,105
16763,151
16764,89
16765,124
16766,119
16767,98
16768,122
16769,108
16770,163
16771,98
16772,109
16773,123
16774,124
16775,98
16776,91
16777,101
16778,114
16779,142
16780,149
16781,106
16782,143
16783,109
16784,89
16785,95
16786,168
16787,84
16788,118
16789,147
16790,95
16791,136
16792,126
16793,134
16794,78
16795,113
16796,141
16797,117
16798,124
16799,83
16800,134
16801,102
16802,91
16803,107
16804,113
16805,104
16806,142
16807,144
16808,107
16809,79
16810,160
16811,136
16812,111
16813,93
16814,93
16815,133
16816,89
16817,129
16818,88
16819,80
16820,108
16821,179
16822,119
16823,121
16824,89
16825,124
16826,132
16827,144
16828,142
16829,139
16830,99
16831,118
16832,153
16833,137
16834,142
16835,116
16836,140
16837,143
16838,117
16839,93
16840,89
16841,142
16842,150
16843,157
16844,95
16845,119
16846,127
16847,109
16848,163
16849,141
16850,82
16851,104
16852,99
16853,108
16854,100
16855,119
16856,97
16857,116
16858,165
16859,170
16860,103
16861,102
16862,117
16863,94
16864,114
16865,92
16866,90
16867,105
16868,122
16869,114
16870,156
16871,85
16872,90
16873,116
16874,104
16875,98
16876,145
16877,103
16878,113
16879,126
16880,93
16881,103
16882,142
16883,138
16884,133
16885,132
16886,144
16887,109
16888,122
16889,141
16890,99
16891,141
16892,117
16893,142
16894,139
16895,134
16896,119
16897,142
16898,136
16899,165
16900,102
16901,139
16902,102
16903,153
16904,155
16905,78
16906,84
16907,103
16908,102
16909,88
16910,125
16911,115
16912,103
16913,186
16914,122
16915,160
16916,138
16917,140
16918,131
16919,88
16920,116
16921,93
16922,105
16923,120
16924,81
16925,100
16926,120
16927,132
16928,138
16929,111
16930,96
16931,100
16932,89
16933,116
16934,113
16935,116
16936,148
16937,128
16938,80
16939,108
16940,102
16941,167
16942,99
16943,133
16944,124
16945,137
16946,135
16947,113
16948,129
16949,132
16950,136
16951,112
16952,130
16953,145
16954,117
16955,149
16956,109
16957,102
16958,132
16959,118
16960,144
16961,68
16962,44
16963,135
16964,146
16965,167
16966,93
16967,112
16968,102
16969,129
16970,148
16971,119
16972,107
16973,132
16974,101
16975,110
16976,100
16977,118
16978,96
16979,127
16980,116
16981,154
16982,133
16983,128
16984,104
16985,130
16986,126
16987,96
16988,109
16989,125
16990,82
16991,96
16992,110
16993,117
16994,96
16995,77
16996,135
16997,102
16998,91
16999,115
17000,150
17001,83
17002,127
17003,109
17004,106
17005,88
17006,144
17007,114
17008,126
17009,162
17010,168
17011,45
17012,117
17013,151
17014,90
17015,74
17016,89
17017,139
17018,127
17019,106
17020,130
17021,121
17022,129
17023,134
17024,147
17025,103
17026,105
17027,97
17028,96
17029,130
17030,129
17031,93
17032,114
17033,107
17034,105
17035,118
17036,105
17037,90
17038,99
17039,151
17040,32
17041,94
17042,115
17043,115
17044,132
17045,138
17046,101
17047,137
17048,149
17049,61
17050,85
17051,131
17052,148
17053,108
17054,124
17055,143
17056,106
17057,120
17058,32
17059,141
17060,99
17061,106
17062,117
17063,92
17064,100
17065,80
17066,108
17067,112
17068,119
17069,119
17070,123
17071,125
17072,128
17073,159
17074,98
17075,102
17076,116
17077,142
17078,129
17079,96
17080,141
17081,172
17082,67
17083,59
17084,74
17085,97
17086,138
17087,114
17088,114
17089,112
17090,146
17091,102
17092,116
17093,115
17094,100
17095,111
17096,150
17097,123
17098,131
17099,104
17100,62
17101,116
17102,76
17103,137
17104,145
17105,180
17106,111
17107,115
17108,105
17109,98
17110,118
17111,110
17112,123
17113,87
17114,118
17115,125
17116,111
17117,127
17118,138
17119,85
17120,166
17121,104
17122,108
17123,88
17124,73
17125,104
17126,98
17127,146
17128,94
17129,116
17130,160
17131,147
17132,89
17133,120
17134,107
17135,122
17136,159
17137,95
17138,112
17139,142
17140,30
17141,91
17142,90
17143,110
17144,123
17145,94
17146,131
17147,119
17148,118
17149,104
17150,119
17151,152
17152,161
17153,138
17154,70
17155,88
17156,102
17157,111
17158,81
17159,74
17160,121
17161,127
17162,96
17163,27
17164,119
17165,84
17166,77
17167,95
17168,108
17169,99
17170,86
17171,102
17172,159
17173,93
17174,88
17175,68
17176,142
17177,130
17178,69
17179,95
17180,87
17181,105
17182,125
17183,103
17184,98
17185,132
17186,32
17187,110
17188,131
17189,131
17190,84
17191,128
17192,115
17193,157
17194,151
17195,96
17196,100
17197,132
17198,84
17199,156
17200,97
17201,93
17202,126
17203,125
17204,120
17205,129
17206,87
17207,170
17208,128
17209,111
17210,120
17211,103
17212,86
17213,132
17214,118
17215,107
17216,165
17217,61
17218,128
17219,115
17220,171
17221,118
17222,178
17223,112
17224,121
17225,123
17226,95
17227,136
17228,183
17229,91
17230,90
17231,111
17232,166
17233,126
17234,117
17235,125
17236,112
17237,95
17238,116
17239,118
17240,92
17241,79
17242,181
17243,149
17244,94
17245,103
17246,77
17247,65
17248,118
17249,85
17250,112
17251,134
17252,128
17253,128
17254,96
17255,108
17256,111
17257,114
17258,101
17259,119
17260,80
17261,139
17262,118
17263,77
17264,146
17265,126
17266,36
17267,165
17268,113
17269,117
17270,125
17271,115
17272,103
17273,120
17274,114
17275,125
17276,79
17277,159
17278,123
17279,95
17280,126
17281,129
17282,45
17283,101
17284,88
17285,133
17286,80
17287,39
17288,141
17289,100
17290,163
17291,93
17292,148
17293,119
17294,113
17295,114
17296,103
17297,87
17298,113
17299,140
17300,133
17301,112
17302,124
17303,80
17304,126
17305,84
17306,125
17307,112
17308,118
17309,104
17310,143
17311,116
17312,100
17313,86
17314,104
17315,117
17316,168
17317,102
17318,87
17319,129
17320,123
17321,88
17322,136
17323,128
17324,125
17325,127
17326,34
17327,100
17328,121
17329,176
17330,143
17331,99
17332,130
17333,106
17334,92
17335,100
17336,87
17337,97
17338,48
17339,112
17340,82
17341,112
17342,131
17343,142
17344,137
17345,122
17346,89
17347,114
17348,137
17349,92
17350,106
17351,133
17352,101
17353,97
17354,107
17355,106
17356,137
17357,99
17358,93
17359,179
17360,119
17361,143
17362,158
17363,111
17364,136
17365,137
17366,42
17367,72
17368,107
17369,91
17370,107
17371,121
17372,126
17373,116
17374,144
17375,154
17376,142
17377,106
17378,97
17379,142
17380,106
17381,109
17382,112
17383,94
17384,84
17385,119
17386,115
17387,155
17388,126
17389,103
17390,91
17391,146
17392,127
17393,115
17394,121
17395,109
17396,116
17397,87
17398,161
17399,131
17400,51
17401,113
17402,135
17403,106
17404,166
17405,178
17406,115
17407,100
17408,152
17409,115
17410,97
17411,155
17412,100
17413,90
17414,98
17415,142
17416,135
17417,83
17418,149
17419,82
17420,128
17421,105
17422,142
17423,141
17424,131
17425,104
17426,127
17427,121
17428,102
17429,133
17430,102
17431,72
17432,112
17433,110
17434,187
17435,109
17436,120
17437,110
17438,123
17439,94
17440,172
17441,100
17442,107
17443,134
17444,120
17445,99
17446,121
17447,102
17448,143
17449,126
17450,176
17451,62
17452,89
17453,140
17454,164
17455,97
17456,121
17457,89
17458,167
17459,92
17460,132
17461,92
17462,134
17463,109
17464,114
17465,147
17466,100
17467,133
17468,122
17469,119
17470,89
17471,91
17472,106
17473,100
17474,132
17475,173
17476,132
17477,77
17478,111
17479,95
17480,101
17481,94
17482,145
17483,91
17484,95
17485,122
17486,101
17487,118
17488,104
17489,122
17490,88
17491,72
17492,121
17493,166
17494,85
17495,90
17496,77
17497,146
17498,42
17499,106
17500,84
17501,158
17502,131
17503,91
17504,107
17505,104
17506,123
17507,133
17508,107
17509,108
17510,77
17511,111
17512,90
17513,130
17514,82
17515,146
17516,108
17517,77
17518,92
17519,127
17520,105
17521,111
17522,128
17523,142
17524,102
17525,164
17526,134
17527,127
17528,171
17529,90
17530,135
17531,121
17532,103
17533,99
17534,111
17535,102
17536,92
17537,122
17538,88
17539,106
17540,83
17541,103
17542,85
17543,105
17544,115
17545,125
17546,112
17547,170
17548,162
17549,123
17550,124
17551,97
17552,115
17553,143
17554,137
17555,161
17556,113
17557,130
17558,88
17559,157
17560,88
17561,99
17562,110
17563,38
17564,90
17565,90
17566,194
17567,87
17568,157
17569,106
17570,132
17571,76
17572,139
17573,129
17574,43
17575,100
17576,103
17577,86
17578,107
17579,136
17580,159
17581,74
17582,125
17583,115
17584,114
17585,138
17586,113
17587,98
17588,90
17589,123
17590,31
17591,99
17592,142
17593,122
17594,104
17595,111
17596,77
17597,124
17598,113
17599,102
17600,97
17601,124
17602,112
17603,134
17604,102
17605,140
17606,94
17607,129
17608,109
17609,108
17610,114
17611,85
17612,111
17613,161
17614,125
17615,105
17616,107
17617,159
17618,131
17619,118
17620,90
17621,97
17622,122
17623,93
17624,151
17625,112
17626,127
17627,61
17628,116
17629,77
17630,149
17631,111
17632,126
17633,150
17634,120
17635,94
17636,104
17637,113
17638,110
17639,79
17640,90
17641,140
17642,93
17643,190
17644,129
17645,48
17646,102
17647,102
17648,115
17649,101
17650,113
17651,112
17652,174
17653,141
17654,145
17655,120
17656,111
17657,117
17658,93
17659,113
17660,133
17661,143
17662,57
17663,186
17664,124
17665,170
17666,117
17667,162
17668,150
17669,127
17670,92
17671,77
17672,132
17673,119
17674,79
17675,87
17676,126
17677,105
17678,173
17679,156
17680,116
17681,86
17682,120
17683,146
17684,116
17685,102
17686,114
17687,112
17688,106
17689,80
17690,146
17691,127
17692,152
17693,117
17694,118
17695,107
17696,103
17697,111
17698,88
17699,86
17700,138
17701,114
17702,158
17703,175
17704,139
17705,158
17706,86
17707,106
17708,96
17709,145
17710,109
17711,95
17712,120
17713,90
17714,104
17715,81
17716,90
17717,134
17718,170
17719,70
17720,50
17721,132
17722,106
17723,110
17724,136
17725,156
17726,112
17727,134
17728,100
17729,112
17730,149
17731,120
17732,124
17733,88
17734,90
17735,135
17736,113
17737,127
17738,122
17739,119
17740,114
17741,120
17742,91
17743,101
17744,105
17745,114
17746,154
17747,173
17748,157
17749,108
17750,144
17751,138
17752,87
17753,62
17754,101
17755,101
17756,90
17757,99
17758,94
17759,94
17760,112
17761,93
17762,122
17763,86
17764,124
17765,119
17766,141
17767,120
17768,109
17769,86
17770,109
17771,74
17772,136
17773,107
17774,103
17775,112
17776,124
17777,120
17778,107
17779,132
17780,85
17781,119
17782,134
17783,125
17784,130
17785,100
17786,117
17787,99
17788,149
17789,150
17790,132
17791,150
17792,122
17793,99
17794,123
17795,93
17796,123
17797,81
17798,99
17799,119
17800,154
17801,142
17802,126
17803,108
17804,177
17805,116
17806,81
17807,100
17808,137
17809,120
17810,124
17811,87
17812,121
17813,112
17814,115
17815,97
17816,119
17817,123
17818,105
17819,101
17820,147
17821,113
17822,82
17823,100
17824,74
17825,105
17826,131
17827,118
17828,90
17829,116
17830,130
17831,47
17832,176
17833,130
17834,99
17835,150
17836,111
17837,139
17838,100
17839,114
17840,107
17841,136
17842,74
17843,126
17844,83
17845,102
17846,161
17847,117
17848,84
17849,123
17850,120
17851,103
17852,88
17853,102
17854,93
17855,131
17856,98
17857,140
17858,145
17859,71
17860,101
17861,105
17862,109
17863,111
17864,80
17865,148
17866,101
17867,96
17868,128
17869,127
17870,90
17871,84
17872,129
17873,87
17874,89
17875,89
17876,163
17877,103
17878,154
17879,127
17880,68
17881,141
17882,123
17883,179
17884,132
17885,126
17886,109
17887,99
17888,134
17889,111
17890,114
17891,94
17892,109
17893,92
17894,103
17895,128
17896,84
17897,104
17898,119
17899,85
17900,114
17901,105
17902,160
17903,108
17904,161
17905,91
17906,119
17907,110
17908,155
17909,86
17910,107
17911,75
17912,144
17913,99
17914,132
17915,83
17916,109
17917,99
17918,36
17919,117
17920,124
17921,81
17922,147
17923,34
17924,162
17925,116
17926,88
17927,115
17928,161
17929,93
17930,115
17931,119
17932,102
17933,126
17934,148
17935,102
17936,126
17937,172
17938,134
17939,90
17940,87
17941,112
17942,127
17943,84
17944,129
17945,91
17946,109
17947,102
17948,152
17949,119
17950,120
17951,100
17952,162
17953,125
17954,48
17955,131
17956,134
17957,127
17958,102
17959,109
17960,97
17961,140
17962,104
17963,120
17964,127
17965,109
17966,104
17967,129
17968,73
17969,152
17970,113
17971,122
17972,125
17973,92
17974,113
17975,78
17976,116
17977,85
17978,110
17979,127
17980,95
17981,109
17982,128
17983,139
17984,184
17985,116
17986,128
17987,91
17988,107
17989,92
17990,123
17991,129
17992,129
17993,100
17994,138
17995,105
17996,113
17997,117
17998,38
17999,94
18000,93
18001,113
18002,129
18003,143
18004,108
18005,108
18006,62
18007,162
18008,158
18009,99
18010,128
18011,71
18012,84
18013,99
18014,87
18015,119
18016,128
18017,92
18018,135
18019,109
18020,73
18021,101
18022,115
18023,93
18024,107
18025,106
18026,93
18027,138
18028,100
18029,145
18030,126
18031,185
18032,89
18033,106
18034,88
18035,99
18036,150
18037,135
18038,66
18039,75
18040,130
18041,81
18042,121
18043,55
18044,43
18045,171
18046,140
18047,96
18048,97
18049,117
18050,86
18051,141
18052,105
18053,177
18054,103
18055,101
18056,82
18057,138
18058,73
18059,126
18060,74
18061,128
18062,97
18063,154
18064,82
18065,123
18066,108
18067,103
18068,170
18069,147
18070,113
18071,133
18072,133
18073,143
18074,108
18075,84
18076,150
18077,159
18078,116
18079,26
18080,101
18081,106
18082,106
18083,90
18084,84
18085,83
18086,143
18087,128
18088,156
18089,81
18090,164
18091,95
18092,121
18093,148
18094,96
18095,80
18096,73
18097,110
18098,116
18099,92
18100,186
18101,85
18102,135
18103,121
18104,117
18105,111
18106,123
18107,98
18108,119
18109,130
18110,101
18111,108
18112,93
18113,127
18114,48
18115,116
18116,109
18117,148
18118,119
18119,113
18120,174
18121,140
18122,116
18123,35
18124,134
18125,77
18126,125
18127,119
18128,109
18129,119
18130,112
18131,104
18132,84
18133,107
18134,74
18135,98
18136,96
18137,119
18138,103
18139,98
18140,106
18141,119
18142,111
18143,95
18144,98
18145,166
18146,111
18147,107
18148,108
18149,88
18150,99
18151,126
18152,119
18153,139
18154,154
18155,115
18156,91
18157,88
18158,104
18159,92
18160,128
18161,90
18162,104
18163,103
18164,102
18165,168
18166,133
18167,118
18168,103
18169,168
18170,121
18171,145
18172,125
18173,113
18174,102
18175,101
18176,88
18177,81
18178,131
18179,178
18180,150
18181,85
18182,138
18183,116
18184,138
18185,104
18186,100
18187,101
18188,157
18189,129
18190,118
18191,106
18192,137
18193,122
18194,91
18195,140
18196,123
18197,106
18198,137
18199,177
18200,109
18201,79
18202,142
18203,103
18204,141
18205,111
18206,89
18207,115
18208,135
18209,118
18210,102
18211,92
18212,91
18213,134
18214,118
18215,72
18216,140
18217,159
18218,100
18219,137
18220,128
18221,137
18222,138
18223,109
18224,152
18225,92
18226,119
18227,96
18228,164
18229,100
18230,121
18231,93
18232,100
18233,112
18234,95
18235,150
18236,119
18237,162
18238,125
18239,131
18240,173
18241,108
18242,127
18243,100
18244,155
18245,96
18246,102
18247,79
18248,122
18249,96
18250,166
18251,52
18252,108
18253,97
18254,139
18255,105
18256,138
18257,112
18258,69
18259,142
18260,126
18261,86
18262,113
18263,87
18264,105
18265,78
18266,107
18267,69
18268,93
18269,129
18270,101
18271,112
18272,102
18273,144
18274,106
18275,82
18276,113
18277,132
18278,112
18279,135
18280,139
18281,156
18282,126
18283,90
18284,105
18285,120
18286,105
18287,130
18288,97
18289,133
18290,98
18291,139
18292,100
18293,95
18294,111
18295,102
18296,110
18297,128
18298,109
18299,105
18300,78
18301,113
18302,116
18303,111
18304,106
18305,96
18306,70
18307,124
18308,159
18309,95
18310,88
18311,104
18312,120
18313,184
18314,122
18315,136
18316,179
18317,110
18318,110
18319,106
18320,101
18321,149
18322,135
18323,150
18324,120
18325,156
18326,95
18327,23
18328,119
18329,82
18330,105
18331,107
18332,91
18333,144
18334,97
18335,103
18336,123
18337,112
18338,119
18339,140
18340,145
18341,45
18342,163
18343,123
18344,108
18345,114
18346,134
18347,91
18348,85
18349,116
18350,104
18351,111
18352,133
18353,132
18354,61
18355,144
18356,117
18357,111
18358,83
18359,116
18360,109
18361,187
18362,104
18363,149
18364,95
18365,95
18366,112
18367,107
18368,117
18369,132
18370,120
18371,116
18372,86
18373,138
18374,132
18375,68
18376,92
18377,97
18378,160
18379,124
18380,143
18381,123
18382,128
18383,114
18384,132
18385,128
18386,107
18387,136
18388,158
18389,131
18390,140
18391,136
18392,116
18393,124
18394,116
18395,138
18396,117
18397,121
18398,53
18399,115
18400,130
18401,151
18402,90
18403,77
18404,78
18405,115
18406,85
18407,100
18408,100
18409,108
18410,156
18411,145
18412,116
18413,95
18414,109
18415,118
18416,125
18417,119
18418,127
18419,161
18420,111
18421,120
18422,108
18423,149
18424,94
18425,93
18426,117
18427,95
18428,100
18429,103
18430,110
18431,89
18432,107
18433,171
18434,102
18435,91
18436,80
18437,89
18438,102
18439,35
18440,82
18441,80
18442,114
18443,103
18444,123
18445,105
18446,114
18447,125
18448,49
18449,138
18450,105
18451,104
18452,115
18453,115
18454,160
18455,84
18456,136
18457,73
18458,109
18459,120
18460,124
18461,148
18462,109
18463,147
18464,119
18465,101
18466,71
18467,95
18468,142
18469,123
18470,88
18471,142
18472,85
18473,91
18474,111
18475,64
18476,101
18477,108
18478,123
18479,139
18480,147
18481,110
18482,88
18483,85
18484,111
18485,119
18486,84
18487,92
18488,111
18489,129
18490,121
18491,118
18492,171
18493,179
18494,163
18495,121
18496,133
18497,78
18498,149
18499,108
18500,108
18501,101
18502,118
18503,124
18504,96
18505,111
18506,164
18507,68
18508,146
18509,113
18510,95
18511,136
18512,108
18513,92
18514,126
18515,134
18516,92
18517,122
18518,133
18519,138
18520,89
18521,52
18522,87
18523,85
18524,123
18525,112
18526,133
18527,96
18528,113
18529,110
18530,110
18531,140
18532,107
18533,91
18534,97
18535,157
18536,109
18537,121
18538,91
18539,118
18540,138
18541,114
18542,110
18543,128
18544,88
18545,109
18546,112
18547,95
18548,109
18549,111
18550,180
18551,107
18552,95
18553,111
18554,102
18555,109
18556,164
18557,119
18558,100
18559,79
18560,90
18561,125
18562,111
18563,129
18564,90
18565,113
18566,148
18567,118
18568,101
18569,122
18570,125
18571,92
18572,114
18573,136
18574,132
18575,98
18576,127
18577,97
18578,92
18579,160
18580,150
18581,115
18582,91
18583,96
18584,84
18585,89
18586,112
18587,150
18588,119
18589,100
18590,66
18591,85
18592,99
18593,107
18594,108
18595,67
18596,133
18597,87
18598,103
18599,158
18600,112
18601,120
18602,103
18603,119
18604,119
18605,123
18606,96
18607,83
18608,96
18609,145
18610,107
18611,123
18612,119
18613,157
18614,63
18615,103
18616,168
18617,135
18618,121
18619,81
18620,168
18621,152
18622,126
18623,121
18624,83
18625,128
18626,96
18627,95
18628,136
18629,89
18630,162
18631,107
18632,105
18633,109
18634,67
18635,93
18636,92
18637,143
18638,100
18639,128
18640,129
18641,60
18642,100
18643,108
18644,89
18645,108
18646,115
18647,140
18648,80
18649,112
18650,125
18651,113
18652,82
18653,150
18654,83
18655,120
18656,103
18657,153
18658,121
18659,106
18660,144
18661,106
18662,113
18663,70
18664,32
18665,86
18666,104
18667,99
18668,132
18669,89
18670,166
18671,109
18672,133
18673,109
18674,122
18675,96
18676,82
18677,81
18678,75
18679,89
18680,101
18681,116
18682,109
18683,113
18684,86
18685,135
18686,98
18687,121
18688,112
18689,124
18690,118
18691,115
18692,34
18693,125
18694,91
18695,92
18696,157
18697,120
18698,102
18699,108
18700,101
18701,95
18702,142
18703,102
18704,126
18705,124
18706,95
18707,125
18708,104
18709,97
18710,108
18711,111
18712,131
18713,89
18714,162
18715,107
18716,135
18717,131
18718,101
18719,122
18720,121
18721,91
18722,103
18723,121
18724,120
18725,113
18726,123
18727,83
18728,126
18729,87
18730,148
18731,125
18732,103
18733,129
18734,129
18735,129
18736,163
18737,131
18738,68
18739,109
18740,112
18741,106
18742,121
18743,111
18744,121
18745,92
18746,111
18747,111
18748,148
18749,128
18750,139
18751,91
18752,132
18753,110
18754,92
18755,93
18756,133
18757,70
18758,91
18759,128
18760,153
18761,101
18762,105
18763,120
18764,127
18765,133
18766,151
18767,177
18768,110
18769,151
18770,140
18771,102
18772,104
18773,103
18774,78
18775,125
18776,130
18777,112
18778,158
18779,70
18780,74
18781,132
18782,107
18783,124
18784,88
18785,147
18786,144
18787,102
18788,108
18789,128
18790,103
18791,94
18792,108
18793,97
18794,119
18795,116
18796,106
18797,107
18798,185
18799,77
18800,114
18801,95
18802,78
18803,93
18804,138
18805,109
18806,106
18807,147
18808,99
18809,134
18810,106
18811,151
18812,140
18813,101
18814,138
18815,102
18816,110
18817,119
18818,112
18819,55
18820,122
18821,122
18822,99
18823,133
18824,90
18825,148
18826,132
18827,117
18828,114
18829,133
18830,109
18831,140
18832,132
18833,99
18834,128
18835,49
18836,107
18837,113
18838,125
18839,114
18840,109
18841,101
18842,72
18843,109
18844,103
18845,115
18846,79
18847,123
18848,110
18849,117
18850,53
18851,115
18852,117
18853,111
18854,131
18855,151
18856,133
18857,182
18858,70
18859,134
18860,137
18861,119
18862,97
18863,108
18864,146
18865,96
18866,81
18867,129
18868,127
18869,143
18870,129
18871,105
18872,152
18873,131
18874,82
18875,105
18876,88
18877,129
18878,154
18879,144
18880,46
18881,144
18882,137
18883,113
18884,167
18885,124
18886,111
18887,114
18888,76
18889,134
18890,113
18891,70
18892,145
18893,99
18894,114
18895,110
18896,120
18897,138
18898,128
18899,123
18900,126
18901,114
18902,89
18903,133
18904,113
18905,125
18906,128
18907,95
18908,171
18909,77
18910,115
18911,96
18912,105
18913,28
18914,94
18915,126
18916,131
18917,130
18918,150
18919,86
18920,175
18921,131
18922,141
18923,103
18924,124
18925,97
18926,114
18927,105
18928,131
18929,153
18930,120
18931,114
18932,131
18933,114
18934,98
18935,115
18936,97
18937,91
18938,113
18939,118
18940,85
18941,147
18942,137
18943,106
18944,126
18945,120
18946,108
18947,91
18948,110
18949,143
18950,62
18951,77
18952,93
18953,123
18954,89
18955,141
18956,119
18957,178
18958,81
18959,108
18960,126
18961,108
18962,92
18963,107
18964,137
18965,107
18966,127
18967,104
18968,167
18969,120
18970,105
18971,93
18972,135
18973,100
18974,141
18975,87
18976,81
18977,107
18978,122
18979,142
18980,91
18981,99
18982,134
18983,99
18984,124
18985,122
18986,121
18987,123
18988,108
18989,114
18990,121
18991,116
18992,94
18993,116
18994,88
18995,153
18996,115
18997,118
18998,124
18999,128
19000,93
19001,94
19002,90
19003,117
19004,134
19005,131
19006,123
19007,91
19008,92
19009,102
19010,163
19011,93
19012,104
19013,169
19014,83
19015,124
19016,111
19017,129
19018,107
19019,128
19020,93
19021,107
19022,131
19023,109
19024,109
19025,92
19026,118
19027,122
19028,111
19029,132
19030,89
19031,123
19032,87
19033,94
19034,99
19035,159
19036,139
19037,114
19038,116
19039,126
19040,88
19041,103
19042,106
19043,149
19044,98
19045,123
19046,107
19047,104
19048,118
19049,110
19050,134
19051,103
19052,81
19053,79
19054,114
19055,82
19056,147
19057,106
19058,105
19059,147
19060,86
19061,120
19062,160
19063,111
19064,92
19065,125
19066,129
19067,92
19068,133
19069,130
19070,130
19071,121
19072,87
19073,167
19074,124
19075,83
19076,123
19077,135
19078,114
19079,126
19080,145
19081,128
19082,156
19083,153
19084,85
19085,132
19086,106
19087,122
19088,130
19089,91
19090,108
19091,70
19092,101
19093,156
19094,92
19095,112
19096,121
19097,81
19098,129
19099,109
19100,111
19101,129
19102,120
19103,108
19104,97
19105,64
19106,107
19107,108
19108,134
19109,135
19110,105
19111,148
19112,98
19113,86
19114,100
19115,123
19116,127
19117,129
19118,102
19119,126
19120,148
19121,110
19122,94
19123,167
19124,141
19125,69
19126,115
19127,112
19128,102
19129,94
19130,140
19131,89
19132,111
19133,117
19134,132
19135,104
19136,124
19137,146
19138,165
19139,112
19140,94
19141,120
19142,125
19143,111
19144,108
19145,40
19146,101
19147,93
19148,94
19149,121
19150,150
19151,78
19152,138
19153,91
19154,97
19155,156
19156,96
19157,135
19158,150
19159,104
19160,101
19161,103
19162,115
19163,96
19164,92
19165,108
19166,63
19167,93
19168,135
19169,83
19170,133
19171,181
19172,104
19173,152
19174,118
19175,101
19176,135
19177,105
19178,98
19179,128
19180,153
19181,147
19182,75
19183,127
19184,158
19185,76
19186,105
19187,117
19188,108
19189,114
19190,67
19191,182
19192,97
19193,136
19194,147
19195,115
19196,114
19197,156
19198,115
19199,126
19200,101
19201,88
19202,102
19203,104
19204,131
19205,95
19206,47
19207,92
19208,103
19209,149
19210,115
19211,78
19212,114
19213,92
19214,127
19215,104
19216,82
19217,100
19218,109
19219,111
19220,146
19221,128
19222,124
19223,109
19224,129
19225,102
19226,110
19227,132
19228,86
19229,97
19230,110
19231,99
19232,135
19233,132
19234,154
19235,146
19236,106
19237,116
19238,129
19239,139
19240,76
19241,87
19242,157
19243,120
19244,123
19245,138
19246,93
19247,97
19248,158
19249,107
19250,163
19251,143
19252,103
19253,117
19254,127
19255,109
19256,128
19257,139
19258,99
19259,104
19260,92
19261,130
19262,86
19263,143
19264,117
19265,117
19266,110
19267,116
19268,157
19269,103
19270,115
19271,96
19272,84
19273,122
19274,130
19275,128
19276,46
19277,120
19278,105
19279,87
19280,106
19281,135
19282,107
19283,132
19284,137
19285,91
19286,75
19287,144
19288,102
19289,111
19290,163
19291,99
19292,130
19293,124
19294,118
19295,117
19296,131
19297,117
19298,135
19299,115
19300,122
19301,120
19302,86
19303,108
19304,119
19305,155
19306,122
19307,78
19308,155
19309,104
19310,98
19311,130
19312,67
19313,140
19314,124
19315,97
19316,121
19317,155
19318,99
19319,122
19320,112
19321,109
19322,122
19323,98
19324,96
19325,105
19326,140
19327,98
19328,101
19329,134
19330,94
19331,141
19332,121
19333,114
19334,128
19335,159
19336,86
19337,132
19338,110
19339,138
19340,98
19341,76
19342,119
19343,105
19344,135
19345,76
19346,131
19347,148
19348,114
19349,102
19350,114
19351,138
19352,118
19353,91
19354,151
19355,108
19356,165
19357,121
19358,104
19359,97
19360,98
19361,121
19362,89
19363,135
19364,148
19365,114
19366,91
19367,117
19368,132
19369,112
19370,94
19371,94
19372,101
19373,123
19374,91
19375,82
19376,89
19377,110
19378,160
19379,119
19380,94
19381,87
19382,124
19383,84
19384,144
19385,141
19386,94
19387,100
19388,102
19389,106
19390,84
19391,85
19392,121
19393,104
19394,119
19395,104
19396,75
19397,132
19398,70
19399,104
19400,99
19401,91
19402,89
19403,83
19404,140
19405,89
19406,131
19407,146
19408,143
19409,27
19410,96
19411,31
19412,86
19413,167
19414,126
19415,87
19416,150
19417,111
19418,96
19419,122
19420,97
19421,81
19422,149
19423,89
19424,142
19425,117
19426,138
19427,149
19428,143
19429,109
19430,109
19431,135
19432,74
19433,117
19434,112
19435,115
19436,129
19437,115
19438,137
19439,123
19440,58
19441,111
19442,128
19443,147
19444,94
19445,93
19446,134
19447,106
19448,130
19449,99
19450,119
19451,125
19452,111
19453,169
19454,107
19455,113
19456,105
19457,130
19458,133
19459,42
19460,92
19461,140
19462,107
19463,154
19464,100
19465,109
19466,121
19467,143
19468,130
19469,109
19470,119
19471,103
19472,139
19473,102
19474,123
19475,119
19476,108
19477,76
19478,104
19479,145
19480,116
19481,162
19482,90
19483,78
19484,143
19485,123
19486,104
19487,92
19488,95
19489,101
19490,121
19491,102
19492,98
19493,168
19494,96
19495,87
19496,89
19497,110
19498,106
19499,114
19500,75
19501,123
19502,132
19503,91
19504,113
19505,98
19506,105
19507,108
19508,90
19509,122
19510,166
19511,113
19512,123
19513,120
19514,137
19515,123
19516,88
19517,43
19518,103
19519,119
19520,132
19521,102
19522,120
19523,137
19524,131
19525,112
19526,188
19527,165
19528,78
19529,122
19530,103
19531,123
19532,136
19533,124
19534,71
19535,148
19536,111
19537,130
19538,90
19539,95
19540,85
19541,177
19542,101
19543,107
19544,141
19545,114
19546,122
19547,102
19548,130
19549,81
19550,104
19551,121
19552,123
19553,113
19554,150
19555,89
19556,109
19557,81
19558,114
19559,138
19560,105
19561,99
19562,118
19563,113
19564,85
19565,111
19566,117
19567,104
19568,105
19569,66
19570,140
19571,104
19572,118
19573,161
19574,123
19575,119
19576,104
19577,123
19578,129
19579,109
19580,88
19581,137
19582,151
19583,85
19584,129
19585,112
19586,124
19587,101
19588,134
19589,147
19590,84
19591,82
19592,91
19593,148
19594,82
19595,121
19596,83
19597,50
19598,109
19599,113
19600,108
19601,84
19602,125
19603,109
19604,95
19605,82
19606,124
19607,81
19608,116
19609,127
19610,86
19611,170
19612,152
19613,98
19614,113
19615,97
19616,129
19617,114
19618,115
19619,53
19620,135
19621,111
19622,128
19623,115
19624,132
19625,106
19626,102
19627,115
19628,34
19629,82
19630,104
19631,67
19632,116
19633,78
19634,92
19635,133
19636,101
19637,91
19638,159
19639,122
19640,98
19641,85
19642,39
19643,157
19644,104
19645,87
19646,103
19647,152
19648,123
19649,127
19650,122
19651,149
19652,140
19653,76
19654,150
19655,170
19656,136
19657,109
19658,138
19659,27
19660,95
19661,100
19662,69
19663,107
19664,124
19665,151
19666,99
19667,129
19668,179
19669,69
19670,100
19671,96
19672,146
19673,116
19674,125
19675,120
19676,118
19677,112
19678,104
19679,122
19680,113
19681,104
19682,78
19683,164
19684,141
19685,123
19686,123
19687,140
19688,100
19689,130
19690,88
19691,112
19692,94
19693,126
19694,98
19695,134
19696,121
19697,119
19698,98
19699,105
19700,90
19701,81
19702,114
19703,119
19704,116
19705,101
19706,110
19707,115
19708,133
19709,127
19710,95
19711,108
19712,115
19713,103
19714,87
19715,169
19716,130
19717,121
19718,125
19719,116
19720,114
19721,149
19722,76
19723,148
19724,187
19725,147
19726,98
19727,68
19728,90
19729,196
19730,115
19731,133
19732,96
19733,152
19734,100
19735,148
19736,101
19737,153
19738,162
19739,48
19740,92
19741,112
19742,43
19743,111
19744,121
19745,130
19746,115
19747,132
19748,92
19749,78
19750,74
19751,144
19752,101
19753,126
19754,121
19755,167
19756,99
19757,155
19758,166
19759,103
19760,148
19761,141
19762,126
19763,92
19764,86
19765,111
19766,98
19767,147
19768,108
19769,81
19770,64
19771,87
19772,92
19773,99
19774,105
19775,119
19776,114
19777,129
19778,82
19779,117
19780,74
19781,104
19782,100
19783,119
19784,97
19785,124
19786,134
19787,118
19788,133
19789,96
19790,91
19791,110
19792,120
19793,92
19794,110
19795,121
19796,90
19797,141
19798,108
19799,76
19800,128
19801,131
19802,109
19803,167
19804,120
19805,100
19806,128
19807,101
19808,134
19809,117
19810,128
19811,102
19812,156
19813,126
19814,80
19815,130
19816,101
19817,128
19818,86
19819,127
19820,99
19821,120
19822,111
19823,113
19824,100
19825,118
19826,112
19827,94
19828,66
19829,107
19830,96
19831,131
19832,146
19833,111
19834,155
19835,80
19836,50
19837,101
19838,142
19839,131
19840,153
19841,101
19842,63
19843,130
19844,49
19845,128
19846,143
19847,124
19848,113
19849,112
19850,169
19851,132
19852,131
19853,139
19854,83
19855,112
19856,134
19857,145
19858,92
19859,122
19860,95
19861,107
19862,129
19863,117
19864,98
19865,114
19866,129
19867,132
19868,165
19869,133
19870,125
19871,97
19872,113
19873,143
19874,93
19875,98
19876,104
19877,82
19878,135
19879,131
19880,92
19881,70
19882,94
19883,133
19884,117
19885,133
19886,109
19887,93
19888,138
19889,126
19890,136
19891,98
19892,133
19893,99
19894,125
19895,176
19896,152
19897,94
19898,101
19899,106
19900,112
19901,84
19902,122
19903,77
19904,129
19905,111
19906,130
19907,108
19908,132
19909,81
19910,96
19911,127
19912,84
19913,110
19914,120
19915,93
19916,132
19917,105
19918,128
19919,115
19920,113
19921,122
19922,130
19923,121
19924,133
19925,85
19926,169
19927,126
19928,105
19929,112
19930,147
19931,116
19932,136
19933,110
19934,67
19935,120
19936,115
19937,109
19938,111
19939,110
19940,107
19941,154
19942,187
19943,131
19944,173
19945,104
19946,124
19947,154
19948,163
19949,67
19950,112
19951,161
19952,146
19953,114
19954,145
19955,92
19956,77
19957,137
19958,170
19959,84
19960,85
19961,111
19962,101
19963,103
19964,93
19965,95
19966,85
19967,123
19968,98
19969,53
19970,29
19971,97
19972,108
19973,95
19974,124
19975,110
19976,144
19977,87
19978,109
19979,118
19980,144
19981,120
19982,115
19983,33
19984,182
19985,139
19986,110
19987,137
19988,93
19989,119
19990,165
19991,132
19992,88
19993,151
19994,134
19995,62
19996,100
19997,107
19998,156
19999,108
20000,114
20001,101
20002,128
20003,135
20004,63
20005,88
20006,113
20007,144
20008,136
20009,112
20010,106
20011,116
20012,104
20013,96
20014,126
20015,94
20016,108
20017,123
20018,144
20019,154
20020,75
20021,114
20022,96
20023,130
20024,146
20025,104
20026,142
20027,114
20028,89
20029,129
20030,148
20031,93
20032,169
20033,91
20034,97
20035,172
20036,120
20037,107
20038,135
20039,105
20040,158
20041,104
20042,97
20043,101
20044,97
20045,126
20046,107
20047,83
20048,108
20049,154
20050,127
20051,59
20052,109
20053,115
20054,98
20055,118
20056,103
20057,106
20058,100
20059,172
20060,108
20061,120
20062,77
20063,103
20064,106
20065,141
20066,138
20067,141
20068,126
20069,156
20070,130
20071,87
20072,105
20073,99
20074,174
20075,122
20076,183
20077,164
20078,76
20079,88
20080,99
20081,90
20082,114
20083,142
20084,167
20085,119
20086,49
20087,105
20088,101
20089,59
20090,146
20091,100
20092,114
20093,123
20094,99
20095,35
20096,102
20097,125
20098,89
20099,92
20100,99
20101,98
20102,68
20103,75
20104,131
20105,113
20106,135
20107,149
20108,129
20109,117
20110,112
20111,129
20112,154
20113,124
20114,113
20115,108
20116,94
20117,126
20118,100
20119,135
20120,110
20121,123
20122,103
20123,141
20124,115
20125,104
20126,104
20127,96
20128,93
20129,118
20130,92
20131,83
20132,129
20133,86
20134,154
20135,86
20136,122
20137,92
20138,127
20139,87
20140,94
20141,132
20142,153
20143,133
20144,128
20145,87
20146,77
20147,130
20148,139
20149,78
20150,108
20151,129
20152,105
20153,125
20154,83
20155,145
20156,73
20157,148
20158,135
20159,135
20160,113
20161,136
20162,133
20163,83
20164,136
20165,71
20166,79
20167,107
20168,88
20169,128
20170,45
20171,74
20172,91
20173,115
20174,94
20175,126
20176,73
20177,109
20178,92
20179,146
20180,97
20181,93
20182,124
20183,119
20184,110
20185,123
20186,102
20187,126
20188,98
20189,140
20190,109
20191,75
20192,122
20193,108
20194,155
20195,145
20196,112
20197,94
20198,96
20199,100
20200,100
20201,140
20202,103
20203,123
20204,135
20205,99
20206,123
20207,98
20208,69
20209,80
20210,94
20211,126
20212,122
20213,119
20214,137
20215,153
20216,87
20217,120
20218,117
20219,118
20220,150
20221,160
20222,140
20223,117
20224,112
20225,124
20226,126
20227,98
20228,105
20229,163
20230,92
20231,105
20232,102
20233,146
20234,137
20235,109
20236,126
20237,113
20238,102
20239,98
20240,42
20241,172
20242,116
20243,175
20244,82
20245,107
20246,85
20247,168
20248,84
20249,69
20250,93
20251,113
20252,102
20253,160
20254,102
20255,62
20256,101
20257,100
20258,163
20259,102
20260,111
20261,101
20262,109
20263,122
20264,140
20265,119
20266,67
20267,128
20268,111
20269,96
20270,84
20271,151
20272,142
20273,111
20274,97
20275,115
20276,66
20277,119
20278,113
20279,144
20280,121
20281,103
20282,120
20283,124
20284,120
20285,68
20286,127
20287,142
20288,103
20289,118
20290,110
20291,98
20292,107
20293,95
20294,133
20295,117
20296,130
20297,109
20298,93
20299,130
20300,132
20301,60
20302,51
20303,107
20304,134
20305,95
20306,92
20307,106
20308,117
20309,165
20310,100
20311,137
20312,106
20313,68
20314,105
20315,93
20316,113
20317,111
20318,88
20319,168
20320,120
20321,119
20322,113
20323,115
20324,81
20325,148
20326,114
20327,85
20328,123
20329,154
20330,101
20331,144
20332,170
20333,75
20334,142
20335,112
20336,119
20337,75
20338,35
20339,70
20340,116
20341,110
20342,147
20343,132
20344,99
20345,97
20346,103
20347,87
20348,103
20349,85
20350,82
20351,105
20352,115
20353,100
20354,123
20355,141
20356,73
20357,141
20358,108
20359,73
20360,85
20361,90
20362,73
20363,178
20364,121
20365,107
20366,110
20367,93
20368,64
20369,103
20370,129
20371,93
20372,111
20373,80
20374,108
20375,173
20376,77
20377,135
20378,101
20379,145
20380,161
20381,122
20382,119
20383,86
20384,82
20385,112
20386,99
20387,138
20388,91
20389,86
20390,125
20391,128
20392,124
20393,127
20394,138
20395,109
20396,107
20397,96
20398,109
20399,108
20400,51
20401,81
20402,118
20403,130
20404,154
20405,92
20406,184
20407,113
20408,134
20409,102
20410,149
20411,77
20412,124
20413,136
20414,177
20415,96
20416,74
20417,108
20418,127
20419,138
20420,140
20421,103
20422,95
20423,134
20424,110
20425,109
20426,150
20427,142
20428,111
20429,154
20430,98
20431,127
20432,111
20433,138
20434,115
20435,96
20436,110
20437,74
20438,98
20439,106
20440,95
20441,101
20442,104
20443,105
20444,148
20445,108
20446,140
20447,135
20448,101
20449,110
20450,43
20451,166
20452,107
20453,93
20454,142
20455,118
20456,117
20457,76
20458,105
20459,95
20460,155
20461,103
20462,102
20463,109
20464,92
20465,91
20466,165
20467,185
20468,110
20469,123
20470,92
20471,124
20472,100
20473,114
20474,109
20475,110
20476,65
20477,118
20478,94
20479,106
20480,106
20481,41
20482,87
20483,95
20484,90
20485,118
20486,149
20487,58
20488,106
20489,121
20490,34
20491,80
20492,153
20493,103
20494,165
20495,96
20496,106
20497,54
20498,90
20499,134
20500,109
20501,103
20502,115
20503,145
20504,116
20505,141
20506,137
20507,93
20508,107
20509,90
20510,118
20511,98
20512,123
20513,99
20514,92
20515,143
20516,114
20517,45
20518,89
20519,124
20520,126
20521,134
20522,134
20523,114
20524,122
20525,157
20526,86
20527,121
20528,136
20529,110
20530,97
20531,90
20532,152
20533,89
20534,130
20535,100
20536,88
20537,77
20538,96
20539,152
20540,99
20541,113
20542,117
20543,54
20544,85
20545,100
20546,97
20547,114
20548,107
20549,132
20550,35
20551,121
20552,88
20553,174
20554,146
20555,84
20556,126
20557,119
20558,108
20559,155
20560,119
20561,120
20562,90
20563,95
20564,84
20565,154
20566,123
20567,115
20568,126
20569,76
20570,132
20571,130
20572,154
20573,155
20574,92
20575,123
20576,115
20577,116
20578,111
20579,102
20580,153
20581,120
20582,30
20583,111
20584,128
20585,37
20586,162
20587,134
20588,69
20589,103
20590,92
20591,92
20592,166
20593,111
20594,125
20595,41
20596,104
20597,106
20598,59
20599,97
20600,98
20601,136
20602,86
20603,89
20604,116
20605,143
20606,143
20607,142
20608,90
20609,101
20610,118
20611,143
20612,137
20613,127
20614,48
20615,141
20616,155
20617,92
20618,117
20619,121
20620,118
20621,113
20622,105
20623,141
20624,112
20625,126
20626,89
20627,88
20628,91
20629,145
20630,85
20631,92
20632,134
20633,119
20634,164
20635,94
20636,130
20637,91
20638,104
20639,129
20640,138
20641,97
20642,64
20643,90
20644,131
20645,117
20646,127
20647,134
20648,143
20649,86
20650,127
20651,111
20652,82
20653,87
20654,31
20655,141
20656,109
20657,130
20658,119
20659,100
20660,93
20661,118
20662,79
20663,71
20664,147
20665,103
20666,144
20667,89
20668,91
20669,108
20670,101
20671,122
20672,106
20673,143
20674,108
20675,120
20676,42
20677,122
20678,164
20679,106
20680,136
20681,128
20682,117
20683,102
20684,145
20685,66
20686,111
20687,118
20688,146
20689,151
20690,105
20691,144
20692,110
20693,136
20694,61
20695,122
20696,111
20697,108
20698,79
20699,112
20700,93
20701,136
20702,146
20703,109
20704,143
20705,121
20706,88
20707,117
20708,104
20709,132
20710,126
20711,116
20712,128
20713,108
20714,102
20715,122
20716,35
20717,115
20718,129
20719,112
20720,98
20721,101
20722,157
20723,109
20724,140
20725,145
20726,64
20727,97
20728,87
20729,161
20730,124
20731,126
20732,137
20733,102
20734,89
20735,33
20736,102
20737,172
20738,97
20739,167
20740,173
20741,91
20742,136
20743,127
20744,42
20745,129
20746,122
20747,83
20748,131
20749,118
20750,116
20751,93
20752,103
20753,64
20754,99
20755,100
20756,106
20757,118
20758,114
20759,87
20760,108
20761,116
20762,94
20763,96
20764,99
20765,72
20766,85
20767,112
20768,100
20769,102
20770,107
20771,132
20772,85
20773,115
20774,106
20775,88
20776,146
20777,97
20778,145
20779,112
20780,158
20781,123
20782,185
20783,129
20784,142
20785,101
20786,127
20787,136
20788,78
20789,123
20790,87
20791,125
20792,114
20793,122
20794,102
20795,106
20796,99
20797,104
20798,79
20799,151
20800,98
20801,121
20802,71
20803,88
20804,85
20805,141
20806,80
20807,138
20808,110
20809,95
20810,108
20811,136
20812,103
20813,120
20814,161
20815,91
20816,121
20817,123
20818,135
20819,125
20820,111
20821,80
20822,106
20823,116
20824,72
20825,154
20826,87
20827,99
20828,87
20829,92
20830,93
20831,111
20832,98
20833,111
20834,146
20835,142
20836,101
20837,112
20838,94
20839,122
20840,104
20841,137
20842,125
20843,105
20844,107
20845,134
20846,92
20847,117
20848,183
20849,129
20850,131
20851,147
20852,95
20853,68
20854,139
20855,154
20856,105
20857,113
20858,100
20859,157
20860,83
20861,113
20862,91
20863,119
20864,92
20865,69
20866,93
20867,117
20868,97
20869,108
20870,139
20871,98
20872,117
20873,172
20874,87
20875,112
20876,124
20877,124
20878,125
20879,105
20880,115
20881,96
20882,127
20883,160
20884,135
20885,109
20886,109
20887,108
20888,92
20889,125
20890,124
20891,119
20892,149
20893,113
20894,121
20895,95
20896,159
20897,108
20898,71
20899,106
20900,150
20901,75
20902,106
20903,90
20904,103
20905,107
20906,147
20907,104
20908,47
20909,97
20910,99
20911,87
20912,100
20913,85
20914,141
20915,136
20916,139
20917,110
20918,132
20919,104
20920,89
20921,96
20922,97
20923,158
20924,114
20925,93
20926,119
20927,61
20928,127
20929,151
20930,79
20931,114
20932,106
20933,135
20934,120
20935,121
20936,101
20937,127
20938,135
20939,108
20940,81
20941,162
20942,108
20943,86
20944,151
20945,92
20946,117
20947,88
20948,135
20949,171
20950,144
20951,93
20952,133
20953,116
20954,143
20955,87
20956,116
20957,127
20958,122
20959,98
20960,103
20961,93
20962,123
20963,132
20964,103
20965,82
20966,110
20967,184
20968,129
20969,114
20970,106
20971,88
20972,168
20973,151
20974,132
20975,115
20976,127
20977,140
20978,127
20979,124
20980,92
20981,111
20982,112
20983,93
20984,142
20985,139
20986,114
20987,98
20988,130
20989,126
20990,116
20991,178
20992,105
20993,100
20994,107
20995,25
20996,146
20997,66
20998,106
20999,97
21000,101
21001,99
21002,135
21003,96
21004,144
21005,124
21006,113
21007,110
21008,98
21009,136
21010,115
21011,122
21012,134
21013,96
21014,127
21015,146
21016,96
21017,53
21018,138
21019,97
21020,115
21021,116
21022,115
21023,112
21024,132
21025,108
21026,103
21027,138
21028,167
21029,126
21030,140
21031,106
21032,115
21033,159
21034,142
21035,123
21036,92
21037,117
21038,97
21039,138
21040,82
21041,125
21042,102
21043,105
21044,118
21045,96
21046,90
21047,94
21048,105
21049,89
21050,82
21051,72
21052,118
21053,135
21054,122
21055,130
21056,116
21057,104
21058,140
21059,158
21060,82
21061,95
21062,148
21063,98
21064,91
21065,87
21066,95
21067,122
21068,141
21069,108
21070,161
21071,128
21072,127
21073,78
21074,143
21075,100
21076,99
21077,142
21078,154
21079,118
21080,114
21081,126
21082,114
21083,146
21084,98
21085,94
21086,104
21087,96
21088,113
21089,81
21090,122
21091,99
21092,122
21093,155
21094,97
21095,128
21096,114
21097,109
21098,91
21099,87
21100,116
21101,108
21102,108
21103,128
21104,93
21105,144
21106,166
21107,119
21108,105
21109,119
21110,147
21111,86
21112,134
21113,89
21114,81
21115,105
21116,74
21117,135
21118,134
21119,111
21120,142
21121,109
21122,104
21123,129
21124,126
21125,147
21126,98
21127,86
21128,95
21129,55
21130,100
21131,133
21132,122
21133,111
21134,105
21135,100
21136,114
21137,77
21138,94
21139,135
21140,149
21141,93
21142,138
21143,117
21144,79
21145,153
21146,86
21147,153
21148,78
21149,142
21150,158
21151,122
21152,158
21153,122
21154,119
21155,71
21156,103
21157,93
21158,86
21159,116
21160,176
21161,125
21162,160
21163,93
21164,167
21165,130
21166,167
21167,122
21168,106
21169,92
21170,138
21171,157
21172,118
21173,86
21174,113
21175,112
21176,96
21177,92
21178,139
21179,121
21180,99
21181,114
21182,85
21183,118
21184,137
21185,101
21186,114
21187,137
21188,100
21189,135
21190,129
21191,104
21192,93
21193,97
21194,110
21195,135
21196,143
21197,102
21198,134
21199,86
21200,102
21201,97
21202,105
21203,144
21204,118
21205,108
21206,132
21207,113
21208,118
21209,103
21210,98
21211,110
21212,114
21213,125
21214,123
21215,157
21216,105
21217,185
21218,96
21219,147
21220,123
21221,102
21222,105
21223,84
21224,93
21225,126
21226,107
21227,130
21228,187
21229,114
21230,181
21231,124
21232,116
21233,101
21234,106
21235,133
21236,96
21237,173
21238,132
21239,90
21240,111
21241,141
21242,112
21243,116
21244,131
21245,80
21246,127
21247,59
21248,107
21249,111
21250,107
21251,154
21252,149
21253,102
21254,115
21255,86
21256,137
21257,167
21258,133
21259,110
21260,149
21261,110
21262,100
21263,100
21264,106
21265,108
21266,87
21267,87
21268,171
21269,115
21270,129
21271,122
21272,116
21273,84
21274,108
21275,101
21276,110
21277,120
21278,142
21279,120
21280,92
21281,109
21282,109
21283,146
21284,106
21285,137
21286,131
21287,95
21288,135
21289,109
21290,130
21291,114
21292,77
21293,77
21294,110
21295,137
21296,113
21297,112
21298,70
21299,129
21300,99
21301,109
21302,117
21303,102
21304,36
21305,114
21306,85
21307,131
21308,81
21309,79
21310,136
21311,86
21312,104
21313,104
21314,100
21315,151
21316,164
21317,111
21318,134
21319,94
21320,103
21321,95
21322,84
21323,87
21324,103
21325,97
21326,111
21327,115
21328,117
21329,127
21330,112
21331,88
21332,99
21333,93
21334,115
21335,62
21336,133
21337,115
21338,147
21339,108
21340,101
21341,98
21342,141
21343,102
21344,89
21345,103
21346,98
21347,91
21348,113
21349,83
21350,83
21351,88
21352,129
21353,118
21354,48
21355,147
21356,87
21357,87
21358,114
21359,146
21360,174
21361,139
21362,103
21363,99
21364,92
21365,36
21366,170
21367,112
21368,110
21369,144
21370,78
21371,119
21372,168
21373,54
21374,81
21375,133
21376,148
21377,106
21378,130
21379,105
21380,144
21381,154
21382,76
21383,107
21384,41
21385,111
21386,123
21387,136
21388,135
21389,109
21390,122
21391,109
21392,86
21393,134
21394,123
21395,144
21396,104
21397,115
21398,36
21399,85
21400,102
21401,126
21402,134
21403,130
21404,134
21405,156
21406,134
21407,114
21408,112
21409,119
21410,96
21411,122
21412,97
21413,124
21414,148
21415,98
21416,104
21417,98
21418,141
21419,139
21420,84
21421,123
21422,152
21423,103
21424,145
21425,120
21426,91
21427,104
21428,121
21429,84
21430,138
21431,105
21432,111
21433,86
21434,139
21435,101
21436,103
21437,143
21438,80
21439,167
21440,161
21441,69
21442,111
21443,104
21444,81
21445,84
21446,107
21447,150
21448,113
21449,118
21450,142
21451,137
21452,83
21453,101
21454,100
21455,85
21456,109
21457,104
21458,90
21459,108
21460,138
21461,107
21462,91
21463,142
21464,128
21465,108
21466,88
21467,86
21468,99
21469,156
21470,96
21471,132
21472,114
21473,55
21474,103
21475,94
21476,90
21477,117
21478,143
21479,107
21480,136
21481,131
21482,102
21483,123
21484,86
21485,80
21486,47
21487,186
21488,143
21489,87
21490,110
21491,78
21492,135
21493,86
21494,137
21495,121
21496,124
21497,118
21498,95
21499,140
21500,110
21501,46
21502,111
21503,86
21504,120
21505,97
21506,106
21507,114
21508,74
21509,101
21510,138
21511,145
21512,100
21513,128
21514,104
21515,73
21516,108
21517,113
21518,96
21519,110
21520,113
21521,140
21522,112
21523,119
21524,143
21525,173
21526,97
21527,107
21528,144
21529,120
21530,104
21531,130
21532,133
21533,120
21534,96
21535,129
21536,105
21537,126
21538,118
21539,96
21540,103
21541,86
21542,96
21543,179
21544,88
21545,135
21546,108
21547,107
21548,93
21549,119
21550,117
21551,126
21552,129
21553,89
21554,99
21555,102
21556,114
21557,111
21558,171
21559,93
21560,99
21561,101
21562,108
21563,92
21564,103
21565,101
21566,120
21567,84
21568,90
21569,124
21570,128
21571,111
21572,101
21573,140
21574,98
21575,107
21576,106
21577,109
21578,108
21579,122
21580,114
21581,164
21582,97
21583,112
21584,128
21585,84
21586,90
21587,120
21588,114
21589,111
21590,141
21591,120
21592,101
21593,63
21594,133
21595,101
21596,126
21597,104
21598,103
21599,170
21600,154
21601,80
21602,103
21603,138
21604,110
21605,106
21606,73
21607,162
21608,103
21609,153
21610,160
21611,50
21612,119
21613,129
21614,119
21615,66
21616,110
21617,101
21618,148
21619,87
21620,129
21621,162
21622,131
21623,107
21624,116
21625,103
21626,89
21627,119
21628,93
21629,96
21630,112
21631,110
21632,63
21633,91
21634,131
21635,129
21636,128
21637,99
21638,115
21639,115
21640,111
21641,131
21642,155
21643,107
21644,97
21645,108
21646,150
21647,111
21648,137
21649,86
21650,69
21651,38
21652,98
21653,144
21654,63
21655,141
21656,72
21657,139
21658,180
21659,123
21660,114
21661,134
21662,107
21663,121
21664,148
21665,100
21666,163
21667,139
21668,108
21669,87
21670,158
21671,45
21672,143
21673,92
21674,107
21675,149
21676,188
21677,129
21678,153
21679,112
21680,104
21681,77
21682,136
21683,101
21684,114
21685,95
21686,112
21687,114
21688,112
21689,113
21690,147
21691,100
21692,115
21693,125
21694,100
21695,106
21696,68
21697,137
21698,109
21699,75
21700,145
21701,98
21702,104
21703,121
21704,114
21705,143
21706,89
21707,138
21708,71
21709,93
21710,137
21711,109
21712,100
21713,190
21714,132
21715,114
21716,44
21717,71
21718,82
21719,83
21720,112
21721,120
21722,117
21723,107
21724,181
21725,143
21726,44
21727,112
21728,174
21729,112
21730,100
21731,129
21732,131
21733,190
21734,96
21735,107
21736,160
21737,122
21738,112
21739,170
21740,119
21741,114
21742,110
21743,118
21744,164
21745,126
21746,102
21747,116
21748,157
21749,70
21750,109
21751,76
21752,96
21753,117
21754,99
21755,94
21756,147
21757,101
21758,129
21759,173
21760,120
21761,153
21762,141
21763,92
21764,101
21765,86
21766,162
21767,99
21768,120
21769,36
21770,99
21771,143
21772,122
21773,157
21774,92
21775,83
21776,129
21777,110
21778,152
21779,123
21780,104
21781,179
21782,89
21783,155
21784,143
21785,146
21786,114
21787,128
21788,175
21789,142
21790,111
21791,59
21792,95
21793,95
21794,85
21795,105
21796,128
21797,97
21798,72
21799,148
21800,72
21801,130
21802,106
21803,121
21804,105
21805,113
21806,111
21807,108
21808,123
21809,106
21810,127
21811,129
21812,99
21813,86
21814,101
21815,71
21816,137
21817,169
21818,125
21819,121
21820,158
21821,140
21822,103
21823,166
21824,132
21825,89
21826,146
21827,105
21828,110
21829,110
21830,164
21831,156
21832,137
21833,160
21834,47
21835,71
21836,135
21837,109
21838,116
21839,126
21840,43
21841,103
21842,167
21843,122
21844,108
21845,90
21846,130
21847,116
21848,96
21849,93
21850,95
21851,172
21852,113
21853,96
21854,99
21855,136
21856,163
21857,134
21858,149
21859,125
21860,119
21861,170
21862,82
21863,132
21864,106
21865,86
21866,117
21867,140
21868,120
21869,109
21870,99
21871,103
21872,116
21873,110
21874,57
21875,96
21876,97
21877,168
21878,168
21879,101
21880,90
21881,126
21882,88
21883,133
21884,68
21885,135
21886,147
21887,143
21888,117
21889,79
21890,104
21891,132
21892,113
21893,107
21894,111
21895,143
21896,112
21897,71
21898,92
21899,106
21900,75
21901,148
21902,80
21903,107
21904,130
21905,153
21906,105
21907,82
21908,152
21909,43
21910,100
21911,100
21912,91
21913,94
21914,117
21915,114
21916,102
21917,93
21918,110
21919,104
21920,111
21921,127
21922,123
21923,119
21924,104
21925,107
21926,69
21927,129
21928,112
21929,117
21930,118
21931,125
21932,123
21933,110
21934,98
21935,126
21936,128
21937,74
21938,66
21939,130
21940,126
21941,133
21942,85
21943,121
21944,87
21945,80
21946,143
21947,138
21948,98
21949,91
21950,81
21951,123
21952,110
21953,135
21954,102
21955,101
21956,102
21957,102
21958,109
21959,101
21960,161
21961,124
21962,122
21963,94
21964,114
21965,120
21966,103
21967,113
21968,108
21969,119
21970,117
21971,108
21972,87
21973,119
21974,122
21975,173
21976,111
21977,81
21978,97
21979,112
21980,101
21981,131
21982,156
21983,107
21984,116
21985,107
21986,151
21987,157
21988,110
21989,143
21990,86
21991,107
21992,112
21993,91
21994,126
21995,133
21996,119
21997,134
21998,133
21999,70
22000,118
22001,125
22002,97
22003,34
22004,120
22005,92
22006,116
22007,106
22008,74
22009,72
22010,165
22011,125
22012,90
22013,148
22014,151
22015,99
22016,92
22017,133
22018,120
22019,96
22020,22
22021,132
22022,119
22023,111
22024,119
22025,90
22026,117
22027,113
22028,119
22029,125
22030,136
22031,46
22032,97
22033,129
22034,165
22035,126
22036,109
22037,130
22038,104
22039,137
22040,81
22041,87
22042,118
22043,119
22044,121
22045,114
22046,100
22047,88
22048,112
22049,155
22050,96
22051,146
22052,119
22053,108
22054,115
22055,112
22056,103
22057,118
22058,113
22059,124
22060,149
22061,126
22062,97
22063,138
22064,109
22065,155
22066,119
22067,80
22068,126
22069,103
22070,96
22071,131
22072,137
22073,161
22074,107
22075,129
22076,89
22077,149
22078,130
22079,115
22080,105
22081,110
22082,134
22083,117
22084,142
22085,119
22086,69
22087,120
22088,122
22089,96
22090,121
22091,125
22092,102
22093,144
22094,147
22095,81
22096,95
22097,137
22098,162
22099,141
22100,75
22101,138
22102,76
22103,98
22104,105
22105,108
22106,101
22107,114
22108,148
22109,95
22110,158
22111,126
22112,43
22113,74
22114,156
22115,158
22116,126
22117,119
22118,92
22119,72
22120,107
22121,141
22122,155
22123,93
22124,111
22125,88
22126,126
22127,117
22128,134
22129,87
22130,108
22131,104
22132,92
22133,101
22134,124
22135,108
22136,135
22137,86
22138,130
22139,135
22140,88
22141,109
22142,107
22143,72
22144,116
22145,95
22146,118
22147,144
22148,83
22149,93
22150,142
22151,120
22152,158
22153,125
22154,168
22155,145
22156,115
22157,110
22158,86
22159,148
22160,112
22161,129
22162,98
22163,141
22164,186
22165,94
22166,114
22167,129
22168,144
22169,88
22170,138
22171,151
22172,111
22173,113
22174,87
22175,106
22176,97
22177,95
22178,62
22179,146
22180,94
22181,74
22182,85
22183,104
22184,118
22185,123
22186,153
22187,72
22188,105
22189,39
22190,160
22191,90
22192,170
22193,104
22194,109
22195,136
22196,86
22197,140
22198,120
22199,153
22200,111
22201,164
22202,164
22203,151
22204,153
22205,106
22206,116
22207,88
22208,93
22209,105
22210,148
22211,68
22212,177
22213,134
22214,85
22215,109
22216,96
22217,131
22218,102
22219,122
22220,107
22221,110
22222,113
22223,99
22224,150
22225,116
22226,95
22227,89
22228,146
22229,108
22230,71
22231,78
22232,92
22233,114
22234,125
22235,156
22236,127
22237,137
22238,149
22239,150
22240,129
22241,142
22242,109
22243,181
22244,96
22245,69
22246,86
22247,92
22248,124
22249,110
22250,115
22251,82
22252,121
22253,126
22254,118
22255,116
22256,67
22257,117
22258,91
22259,109
22260,116
22261,97
22262,95
22263,106
22264,121
22265,109
22266,79
22267,141
22268,114
22269,131
22270,160
22271,81
22272,117
22273,128
22274,128
22275,93
22276,113
22277,113
22278,125
22279,101
22280,131
22281,120
22282,138
22283,102
22284,116
22285,73
22286,25
22287,167
22288,142
22289,105
22290,91
22291,103
22292,101
22293,112
22294,119
22295,99
22296,106
22297,90
22298,109
22299,67
22300,120
22301,153
22302,158
22303,97
22304,119
22305,118
22306,117
22307,103
22308,124
22309,86
22310,104
22311,93
22312,114
22313,175
22314,102
22315,125
22316,92
22317,71
22318,129
22319,168
22320,132
22321,119
22322,96
22323,148
22324,144
22325,114
22326,123
22327,127
22328,83
22329,97
22330,140
22331,116
22332,53
22333,100
22334,143
22335,87
22336,162
22337,62
22338,108
22339,124
22340,41
22341,105
22342,111
22343,108
22344,91
22345,35
22346,108
22347,80
22348,92
22349,127
22350,33
22351,116
22352,104
22353,135
22354,64
22355,132
22356,163
22357,133
22358,102
22359,126
22360,108
22361,87
22362,105
22363,102
22364,114
22365,110
22366,98
22367,160
22368,176
22369,116
22370,88
22371,87
22372,81
22373,162
22374,111
22375,114
22376,85
22377,114
22378,128
22379,109
22380,114
22381,94
22382,102
22383,117
22384,154
22385,74
22386,155
22387,103
22388,108
22389,118
22390,121
22391,69
22392,136
22393,108
22394,103
22395,103
22396,113
22397,93
22398,109
22399,91
22400,85
22401,99
22402,101
22403,106
22404,123
22405,123
22406,145
22407,80
22408,99
22409,84
22410,131
22411,88
22412,103
22413,123
22414,50
22415,108
22416,137
22417,117
22418,106
22419,125
22420,119
22421,93
22422,99
22423,111
22424,111
22425,96
22426,120
22427,95
22428,130
22429,100
22430,94
22431,75
22432,115
22433,127
22434,110
22435,101
22436,128
22437,83
22438,110
22439,101
22440,156
22441,66
22442,96
22443,112
22444,173
22445,99
22446,71
22447,122
22448,89
22449,94
22450,96
22451,75
22452,126
22453,83
22454,111
22455,102
22456,93
22457,99
22458,108
22459,65
22460,108
22461,130
22462,102
22463,129
22464,83
22465,98
22466,98
22467,113
22468,125
22469,109
22470,104
22471,105
22472,130
22473,91
22474,93
22475,165
22476,136
22477,154
22478,111
22479,115
22480,104
22481,104
22482,114
22483,97
22484,143
22485,111
22486,112
22487,165
22488,128
22489,135
22490,99
22491,157
22492,107
22493,84
22494,134
22495,137
22496,163
22497,171
22498,129
22499,114
22500,110
22501,130
22502,108
22503,101
22504,112
22505,137
22506,114
22507,97
22508,136
22509,74
22510,65
22511,97
22512,139
22513,93
22514,109
22515,116
22516,114
22517,150
22518,120
22519,35
22520,105
22521,77
22522,125
22523,131
22524,98
22525,146
22526,114
22527,134
22528,77
22529,104
22530,128
22531,106
22532,125
22533,158
22534,181
22535,60
22536,136
22537,119
22538,126
22539,124
22540,94
22541,40
22542,102
22543,119
22544,117
22545,122
22546,97
22547,124
22548,146
22549,117
22550,108
22551,125
22552,142
22553,133
22554,114
22555,102
22556,87
22557,93
22558,124
22559,109
22560,153
22561,116
22562,118
22563,97
22564,135
22565,118
22566,122
22567,75
22568,96
22569,99
22570,119
22571,119
22572,172
22573,73
22574,114
22575,112
22576,88
22577,113
22578,87
22579,152
22580,122
22581,128
22582,107
22583,111
22584,97
22585,134
22586,117
22587,96
22588,159
22589,115
22590,133
22591,88
22592,113
22593,86
22594,107
22595,146
22596,112
22597,141
22598,100
22599,34
22600,101
22601,151
22602,186
22603,157
22604,126
22605,128
22606,116
22607,114
22608,133
22609,108
22610,107
22611,169
22612,111
22613,112
22614,132
22615,94
22616,103
22617,99
22618,87
22619,92
22620,116
22621,125
22622,129
22623,99
22624,90
22625,168
22626,132
22627,124
22628,121
22629,144
22630,120
22631,85
22632,143
22633,123
22634,85
22635,107
22636,78
22637,140
22638,111
22639,144
22640,157
22641,113
22642,144
22643,54
22644,123
22645,73
22646,142
22647,131
22648,122
22649,127
22650,122
22651,134
22652,95
22653,84
22654,93
22655,144
22656,81
22657,121
22658,136
22659,83
22660,138
22661,112
22662,77
22663,97
22664,115
22665,130
22666,124
22667,111
22668,119
22669,158
22670,117
22671,85
22672,109
22673,133
22674,144
22675,126
22676,103
22677,98
22678,123
22679,107
22680,106
22681,140
22682,111
22683,79
22684,120
22685,134
22686,116
22687,107
22688,98
22689,119
22690,101
22691,107
22692,107
22693,103
22694,110
22695,130
22696,126
22697,133
22698,89
22699,138
22700,120
22701,110
22702,144
22703,74
22704,110
22705,126
22706,84
22707,110
22708,115
22709,137
22710,154
22711,125
22712,107
22713,111
22714,105
22715,128
22716,95
22717,147
22718,132
22719,162
22720,95
22721,132
22722,96
22723,86
22724,78
22725,111
22726,95
22727,130
22728,110
22729,99
22730,119
22731,131
22732,109
22733,129
22734,124
22735,115
22736,94
22737,116
22738,117
22739,89
22740,159
22741,114
22742,107
22743,131
22744,161
22745,111
22746,101
22747,94
22748,145
22749,95
22750,112
22751,103
22752,99
22753,82
22754,90
22755,137
22756,78
22757,124
22758,114
22759,103
22760,137
22761,125
22762,31
22763,101
22764,152
22765,68
22766,109
22767,103
22768,98
22769,102
22770,110
22771,90
22772,120
22773,127
22774,136
22775,87
22776,149
22777,84
22778,138
22779,105
22780,130
22781,122
22782,137
22783,103
22784,97
22785,100
22786,136
22787,117
22788,95
22789,157
22790,119
22791,78
22792,114
22793,160
22794,143
22795,142
22796,149
22797,123
22798,120
22799,111
22800,111
22801,72
22802,117
22803,110
22804,107
22805,86
22806,110
22807,144
22808,104
22809,129
22810,142
22811,109
22812,131
22813,150
22814,31
22815,111
22816,71
22817,118
22818,116
22819,120
22820,99
22821,97
22822,72
22823,122
22824,111
22825,87
22826,127
22827,102
22828,114
22829,77
22830,122
22831,138
22832,155
22833,104
22834,110
22835,130
22836,106
22837,103
22838,73
22839,125
22840,137
22841,112
22842,118
22843,158
22844,84
22845,89
22846,134
22847,120
22848,121
22849,94
22850,116
22851,88
22852,143
22853,89
22854,98
22855,112
22856,136
22857,142
22858,130
22859,138
22860,120
22861,102
22862,99
22863,96
22864,113
22865,133
22866,110
22867,54
22868,115
22869,109
22870,91
22871,89
22872,97
22873,114
22874,113
22875,103
22876,75
22877,110
22878,87
22879,134
22880,96
22881,103
22882,128
22883,140
22884,106
22885,109
22886,104
22887,78
22888,123
22889,108
22890,125
22891,93
22892,116
22893,106
22894,160
22895,91
22896,86
22897,106
22898,146
22899,160
22900,105
22901,144
22902,128
22903,132
22904,126
22905,162
22906,79
22907,94
22908,101
22909,143
22910,86
22911,100
22912,88
22913,178
22914,104
22915,95
22916,118
22917,109
22918,94
22919,148
22920,153
22921,103
22922,140
22923,101
22924,118
22925,90
22926,140
22927,108
22928,121
22929,109
22930,122
22931,103
22932,112
22933,89
22934,104
22935,112
22936,122
22937,100
22938,146
22939,77
22940,136
22941,119
22942,146
22943,122
22944,111
22945,116
22946,120
22947,109
22948,99
22949,48
22950,114
22951,137
22952,90
22953,110
22954,121
22955,135
22956,122
22957,153
22958,87
22959,33
22960,111
22961,161
22962,110
22963,109
22964,107
22965,116
22966,134
22967,152
22968,75
22969,107
22970,96
22971,120
22972,119
22973,104
22974,122
22975,115
22976,107
22977,117
22978,98
22979,86
22980,89
22981,83
22982,116
22983,92
22984,80
22985,83
22986,117
22987,119
22988,159
22989,124
22990,117
22991,122
22992,103
22993,107
22994,110
22995,73
22996,146
22997,73
22998,125
22999,85
23000,135
23001,48
23002,108
23003,125
23004,174
23005,72
23006,96
23007,143
23008,80
23009,94
23010,100
23011,113
23012,73
23013,86
23014,92
23015,131
23016,155
23017,117
23018,107
23019,116
23020,160
23021,110
23022,114
23023,136
23024,127
23025,94
23026,101
23027,48
23028,105
23029,71
23030,125
23031,121
23032,145
23033,129
23034,116
23035,119
23036,126
23037,115
23038,140
23039,140
23040,117
23041,99
23042,97
23043,102
23044,138
23045,115
23046,107
23047,134
23048,89
23049,113
23050,112
23051,142
23052,102
23053,99
23054,124
23055,103
23056,166
23057,96
23058,106
23059,107
23060,95
23061,81
23062,93
23063,171
23064,126
23065,99
23066,147
23067,92
23068,80
23069,111
23070,84
23071,129
23072,115
23073,109
23074,145
23075,106
23076,94
23077,100
23078,117
23079,73
23080,142
23081,73
23082,78
23083,139
23084,99
23085,120
23086,163
23087,78
23088,85
23089,110
23090,97
23091,109
23092,150
23093,153
23094,95
23095,100
23096,167
23097,150
23098,99
23099,153
23100,86
23101,93
23102,142
23103,129
23104,120
23105,96
23106,102
23107,114
23108,108
23109,163
23110,96
23111,115
23112,87
23113,62
23114,134
23115,121
23116,92
23117,110
23118,86
23119,122
23120,112
23121,122
23122,71
23123,100
23124,105
23125,122
23126,120
23127,103
23128,129
23129,105
23130,132
23131,131
23132,119
23133,113
23134,156
23135,120
23136,102
23137,102
23138,124
23139,125
23140,86
23141,109
23142,95
23143,104
23144,106
23145,128
23146,120
23147,89
23148,128
23149,137
23150,134
23151,97
23152,89
23153,96
23154,125
23155,108
23156,86
23157,122
23158,111
23159,120
23160,117
23161,91
23162,112
23163,105
23164,32
23165,62
23166,92
23167,103
23168,86
23169,101
23170,146
23171,86
23172,162
23173,132
23174,147
23175,159
23176,125
23177,111
23178,93
23179,115
23180,90
23181,83
23182,111
23183,102
23184,150
23185,171
23186,122
23187,124
23188,117
23189,90
23190,121
23191,112
23192,92
23193,109
23194,113
23195,104
23196,114
23197,91
23198,135
23199,94
23200,82
23201,136
23202,160
23203,71
23204,92
23205,107
23206,96
23207,93
23208,119
23209,135
23210,101
23211,112
23212,129
23213,173
23214,122
23215,91
23216,131
23217,33
23218,97
23219,95
23220,93
23221,133
23222,139
23223,114
23224,49
23225,154
23226,120
23227,128
23228,123
23229,129
23230,130
23231,137
23232,136
23233,89
23234,110
23235,99
23236,119
23237,81
23238,114
23239,99
23240,117
23241,84
23242,101
23243,150
23244,89
23245,117
23246,135
23247,72
23248,107
23249,64
23250,91
23251,99
23252,144
23253,125
23254,105
23255,124
23256,106
23257,100
23258,105
23259,139
23260,125
23261,79
23262,115
23263,130
23264,84
23265,148
23266,105
23267,123
23268,111
23269,110
23270,79
23271,148
23272,70
23273,124
23274,96
23275,99
23276,97
23277,112
23278,106
23279,99
23280,74
23281,96
23282,111
23283,91
23284,139
23285,95
23286,116
23287,72
23288,134
23289,109
23290,149
23291,167
23292,119
23293,107
23294,110
23295,130
23296,146
23297,86
23298,160
23299,110
23300,117
23301,112
23302,40
23303,191
23304,122
23305,148
23306,120
23307,95
23308,101
23309,152
23310,119
23311,133
23312,106
23313,105
23314,103
23315,149
23316,125
23317,133
23318,122
23319,139
23320,112
23321,157
23322,115
23323,104
23324,115
23325,96
23326,133
23327,108
23328,138
23329,91
23330,144
23331,139
23332,114
23333,89
23334,106
23335,102
23336,97
23337,111
23338,125
23339,103
23340,101
23341,79
23342,97
23343,112
23344,113
23345,130
23346,122
23347,107
23348,100
23349,100
23350,114
23351,96
23352,96
23353,45
23354,106
23355,147
23356,108
23357,105
23358,112
23359,110
23360,100
23361,101
23362,93
23363,112
23364,98
23365,98
23366,105
23367,83
23368,95
23369,109
23370,135
23371,110
23372,108
23373,100
23374,107
23375,138
23376,173
23377,94
23378,35
23379,127
23380,102
23381,124
23382,118
23383,122
23384,81
23385,126
23386,99
23387,97
23388,87
23389,102
23390,53
23391,93
23392,138
23393,121
23394,106
23395,108
23396,104
23397,125
23398,120
23399,91
23400,105
23401,70
23402,116
23403,153
23404,112
23405,27
23406,110
23407,102
23408,112
23409,149
23410,99
23411,89
23412,93
23413,151
23414,119
23415,122
23416,118
23417,84
23418,123
23419,134
23420,98
23421,76
23422,94
23423,139
23424,139
23425,123
23426,87
23427,81
23428,133
23429,114
23430,123
23431,98
23432,119
23433,95
23434,140
23435,108
23436,152
23437,113
23438,137
23439,153
23440,128
23441,99
23442,113
23443,129
23444,120
23445,86
23446,95
23447,86
23448,109
23449,141
23450,129
23451,98
23452,83
23453,70
23454,155
23455,141
23456,120
23457,116
23458,137
23459,109
23460,158
23461,70
23462,108
23463,105
23464,137
23465,111
23466,137
23467,126
23468,96
23469,124
23470,32
23471,128
23472,107
23473,100
23474,85
23475,93
23476,111
23477,136
23478,133
23479,121
23480,112
23481,158
23482,169
23483,145
23484,102
23485,87
23486,172
23487,128
23488,93
23489,130
23490,115
23491,72
23492,98
23493,113
23494,148
23495,112
23496,141
23497,178
23498,173
23499,70
23500,90
23501,97
23502,140
23503,156
23504,107
23505,123
23506,111
23507,158
23508,159
23509,104
23510,87
23511,123
23512,115
23513,91
23514,137
23515,150
23516,65
23517,88
23518,113
23519,80
23520,90
23521,131
23522,138
23523,125
23524,119
23525,160
23526,95
23527,107
23528,130
23529,119
23530,78
23531,103
23532,123
23533,110
23534,129
23535,116
23536,55
23537,136
23538,103
23539,137
23540,103
23541,131
23542,124
23543,93
23544,77
23545,119
23546,107
23547,127
23548,116
23549,75
23550,118
23551,111
23552,98
23553,94
23554,141
23555,94
23556,89
23557,159
23558,178
23559,80
23560,89
23561,96
23562,105
23563,153
23564,104
23565,103
23566,151
23567,124
23568,96
23569,99
23570,97
23571,76
23572,104
23573,66
23574,93
23575,100
23576,184
23577,111
23578,115
23579,85
23580,113
23581,149
23582,154
23583,109
23584,96
23585,135
23586,130
23587,106
23588,93
23589,163
23590,111
23591,132
23592,70
23593,127
23594,158
23595,100
23596,98
23597,85
23598,121
23599,114
23600,83
23601,100
23602,100
23603,193
23604,138
23605,114
23606,99
23607,93
23608,109
23609,104
23610,154
23611,119
23612,187
23613,107
23614,133
23615,128
23616,115
23617,127
23618,93
23619,148
23620,133
23621,87
23622,91
23623,135
23624,126
23625,104
23626,83
23627,118
23628,121
23629,89
23630,142
23631,111
23632,131
23633,124
23634,80
23635,147
23636,139
23637,151
23638,96
23639,98
23640,103
23641,125
23642,99
23643,98
23644,141
23645,109
23646,105
23647,130
23648,114
23649,88
23650,125
23651,86
23652,117
23653,86
23654,108
23655,91
23656,115
23657,127
23658,79
23659,76
23660,123
23661,108
23662,68
23663,87
23664,131
23665,110
23666,89
23667,117
23668,111
23669,52
23670,150
23671,118
23672,109
23673,93
23674,141
23675,100
23676,117
23677,114
23678,97
23679,160
23680,103
23681,117
23682,150
23683,102
23684,127
23685,93
23686,85
23687,138
23688,128
23689,102
23690,127
23691,147
23692,107
23693,100
23694,100
23695,91
23696,126
23697,109
23698,118
23699,92
23700,117
23701,103
23702,117
23703,92
23704,96
23705,87
23706,89
23707,153
23708,107
23709,84
23710,131
23711,176
23712,104
23713,105
23714,103
23715,139
23716,87
23717,104
23718,94
23719,120
23720,112
23721,98
23722,170
23723,120
23724,135
23725,104
23726,133
23727,73
23728,104
23729,86
23730,108
23731,126
23732,93
23733,93
23734,123
23735,148
23736,148
23737,114
23738,168
23739,112
23740,78
23741,130
23742,102
23743,95
23744,156
23745,99
23746,139
23747,89
23748,123
23749,117
23750,110
23751,96
23752,150
23753,101
23754,104
23755,120
23756,101
23757,129
23758,89
23759,151
23760,111
23761,111
23762,131
23763,92
23764,96
23765,147
23766,112
23767,134
23768,176
23769,101
23770,144
23771,139
23772,108
23773,114
23774,102
23775,120
23776,172
23777,150
23778,102
23779,134
23780,165
23781,118
23782,154
23783,73
23784,144
23785,110
23786,103
23787,142
23788,89
23789,99
23790,75
23791,120
23792,117
23793,133
23794,117
23795,127
23796,107
23797,96
23798,163
23799,137
23800,132
23801,89
23802,96
23803,129
23804,91
23805,127
23806,115
23807,130
23808,100
23809,87
23810,104
23811,94
23812,138
23813,103
23814,136
23815,130
23816,128
23817,107
23818,132
23819,98
23820,145
23821,96
23822,106
23823,116
23824,138
23825,92
23826,102
23827,130
23828,110
23829,67
23830,146
23831,113
23832,109
23833,54
23834,99
23835,104
23836,121
23837,124
23838,88
23839,167
23840,103
23841,121
23842,156
23843,114
23844,76
23845,80
23846,104
23847,94
23848,116
23849,52
23850,138
23851,72
23852,108
23853,94
23854,74
23855,123
23856,130
23857,87
23858,107
23859,85
23860,110
23861,115
23862,75
23863,149
23864,141
23865,84
23866,71
23867,114
23868,97
23869,135
23870,90
23871,109
23872,136
23873,109
23874,170
23875,135
23876,98
23877,145
23878,116
23879,118
23880,103
23881,126
23882,133
23883,111
23884,124
23885,160
23886,133
23887,109
23888,119
23889,153
23890,151
23891,157
23892,176
23893,112
23894,143
23895,78
23896,151
23897,77
23898,99
23899,131
23900,122
23901,99
23902,117
23903,94
23904,135
23905,119
23906,131
23907,124
23908,93
23909,105
23910,109
23911,91
23912,89
23913,89
23914,117
23915,81
23916,102
23917,107
23918,138
23919,121
23920,103
23921,139
23922,131
23923,154
23924,109
23925,89
23926,86
23927,120
23928,107
23929,103
23930,123
23931,151
23932,108
23933,121
23934,102
23935,112
23936,141
23937,124
23938,107
23939,101
23940,70
23941,107
23942,134
23943,105
23944,103
23945,94
23946,118
23947,95
23948,111
23949,92
23950,87
23951,70
23952,107
23953,106
23954,123
23955,102
23956,169
23957,144
23958,108
23959,102
23960,116
23961,126
23962,174
23963,90
23964,97
23965,120
23966,119
23967,93
23968,103
23969,91
23970,96
23971,127
23972,163
23973,108
23974,116
23975,106
23976,102
23977,143
23978,106
23979,119
23980,110
23981,95
23982,72
23983,112
23984,112
23985,137
23986,49
23987,140
23988,120
23989,63
23990,94
23991,93
23992,132
23993,85
23994,123
23995,108
23996,92
23997,85
23998,121
23999,116
24000,122
24001,100
24002,86
24003,145
24004,96
24005,100
24006,144
24007,140
24008,147
24009,105
24010,134
24011,172
24012,117
24013,110
24014,104
24015,97
24016,139
24017,108
24018,106
24019,80
24020,97
24021,102
24022,110
24023,116
24024,120
24025,92
24026,79
24027,125
24028,143
24029,115
24030,74
24031,110
24032,127
24033,113
24034,86
24035,101
24036,112
24037,141
24038,149
24039,108
24040,153
24041,96
24042,115
24043,126
24044,97
24045,42
24046,161
24047,117
24048,116
24049,127
24050,118
24051,153
24052,153
24053,91
24054,72
24055,122
24056,86
24057,87
24058,110
24059,91
24060,81
24061,102
24062,127
24063,74
24064,81
24065,103
24066,113
24067,115
24068,90
24069,114
24070,108
24071,105
24072,110
24073,155
24074,120
24075,143
24076,89
24077,117
24078,148
24079,122
24080,110
24081,92
24082,81
24083,125
24084,130
24085,61
24086,89
24087,70
24088,73
24089,105
24090,115
24091,149
24092,174
24093,144
24094,126
24095,130
24096,115
24097,137
24098,105
24099,120
24100,119
24101,136
24102,157
24103,95
24104,122
24105,108
24106,103
24107,118
24108,116
24109,105
24110,89
24111,137
24112,91
24113,125
24114,128
24115,82
24116,112
24117,132
24118,115
24119,137
24120,119
24121,126
24122,119
24123,97
24124,116
24125,100
24126,125
24127,99
24128,129
24129,135
24130,95
24131,109
24132,163
24133,92
24134,84
24135,73
24136,110
24137,141
24138,139
24139,80
24140,99
24141,113
24142,79
24143,196
24144,105
24145,90
24146,96
24147,101
24148,112
24149,86
24150,98
24151,143
24152,138
24153,105
24154,119
24155,140
24156,103
24157,52
24158,135
24159,113
24160,129
24161,87
24162,94
24163,90
24164,82
24165,123
24166,90
24167,120
24168,118
24169,94
24170,92
24171,72
24172,103
24173,109
24174,134
24175,99
24176,153
24177,106
24178,113
24179,102
24180,78
24181,106
24182,144
24183,122
24184,89
24185,128
24186,123
24187,112
24188,143
24189,111
24190,143
24191,142
24192,106
24193,102
24194,97
24195,106
24196,114
24197,130
24198,160
24199,108
24200,148
24201,115
24202,96
24203,93
24204,171
24205,76
24206,79
24207,106
24208,109
24209,99
24210,71
24211,115
24212,63
24213,105
24214,142
24215,138
24216,136
24217,111
24218,73
24219,105
24220,60
24221,83
24222,126
24223,154
24224,86
24225,156
24226,112
24227,122
24228,129
24229,127
24230,140
24231,148
24232,154
24233,105
24234,139
24235,108
24236,156
24237,130
24238,126
24239,88
24240,128
24241,81
24242,109
24243,133
24244,130
24245,98
24246,141
24247,150
24248,110
24249,143
24250,143
24251,113
24252,79
24253,161
24254,110
24255,101
24256,142
24257,85
24258,94
24259,124
24260,143
24261,119
24262,129
24263,101
24264,80
24265,119
24266,105
24267,149
24268,146
24269,67
24270,74
24271,88
24272,112
24273,121
24274,141
24275,107
24276,139
24277,145
24278,110
24279,100
24280,133
24281,121
24282,114
24283,100
24284,111
24285,61
24286,135
24287,139
24288,169
24289,83
24290,118
24291,136
24292,118
24293,151
24294,91
24295,133
24296,128
24297,107
24298,118
24299,109
24300,67
24301,84
24302,128
24303,33
24304,140
24305,84
24306,90
24307,105
24308,121
24309,113
24310,90
24311,129
24312,140
24313,112
24314,118
24315,82
24316,138
24317,107
24318,140
24319,136
24320,134
24321,98
24322,97
24323,86
24324,148
24325,80
24326,187
24327,132
24328,132
24329,67
24330,121
24331,91
24332,120
24333,113
24334,92
24335,150
24336,93
24337,109
24338,106
24339,157
24340,119
24341,125
24342,83
24343,87
24344,157
24345,102
24346,93
24347,138
24348,94
24349,128
24350,99
24351,101
24352,120
24353,121
24354,120
24355,71
24356,85
24357,80
24358,102
24359,96
24360,97
24361,101
24362,112
24363,119
24364,99
24365,130
24366,120
24367,69
24368,116
24369,111
24370,101
24371,80
24372,103
24373,80
24374,122
24375,94
24376,101
24377,111
24378,89
24379,147
24380,114
24381,121
24382,92
24383,156
24384,115
24385,148
24386,140
24387,114
24388,126
24389,182
24390,95
24391,99
24392,136
24393,133
24394,102
24395,104
24396,170
24397,106
24398,86
24399,105
24400,104
24401,129
24402,88
24403,100
24404,122
24405,109
24406,85
24407,92
24408,96
24409,103
24410,65
24411,95
24412,147
24413,108
24414,131
24415,114
24416,139
24417,81
24418,100
24419,113
24420,126
24421,125
24422,141
24423,103
24424,93
24425,109
24426,116
24427,123
24428,122
24429,103
24430,121
24431,164
24432,113
24433,136
24434,117
24435,111
24436,76
24437,126
24438,114
24439,123
24440,108
24441,175
24442,81
24443,82
24444,126
24445,126
24446,121
24447,117
24448,114
24449,103
24450,70
24451,149
24452,122
24453,80
24454,142
24455,101
24456,110
24457,93
24458,138
24459,104
24460,136
24461,128
24462,86
24463,144
24464,126
24465,122
24466,114
24467,99
24468,108
24469,94
24470,146
24471,122
24472,78
24473,86
24474,108
24475,36
24476,131
24477,127
24478,121
24479,112
24480,128
24481,129
24482,95
24483,127
24484,94
24485,86
24486,82
24487,42
24488,167
24489,121
24490,84
24491,97
24492,79
24493,130
24494,65
24495,131
24496,35
24497,128
24498,126
24499,193
24500,113
24501,112
24502,91
24503,109
24504,98
24505,76
24506,97
24507,153
24508,101
24509,111
24510,85
24511,120
24512,123
24513,112
24514,124
24515,136
24516,82
24517,115
24518,122
24519,117
24520,76
24521,138
24522,108
24523,105
24524,118
24525,135
24526,94
24527,103
24528,117
24529,85
24530,146
24531,85
24532,137
24533,115
24534,120
24535,104
24536,107
24537,136
24538,135
24539,134
24540,101
24541,108
24542,121
24543,146
24544,122
24545,127
24546,110
24547,138
24548,124
24549,91
24550,85
24551,77
24552,102
24553,148
24554,88
24555,126
24556,103
24557,85
24558,109
24559,92
24560,117
24561,124
24562,91
24563,97
24564,138
24565,134
24566,76
24567,179
24568,125
24569,106
24570,91
24571,120
24572,126
24573,143
24574,95
24575,109
24576,87
24577,127
24578,96
24579,108
24580,122
24581,95
24582,183
24583,145
24584,127
24585,130
24586,108
24587,109
24588,140
24589,101
24590,102
24591,132
24592,114
24593,127
24594,97
24595,47
24596,126
24597,94
24598,159
24599,127
24600,64
24601,130
24602,88
24603,143
24604,114
24605,105
24606,106
24607,102
24608,102
24609,174
24610,81
24611,112
24612,101
24613,153
24614,117
24615,114
24616,111
24617,105
24618,113
24619,91
24620,105
24621,116
24622,125
24623,116
24624,103
24625,102
24626,122
24627,95
24628,82
24629,127
24630,120
24631,107
24632,164
24633,46
24634,114
24635,140
24636,96
24637,135
24638,137
24639,120
24640,116
24641,108
24642,145
24643,129
24644,87
24645,129
24646,66
24647,150
24648,100
24649,113
24650,113
24651,86
24652,112
24653,88
24654,104
24655,96
24656,102
24657,97
24658,90
24659,87
24660,112
24661,97
24662,127
24663,109
24664,51
24665,118
24666,95
24667,86
24668,110
24669,113
24670,115
24671,101
24672,103
24673,130
24674,93
24675,115
24676,112
24677,118
24678,108
24679,115
24680,95
24681,97
24682,83
24683,157
24684,125
24685,99
24686,157
24687,100
24688,120
24689,116
24690,109
24691,110
24692,92
24693,104
24694,137
24695,122
24696,110
24697,112
24698,154
24699,141
24700,92
24701,127
24702,140
24703,126
24704,88
24705,116
24706,118
24707,113
24708,107
24709,120
24710,76
24711,128
24712,107
24713,84
24714,103
24715,139
24716,38
24717,152
24718,124
24719,138
24720,104
24721,105
24722,96
24723,118
24724,126
24725,143
24726,101
24727,111
24728,113
24729,100
24730,95
24731,114
24732,136
24733,144
24734,90
24735,113
24736,113
24737,104
24738,69
24739,104
24740,95
24741,121
24742,130
24743,134
24744,121
24745,105
24746,30
24747,100
24748,139
24749,90
24750,118
24751,116
24752,123
24753,109
24754,100
24755,86
24756,129
24757,30
24758,81
24759,108
24760,143
24761,75
24762,105
24763,88
24764,124
24765,121
24766,121
24767,89
24768,139
24769,108
24770,127
24771,121
24772,110
24773,128
24774,121
24775,112
24776,114
24777,126
24778,84
24779,112
24780,125
24781,164
24782,145
24783,105
24784,84
24785,104
24786,138
24787,112
24788,105
24789,121
24790,133
24791,167
24792,84
24793,137
24794,95
24795,132
24796,126
24797,112
24798,118
24799,106
24800,118
24801,125
24802,150
24803,135
24804,98
24805,102
24806,70
24807,141
24808,101
24809,117
24810,100
24811,96
24812,155
24813,110
24814,128
24815,146
24816,120
24817,91
24818,142
24819,89
24820,136
24821,113
24822,100
24823,128
24824,106
24825,99
24826,91
24827,116
24828,125
24829,145
24830,97
24831,91
24832,118
24833,92
24834,189
24835,125
24836,106
24837,88
24838,117
24839,149
24840,99
24841,122
24842,105
24843,97
24844,83
24845,185
24846,77
24847,145
24848,159
24849,46
24850,79
24851,97
24852,78
24853,86
24854,114
24855,106
24856,92
24857,150
24858,145
24859,120
24860,110
24861,117
24862,94
24863,114
24864,127
24865,102
24866,102
24867,97
24868,102
24869,104
24870,105
24871,106
24872,86
24873,118
24874,125
24875,153
24876,73
24877,112
24878,118
24879,117
24880,148
24881,32
24882,113
24883,124
24884,150
24885,108
24886,127
24887,121
24888,120
24889,85
24890,119
24891,139
24892,94
24893,147
24894,113
24895,127
24896,114
24897,86
24898,151
24899,113
24900,124
24901,113
24902,130
24903,160
24904,124
24905,127
24906,150
24907,135
24908,101
24909,132
24910,94
24911,101
24912,107
24913,113
24914,110
24915,130
24916,119
24917,98
24918,102
24919,101
24920,104
24921,121
24922,124
24923,76
24924,106
24925,123
24926,127
24927,102
24928,142
24929,46
24930,94
24931,88
24932,85
24933,136
24934,118
24935,113
24936,153
24937,126
24938,101
24939,106
24940,126
24941,129
24942,106
24943,102
24944,142
24945,128
24946,56
24947,133
24948,136
24949,116
24950,92
24951,93
24952,112
24953,108
24954,123
24955,104
24956,114
24957,126
24958,95
24959,113
24960,147
24961,151
24962,174
24963,103
24964,84
24965,168
24966,137
24967,90
24968,162
24969,66
24970,129
24971,92
24972,123
24973,115
24974,114
24975,87
24976,132
24977,139
24978,106
24979,44
24980,158
24981,99
24982,120
24983,125
24984,111
24985,129
24986,67
24987,114
24988,104
24989,106
24990,167
24991,156
24992,114
24993,144
24994,137
24995,98
24996,118
24997,120
24998,153
24999,77
25000,154
25001,97
25002,119
25003,141
25004,121
25005,121
25006,103
25007,93
25008,97
25009,74
25010,109
25011,121
25012,115
25013,123
25014,93
25015,136
25016,89
25017,151
25018,110
25019,142
25020,101
25021,124
25022,90
25023,108
25024,100
25025,120
25026,112
25027,91
25028,117
25029,135
25030,176
25031,113
25032,96
25033,132
25034,90
25035,103
25036,102
25037,103
25038,110
25039,134
25040,131
25041,109
25042,136
25043,92
25044,133
25045,102
25046,72
25047,134
25048,181
25049,85
25050,141
25051,130
25052,133
25053,105
25054,129
25055,101
25056,100
25057,32
25058,55
25059,103
25060,97
25061,113
25062,107
25063,109
25064,81
25065,178
25066,100
25067,101
25068,145
25069,125
25070,104
25071,132
25072,105
25073,103
25074,153
25075,114
25076,79
25077,144
25078,90
25079,136
25080,125
25081,75
25082,94
25083,131
25084,118
25085,79
25086,94
25087,162
25088,90
25089,88
25090,95
25091,86
25092,103
25093,134
25094,125
25095,99
25096,126
25097,116
25098,165
25099,137
25100,119
25101,106
25102,156
25103,87
25104,122
25105,53
25106,115
25107,104
25108,96
25109,99
25110,135
25111,107
25112,116
25113,123
25114,119
25115,82
25116,121
25117,83
25118,113
25119,153
25120,147
25121,88
25122,63
25123,108
25124,120
25125,109
25126,80
25127,123
25128,101
25129,97
25130,124
25131,94
25132,139
25133,93
25134,145
25135,72
25136,99
25137,88
25138,112
25139,100
25140,125
25141,101
25142,103
25143,104
25144,95
25145,78
25146,134
25147,114
25148,110
25149,108
25150,100
25151,92
25152,101
25153,99
25154,123
25155,170
25156,111
25157,91
25158,117
25159,110
25160,135
25161,128
25162,110
25163,109
25164,193
25165,101
25166,118
25167,136
25168,128
25169,94
25170,117
25171,138
25172,147
25173,122
25174,97
25175,93
25176,91
25177,136
25178,90
25179,143
25180,76
25181,84
25182,189
25183,67
25184,125
25185,112
25186,130
25187,106
25188,54
25189,158
25190,132
25191,133
25192,125
25193,109
25194,103
25195,116
25196,148
25197,111
25198,53
25199,125
25200,158
25201,77
25202,114
25203,125
25204,143
25205,116
25206,128
25207,99
25208,75
25209,135
25210,129
25211,124
25212,135
25213,126
25214,183
25215,156
25216,88
25217,99
25218,147
25219,120
25220,94
25221,59
25222,116
25223,112
25224,116
25225,100
25226,102
25227,91
25228,87
25229,142
25230,148
25231,152
25232,132
25233,94
25234,92
25235,116
25236,92
25237,75
25238,97
25239,124
25240,82
25241,117
25242,118
25243,101
25244,122
25245,120
25246,110
25247,80
25248,57
25249,35
25250,87
25251,106
25252,115
25253,81
25254,103
25255,163
25256,120
25257,153
25258,22
25259,102
25260,72
25261,121
25262,92
25263,102
25264,90
25265,118
25266,167
25267,112
25268,139
25269,108
25270,110
25271,106
25272,106
25273,122
25274,134
25275,120
25276,121
25277,118
25278,189
25279,113
25280,97
25281,103
25282,89
25283,100
25284,101
25285,140
25286,141
25287,105
25288,83
25289,139
25290,128
25291,105
25292,120
25293,103
25294,125
25295,38
25296,128
25297,104
25298,82
25299,91
25300,131
25301,108
25302,131
25303,133
25304,131
25305,105
25306,77
25307,97
25308,118
25309,148
25310,115
25311,89
25312,115
25313,128
25314,116
25315,83
25316,99
25317,134
25318,105
25319,136
25320,168
25321,137
25322,134
25323,132
25324,127
25325,97
25326,132
25327,175
25328,98
25329,93
25330,150
25331,122
25332,119
25333,115
25334,140
25335,74
25336,74
25337,90
25338,125
25339,162
25340,165
25341,80
25342,111
25343,108
25344,109
25345,41
25346,130
25347,105
25348,92
25349,146
25350,121
25351,112
25352,129
25353,122
25354,107
25355,90
25356,127
25357,110
25358,86
25359,84
25360,98
25361,99
25362,86
25363,144
25364,88
25365,124
25366,93
25367,85
25368,146
25369,128
25370,92
25371,131
25372,129
25373,150
25374,132
25375,112
25376,79
25377,90
25378,112
25379,156
25380,81
25381,108
25382,129
25383,86
25384,122
25385,89
25386,97
25387,109
25388,133
25389,155
25390,115
25391,100
25392,90
25393,91
25394,115
25395,129
25396,130
25397,131
25398,146
25399,134
25400,121
25401,111
25402,119
25403,114
25404,152
25405,146
25406,107
25407,96
25408,73
25409,88
25410,96
25411,144
25412,116
25413,111
25414,120
25415,176
25416,118
25417,84
25418,93
25419,46
25420,116
25421,130
25422,96
25423,150
25424,95
25425,84
25426,82
25427,148
25428,96
25429,122
25430,27
25431,96
25432,124
25433,101
25434,131
25435,146
25436,108
25437,153
25438,158
25439,69
25440,128
25441,141
25442,94
25443,131
25444,86
25445,139
25446,103
25447,71
25448,159
25449,88
25450,118
25451,96
25452,99
25453,126
25454,113
25455,118
25456,123
25457,110
25458,132
25459,122
25460,67
25461,126
25462,111
25463,125
25464,96
25465,82
25466,125
25467,140
25468,126
25469,110
25470,100
25471,125
25472,167
25473,118
25474,155
25475,100
25476,94
25477,96
25478,115
25479,90
25480,139
25481,130
25482,93
25483,145
25484,91
25485,176
25486,96
25487,119
25488,98
25489,107
25490,85
25491,119
25492,142
25493,124
25494,103
25495,138
25496,137
25497,93
25498,90
25499,156
25500,123
25501,116
25502,114
25503,110
25504,40
25505,126
25506,99
25507,141
25508,139
25509,114
25510,116
25511,130
25512,127
25513,124
25514,132
25515,121
25516,135
25517,105
25518,134
25519,63
25520,101
25521,165
25522,114
25523,125
25524,126
25525,119
25526,148
25527,116
25528,100
25529,117
25530,111
25531,119
25532,62
25533,109
25534,82
25535,150
25536,72
25537,73
25538,127
25539,71
25540,125
25541,102
25542,99
25543,88
25544,109
25545,103
25546,94
25547,95
25548,133
25549,140
25550,135
25551,131
25552,139
25553,138
25554,137
25555,135
25556,104
25557,140
25558,85
25559,83
25560,119
25561,91
25562,133
25563,96
25564,152
25565,82
25566,80
25567,87
25568,73
25569,125
25570,123
25571,128
25572,113
25573,144
25574,95
25575,116
25576,128
25577,124
25578,155
25579,93
25580,143
25581,95
25582,79
25583,131
25584,120
25585,112
25586,109
25587,120
25588,102
25589,145
25590,160
25591,131
25592,101
25593,128
25594,116
25595,101
25596,64
25597,163
25598,83
25599,140
25600,136
25601,119
25602,129
25603,87
25604,112
25605,108
25606,169
25607,122
25608,121
25609,139
25610,67
25611,144
25612,109
25613,115
25614,99
25615,114
25616,168
25617,68
25618,122
25619,126
25620,93
25621,111
25622,134
25623,139
25624,110
25625,150
25626,103
25627,101
25628,89
25629,99
25630,108
25631,104
25632,115
25633,161
25634,137
25635,115
25636,90
25637,115
25638,78
25639,133
25640,98
25641,108
25642,100
25643,106
25644,119
25645,145
25646,110
25647,73
25648,31
25649,135
25650,114
25651,96
25652,107
25653,108
25654,95
25655,50
25656,122
25657,101
25658,125
25659,100
25660,143
25661,106
25662,124
25663,140
25664,75
25665,139
25666,127
25667,88
25668,131
25669,117
25670,114
25671,101
25672,104
25673,92
25674,88
25675,136
25676,141
25677,129
25678,174
25679,108
25680,100
25681,101
25682,106
25683,44
25684,74
25685,90
25686,111
25687,166
25688,134
25689,109
25690,104
25691,143
25692,139
25693,105
25694,136
25695,116
25696,118
25697,88
25698,175
25699,127
25700,102
25701,125
25702,144
25703,115
25704,80
25705,170
25706,148
25707,30
25708,125
25709,126
25710,125
25711,115
25712,105
25713,145
25714,90
25715,101
25716,72
25717,113
25718,123
25719,115
25720,152
25721,87
25722,103
25723,120
25724,101
25725,119
25726,124
25727,142
25728,136
25729,149
25730,86
25731,116
25732,131
25733,118
25734,99
25735,99
25736,96
25737,103
25738,107
25739,110
25740,81
25741,80
25742,136
25743,146
25744,140
25745,96
25746,133
25747,97
25748,141
25749,117
25750,126
25751,124
25752,106
25753,97
25754,102
25755,47
25756,117
25757,95
25758,107
25759,95
25760,141
25761,163
25762,100
25763,107
25764,133
25765,98
25766,98
25767,66
25768,82
25769,85
25770,100
25771,71
25772,116
25773,120
25774,101
25775,91
25776,147
25777,124
25778,111
25779,102
25780,117
25781,125
25782,98
25783,116
25784,100
25785,139
25786,134
25787,96
25788,120
25789,105
25790,86
25791,142
25792,111
25793,146
25794,147
25795,131
25796,87
25797,93
25798,158
25799,121
25800,107
25801,132
25802,115
25803,108
25804,108
25805,92
25806,107
25807,142
25808,113
25809,92
25810,80
25811,97
25812,173
25813,117
25814,153
25815,103
25816,93
25817,121
25818,87
25819,138
25820,120
25821,110
25822,143
25823,147
25824,114
25825,139
25826,83
25827,112
25828,141
25829,94
25830,78
25831,93
25832,159
25833,88
25834,94
25835,122
25836,128
25837,100
25838,136
25839,147
25840,195
25841,93
25842,148
25843,112
25844,129
25845,138
25846,149
25847,120
25848,115
25849,126
25850,123
25851,92
25852,153
25853,145
25854,115
25855,141
25856,22
25857,150
25858,109
25859,118
25860,103
25861,98
25862,93
25863,118
25864,133
25865,91
25866,98
25867,157
25868,148
25869,88
25870,133
25871,91
25872,176
25873,129
25874,133
25875,82
25876,123
25877,152
25878,112
25879,86
25880,100
25881,134
25882,98
25883,149
25884,109
25885,87
25886,131
25887,143
25888,95
25889,93
25890,139
25891,109
25892,110
25893,73
25894,134
25895,146
25896,112
25897,144
25898,82
25899,105
25900,97
25901,106
25902,121
25903,134
25904,90
25905,131
25906,82
25907,96
25908,110
25909,78
25910,124
25911,103
25912,110
25913,109
25914,132
25915,133
25916,119
25917,105
25918,108
25919,114
25920,146
25921,143
25922,123
25923,128
25924,101
25925,167
25926,104
25927,130
25928,93
25929,134
25930,94
25931,167
25932,146
25933,90
25934,133
25935,98
25936,82
25937,112
25938,169
25939,115
25940,157
25941,115
25942,98
25943,101
25944,112
25945,120
25946,77
25947,106
25948,122
25949,130
25950,120
25951,102
25952,95
25953,122
25954,86
25955,92
25956,94
25957,139
25958,126
25959,109
25960,149
25961,123
25962,142
25963,160
25964,92
25965,80
25966,114
25967,114
25968,133
25969,110
25970,137
25971,136
25972,124
25973,98
25974,131
25975,131
25976,136
25977,128
25978,148
25979,112
25980,111
25981,124
25982,102
25983,122
25984,100
25985,78
25986,107
25987,90
25988,171
25989,129
25990,119
25991,113
25992,148
25993,72
25994,80
25995,107
25996,112
25997,109
25998,127
25999,100
26000,121
26001,131
26002,91
26003,95
26004,93
26005,114
26006,128
26007,94
26008,90
26009,100
26010,107
26011,88
26012,86
26013,108
26014,104
26015,99
26016,101
26017,137
26018,172
26019,98
26020,127
26021,77
26022,97
26023,94
26024,95
26025,139
26026,98
26027,106
26028,108
26029,103
26030,165
26031,104
26032,97
26033,118
26034,95
26035,86
26036,112
26037,151
26038,134
26039,121
26040,117
26041,146
26042,81
26043,114
26044,122
26045,130
26046,91
26047,127
26048,69
26049,109
26050,134
26051,91
26052,87
26053,184
26054,160
26055,27
26056,122
26057,71
26058,103
26059,113
26060,106
26061,135
26062,86
26063,99
26064,85
26065,120
26066,107
26067,142
26068,131
26069,139
26070,48
26071,102
26072,153
26073,148
26074,115
26075,90
26076,127
26077,161
26078,84
26079,119
26080,122
26081,83
26082,121
26083,158
26084,105
26085,106
26086,81
26087,102
26088,141
26089,125
26090,91
26091,100
26092,128
26093,130
26094,157
26095,90
26096,154
26097,178
26098,126
26099,119
26100,125
26101,131
26102,126
26103,87
26104,114
26105,89
26106,111
26107,112
26108,146
26109,108
26110,110
26111,115
26112,104
26113,97
26114,115
26115,117
26116,98
26117,121
26118,96
26119,118
26120,96
26121,111
26122,97
26123,86
26124,95
26125,80
26126,134
26127,113
26128,102
26129,80
26130,153
26131,81
26132,104
26133,74
26134,131
26135,116
26136,108
26137,146
26138,114
26139,111
26140,120
26141,133
26142,156
26143,104
26144,105
26145,193
26146,178
26147,114
26148,132
26149,120
26150,117
26151,87
26152,91
26153,90
26154,118
26155,68
26156,165
26157,134
26158,104
26159,120
26160,122
26161,113
26162,120
26163,86
26164,101
26165,108
26166,93
26167,94
26168,116
26169,64
26170,116
26171,61
26172,101
26173,100
26174,80
26175,104
26176,120
26177,99
26178,119
26179,141
26180,88
26181,171
26182,171
26183,50
26184,140
26185,121
26186,137
26187,108
26188,117
26189,91
26190,52
26191,154
26192,28
26193,108
26194,61
26195,104
26196,131
26197,62
26198,73
26199,31
26200,46
26201,33
26202,75
26203,141
26204,152
26205,98
26206,108
26207,79
26208,110
26209,83
26210,139
26211,31
26212,94
26213,120
26214,111
26215,114
26216,96
26217,116
26218,114
26219,102
26220,43
26221,140
26222,135
26223,155
26224,107
26225,113
26226,96
26227,76
26228,111
26229,113
26230,129
26231,98
26232,95
26233,118
26234,88
26235,122
26236,165
26237,84
26238,117
26239,148
26240,138
26241,101
26242,103
26243,106
26244,182
26245,115
26246,91
26247,149
26248,90
26249,125
26250,132
26251,91
26252,119
26253,130
26254,111
26255,86
26256,87
26257,113
26258,127
26259,110
26260,165
26261,93
26262,98
26263,122
26264,130
26265,164
26266,166
26267,115
26268,86
26269,82
26270,121
26271,125
26272,100
26273,71
26274,128
26275,115
26276,82
26277,123
26278,102
26279,127
26280,111
26281,105
26282,180
26283,102
26284,114
26285,100
26286,151
26287,118
26288,98
26289,31
26290,120
26291,106
26292,117
26293,133
26294,160
26295,118
26296,104
26297,108
26298,158
26299,92
26300,127
26301,144
26302,152
26303,139
26304,93
26305,85
26306,102
26307,119
26308,100
26309,158
26310,138
26311,121
26312,65
26313,106
26314,126
26315,107
26316,115
26317,124
26318,120
26319,110
26320,175
26321,139
26322,112
26323,153
26324,107
26325,122
26326,100
26327,116
26328,124
26329,120
26330,120
26331,106
26332,90
26333,71
26334,116
26335,93
26336,161
26337,132
26338,138
26339,102
26340,126
26341,112
26342,127
26343,108
26344,103
26345,127
26346,83
26347,120
26348,56
26349,119
26350,116
26351,154
26352,96
26353,96
26354,119
26355,33
26356,130
26357,108
26358,155
26359,119
26360,137
26361,102
26362,137
26363,138
26364,92
26365,104
26366,122
26367,90
26368,153
26369,133
26370,97
26371,107
26372,141
26373,110
26374,155
26375,116
26376,128
26377,109
26378,124
26379,97
26380,92
26381,132
26382,105
26383,123
26384,112
26385,108
26386,150
26387,96
26388,166
26389,103
26390,135
26391,136
26392,86
26393,108
26394,113
26395,133
26396,83
26397,139
26398,182
26399,106
26400,171
26401,130
26402,138
26403,112
26404,110
26405,152
26406,118
26407,106
26408,117
26409,137
26410,113
26411,140
26412,156
26413,82
26414,152
26415,35
26416,147
26417,83
26418,101
26419,112
26420,105
26421,108
26422,95
26423,138
26424,158
26425,151
26426,109
26427,113
26428,106
26429,151
26430,137
26431,101
26432,123
26433,101
26434,112
26435,152
26436,93
26437,103
26438,116
26439,125
26440,102
26441,100
26442,103
26443,112
26444,111
26445,101
26446,140
26447,154
26448,137
26449,127
26450,80
26451,156
26452,120
26453,77
26454,98
26455,100
26456,113
26457,92
26458,105
26459,103
26460,160
26461,105
26462,126
26463,135
26464,114
26465,30
26466,99
26467,155
26468,24
26469,65
26470,103
26471,61
26472,131
26473,162
26474,132
26475,118
26476,98
26477,119
26478,108
26479,125
26480,98
26481,99
26482,174
26483,114
26484,95
26485,127
26486,105
26487,74
26488,99
26489,140
26490,89
26491,126
26492,104
26493,110
26494,115
26495,126
26496,174
26497,97
26498,71
26499,152
26500,102
26501,86
26502,110
26503,105
26504,108
26505,87
26506,84
26507,120
26508,138
26509,122
26510,138
26511,160
26512,142
26513,88
26514,122
26515,90
26516,103
26517,156
26518,80
26519,94
26520,141
26521,112
26522,74
26523,144
26524,128
26525,162
26526,156
26527,92
26528,135
26529,169
26530,109
26531,120
26532,143
26533,97
26534,78
26535,103
26536,144
26537,49
26538,117
26539,106
26540,117
26541,125
26542,123
26543,90
26544,109
26545,101
26546,147
26547,146
26548,87
26549,123
26550,94
26551,106
26552,134
26553,104
26554,127
26555,128
26556,79
26557,93
26558,96
26559,109
26560,112
26561,132
26562,88
26563,101
26564,76
26565,79
26566,135
26567,107
26568,109
26569,72
26570,97
26571,138
26572,148
26573,109
26574,33
26575,67
26576,105
26577,95
26578,120
26579,184
26580,95
26581,91
26582,50
26583,96
26584,124
26585,116
26586,96
26587,119
26588,97
26589,120
26590,64
26591,139
26592,109
26593,132
26594,107
26595,108
26596,85
26597,129
26598,108
26599,90
26600,119
26601,155
26602,114
26603,140
26604,127
26605,117
26606,156
26607,131
26608,122
26609,114
26610,67
26611,93
26612,130
26613,81
26614,123
26615,131
26616,99
26617,135
26618,96
26619,82
26620,149
26621,107
26622,137
26623,130
26624,149
26625,132
26626,127
26627,122
26628,128
26629,193
26630,104
26631,40
26632,149
26633,106
26634,123
26635,117
26636,112
26637,74
26638,168
26639,114
26640,72
26641,135
26642,103
26643,121
26644,126
26645,107
26646,90
26647,156
26648,157
26649,81
26650,116
26651,102
26652,146
26653,106
26654,145
26655,159
26656,107
26657,108
26658,88
26659,99
26660,115
26661,183
26662,101
26663,125
26664,108
26665,164
26666,97
26667,120
26668,111
26669,158
26670,166
26671,131
26672,114
26673,136
26674,95
26675,82
26676,101
26677,106
26678,133
26679,116
26680,103
26681,116
26682,99
26683,115
26684,94
26685,116
26686,119
26687,121
26688,98
26689,111
26690,138
26691,81
26692,91
26693,102
26694,117
26695,91
26696,109
26697,90
26698,112
26699,102
26700,39
26701,124
26702,133
26703,160
26704,152
26705,100
26706,121
26707,111
26708,119
26709,89
26710,112
26711,151
26712,115
26713,130
26714,118
26715,100
26716,128
26717,95
26718,194
26719,88
26720,112
26721,95
26722,117
26723,141
26724,105
26725,109
26726,137
26727,95
26728,135
26729,161
26730,130
26731,86
26732,145
26733,123
26734,123
26735,104
26736,128
26737,114
26738,135
26739,93
26740,37
26741,55
26742,123
26743,87
26744,110
26745,124
26746,97
26747,101
26748,90
26749,97
26750,178
26751,95
26752,135
26753,164
26754,105
26755,109
26756,86
26757,118
26758,108
26759,131
26760,131
26761,98
26762,92
26763,46
26764,88
26765,167
26766,97
26767,112
26768,111
26769,103
26770,64
26771,117
26772,127
26773,129
26774,124
26775,83
26776,105
26777,121
26778,121
26779,110
26780,122
26781,158
26782,124
26783,56
26784,97
26785,145
26786,134
26787,122
26788,128
26789,117
26790,134
26791,117
26792,103
26793,95
26794,121
26795,80
26796,112
26797,156
26798,96
26799,137
26800,178
26801,123
26802,95
26803,96
26804,72
26805,95
26806,76
26807,114
26808,119
26809,89
26810,116
26811,31
26812,153
26813,84
26814,116
26815,129
26816,129
26817,38
26818,99
26819,108
26820,110
26821,129
26822,106
26823,91
26824,131
26825,174
26826,137
26827,120
26828,153
26829,103
26830,127
26831,113
26832,99
26833,109
26834,93
26835,54
26836,102
26837,39
26838,152
26839,95
26840,108
26841,94
26842,100
26843,82
26844,121
26845,94
26846,105
26847,99
26848,108
26849,118
26850,103
26851,94
26852,128
26853,144
26854,97
26855,132
26856,95
26857,100
26858,91
26859,89
26860,119
26861,105
26862,115
26863,114
26864,34
26865,78
26866,114
26867,117
26868,117
26869,130
26870,155
26871,165
26872,121
26873,160
26874,38
26875,114
26876,99
26877,129
26878,92
26879,127
26880,110
26881,42
26882,85
26883,181
26884,90
26885,96
26886,34
26887,145
26888,129
26889,124
26890,131
26891,111
26892,95
26893,131
26894,73
26895,90
26896,89
26897,76
26898,163
26899,108
26900,117
26901,121
26902,125
26903,129
26904,122
26905,66
26906,100
26907,75
26908,146
26909,90
26910,139
26911,103
26912,94
26913,129
26914,117
26915,91
26916,87
26917,117
26918,127
26919,100
26920,120
26921,108
26922,100
26923,106
26924,130
26925,161
26926,129
26927,111
26928,91
26929,111
26930,159
26931,153
26932,135
26933,156
26934,135
26935,86
26936,91
26937,103
26938,81
26939,134
26940,108
26941,118
26942,176
26943,118
26944,85
26945,144
26946,42
26947,113
26948,119
26949,64
26950,132
26951,101
26952,102
26953,82
26954,85
26955,101
26956,30
26957,117
26958,116
26959,160
26960,94
26961,112
26962,93
26963,123
26964,97
26965,144
26966,138
26967,94
26968,70
26969,76
26970,141
26971,114
26972,123
26973,114
26974,87
26975,114
26976,99
26977,94
26978,100
26979,115
26980,114
26981,118
26982,89
26983,159
26984,98
26985,153
26986,77
26987,84
26988,118
26989,133
26990,161
26991,85
26992,177
26993,93
26994,104
26995,81
26996,87
26997,93
26998,98
26999,149
27000,100
27001,74
27002,33
27003,109
27004,116
27005,90
27006,107
27007,115
27008,117
27009,135
27010,108
27011,164
27012,103
27013,53
27014,71
27015,98
27016,116
27017,135
27018,105
27019,78
27020,122
27021,130
27022,108
27023,120
27024,96
27025,96
27026,110
27027,181
27028,136
27029,127
27030,112
27031,164
27032,119
27033,115
27034,108
27035,126
27036,90
27037,68
27038,107
27039,130
27040,109
27041,124
27042,136
27043,164
27044,75
27045,171
27046,117
27047,120
27048,162
27049,107
27050,116
27051,83
27052,120
27053,106
27054,92
27055,98
27056,73
27057,145
27058,102
27059,79
27060,155
27061,120
27062,92
27063,89
27064,79
27065,89
27066,126
27067,79
27068,122
27069,76
27070,100
27071,118
27072,129
27073,147
27074,107
27075,110
27076,138
27077,91
27078,113
27079,143
27080,63
27081,34
27082,127
27083,119
27084,106
27085,88
27086,76
27087,123
27088,75
27089,139
27090,148
27091,106
27092,97
27093,114
27094,119
27095,144
27096,36
27097,94
27098,117
27099,161
27100,35
27101,97
27102,112
27103,155
27104,162
27105,101
27106,116
27107,137
27108,115
27109,114
27110,101
27111,145
27112,132
27113,114
27114,119
27115,103
27116,111
27117,113
27118,112
27119,99
27120,130
27121,92
27122,132
27123,95
27124,99
27125,167
27126,115
27127,164
27128,159
27129,74
27130,96
27131,158
27132,108
27133,113
27134,88
27135,45
27136,147
27137,82
27138,107
27139,131
27140,119
27141,101
27142,98
27143,108
27144,77
27145,117
27146,89
27147,142
27148,99
27149,35
27150,102
27151,88
27152,127
27153,93
27154,139
27155,118
27156,114
27157,141
27158,109
27159,124
27160,169
27161,121
27162,84
27163,111
27164,104
27165,105
27166,127
27167,122
27168,137
27169,51
27170,124
27171,122
27172,114
27173,103
27174,133
27175,119
27176,154
27177,116
27178,140
27179,131
27180,132
27181,153
27182,97
27183,105
27184,74
27185,108
27186,108
27187,168
27188,92
27189,109
27190,104
27191,91
27192,94
27193,83
27194,101
27195,119
27196,136
27197,87
27198,157
27199,113
27200,122
27201,85
27202,116
27203,120
27204,115
27205,116
27206,90
27207,95
27208,96
27209,85
27210,128
27211,126
27212,142
27213,142
27214,139
27215,106
27216,80
27217,152
27218,83
27219,101
27220,114
27221,170
27222,99
27223,106
27224,140
27225,79
27226,160
27227,111
27228,85
27229,171
27230,116
27231,112
27232,130
27233,110
27234,89
27235,106
27236,97
27237,85
27238,135
27239,121
27240,96
27241,71
27242,136
27243,105
27244,68
27245,134
27246,116
27247,83
27248,102
27249,96
27250,96
27251,114
27252,83
27253,145
27254,117
27255,119
27256,89
27257,100
27258,80
27259,133
27260,108
27261,139
27262,143
27263,100
27264,135
27265,88
27266,112
27267,179
27268,109
27269,109
27270,109
27271,121
27272,110
27273,144
27274,160
27275,165
27276,102
27277,94
27278,106
27279,163
27280,100
27281,102
27282,53
27283,165
27284,103
27285,98
27286,69
27287,131
27288,99
27289,111
27290,107
27291,141
27292,103
27293,112
27294,142
27295,131
27296,94
27297,124
27298,100
27299,126
27300,98
27301,123
27302,115
27303,137
27304,121
27305,118
27306,114
27307,151
27308,107
27309,116
27310,125
27311,161
27312,103
27313,110
27314,94
27315,86
27316,74
27317,69
27318,128
27319,109
27320,127
27321,122
27322,159
27323,75
27324,110
27325,98
27326,100
27327,93
27328,82
27329,102
27330,158
27331,104
27332,142
27333,133
27334,89
27335,67
27336,102
27337,128
27338,123
27339,26
27340,129
27341,113
27342,66
27343,101
27344,88
27345,116
27346,98
27347,81
27348,93
27349,110
27350,146
27351,151
27352,110
27353,113
27354,98
27355,134
27356,115
27357,92
27358,145
27359,123
27360,137
27361,162
27362,121
27363,151
27364,113
27365,95
27366,104
27367,113
27368,92
27369,103
27370,164
27371,130
27372,116
27373,136
27374,112
27375,80
27376,142
27377,130
27378,112
27379,84
27380,141
27381,98
27382,133
27383,106
27384,81
27385,129
27386,99
27387,138
27388,128
27389,109
27390,118
27391,91
27392,130
27393,93
27394,137
27395,104
27396,131
27397,102
27398,171
27399,128
27400,112
27401,115
27402,131
27403,95
27404,130
27405,99
27406,33
27407,142
27408,121
27409,87
27410,96
27411,136
27412,144
27413,113
27414,146
27415,112
27416,121
27417,112
27418,110
27419,97
27420,97
27421,79
27422,90
27423,115
27424,117
27425,68
27426,93
27427,92
27428,116
27429,110
27430,108
27431,123
27432,150
27433,134
27434,126
27435,93
27436,95
27437,128
27438,101
27439,131
27440,97
27441,79
27442,86
27443,102
27444,107
27445,120
27446,89
27447,118
27448,170
27449,137
27450,104
27451,147
27452,110
27453,101
27454,94
27455,159
27456,89
27457,103
27458,96
27459,137
27460,174
27461,115
27462,92
27463,117
27464,110
27465,141
27466,127
27467,139
27468,112
27469,49
27470,104
27471,110
27472,131
27473,92
27474,131
27475,88
27476,105
27477,106
27478,151
27479,99
27480,130
27481,131
27482,90
27483,93
27484,110
27485,82
27486,124
27487,112
27488,154
27489,121
27490,103
27491,154
27492,158
27493,86
27494,166
27495,119
27496,120
27497,77
27498,143
27499,188
27500,104
27501,151
27502,80
27503,110
27504,78
27505,87
27506,124
27507,116
27508,98
27509,126
27510,115
27511,142
27512,174
27513,174
27514,115
27515,178
27516,124
27517,127
27518,85
27519,113
27520,115
27521,119
27522,123
27523,114
27524,98
27525,89
27526,129
27527,140
27528,111
27529,97
27530,116
27531,92
27532,107
27533,140
27534,132
27535,114
27536,66
27537,168
27538,87
27539,121
27540,171
27541,104
27542,100
27543,107
27544,104
27545,109
27546,135
27547,125
27548,156
27549,152
27550,92
27551,141
27552,132
27553,147
27554,90
27555,126
27556,71
27557,93
27558,117
27559,94
27560,136
27561,134
27562,117
27563,124
27564,100
27565,158
27566,68
27567,102
27568,105
27569,108
27570,125
27571,93
27572,152
27573,107
27574,118
27575,93
27576,101
27577,118
27578,162
27579,163
27580,105
27581,132
27582,102
27583,123
27584,78
27585,175
27586,127
27587,111
27588,118
27589,148
27590,98
27591,52
27592,140
27593,99
27594,82
27595,150
27596,129
27597,141
27598,92
27599,164
27600,92
27601,134
27602,108
27603,142
27604,134
27605,115
27606,136
27607,130
27608,114
27609,91
27610,100
27611,105
27612,181
27613,106
27614,90
27615,98
27616,116
27617,153
27618,150
27619,159
27620,112
27621,102
27622,132
27623,90
27624,81
27625,131
27626,158
27627,102
27628,122
27629,130
27630,140
27631,154
27632,139
27633,102
27634,111
27635,96
27636,113
27637,82
27638,88
27639,127
27640,95
27641,78
27642,146
27643,67
27644,111
27645,119
27646,124
27647,125
27648,57
27649,131
27650,120
27651,85
27652,115
27653,92
27654,97
27655,118
27656,136
27657,122
27658,114
27659,89
27660,100
27661,119
27662,95
27663,170
27664,83
27665,93
27666,106
27667,152
27668,131
27669,96
27670,99
27671,111
27672,155
27673,124
27674,112
27675,64
27676,131
27677,114
27678,109
27679,157
27680,119
27681,28
27682,71
27683,113
27684,91
27685,126
27686,73
27687,150
27688,110
27689,74
27690,127
27691,53
27692,112
27693,121
27694,94
27695,99
27696,115
27697,114
27698,108
27699,90
27700,120
27701,125
27702,155
27703,91
27704,77
27705,125
27706,86
27707,111
27708,97
27709,103
27710,111
27711,158
27712,146
27713,120
27714,109
27715,122
27716,107
27717,113
27718,86
27719,129
27720,121
27721,110
27722,155
27723,101
27724,102
27725,100
27726,127
27727,103
27728,105
27729,128
27730,79
27731,148
27732,85
27733,123
27734,50
27735,106
27736,26
27737,98
27738,125
27739,111
27740,169
27741,84
27742,143
27743,122
27744,132
27745,169
27746,78
27747,97
27748,120
27749,130
27750,134
27751,106
27752,84
27753,154
27754,90
27755,99
27756,136
27757,83
27758,80
27759,152
27760,104
27761,103
27762,76
27763,87
27764,125
27765,83
27766,104
27767,112
27768,156
27769,99
27770,136
27771,137
27772,113
27773,93
27774,34
27775,120
27776,87
27777,114
27778,89
27779,163
27780,113
27781,129
27782,87
27783,113
27784,131
27785,131
27786,37
27787,107
27788,161
27789,101
27790,70
27791,111
27792,105
27793,104
27794,129
27795,118
27796,93
27797,103
27798,98
27799,135
27800,113
27801,91
27802,114
27803,107
27804,95
27805,94
27806,92
27807,100
27808,172
27809,162
27810,106
27811,111
27812,121
27813,104
27814,103
27815,117
27816,165
27817,99
27818,146
27819,115
27820,75
27821,72
27822,134
27823,114
27824,100
27825,136
27826,92
27827,116
27828,88
27829,115
27830,102
27831,136
27832,120
27833,100
27834,186
27835,111
27836,154
27837,94
27838,164
27839,142
27840,130
27841,120
27842,116
27843,109
27844,85
27845,129
27846,83
27847,122
27848,126
27849,161
27850,114
27851,113
27852,77
27853,126
27854,122
27855,115
27856,143
27857,106
27858,127
27859,102
27860,96
27861,150
27862,134
27863,124
27864,132
27865,111
27866,137
27867,81
27868,76
27869,36
27870,104
27871,110
27872,105
27873,85
27874,80
27875,103
27876,98
27877,94
27878,76
27879,80
27880,44
27881,123
27882,115
27883,124
27884,121
27885,139
27886,143
27887,103
27888,86
27889,86
27890,88
27891,151
27892,144
27893,26
27894,134
27895,110
27896,90
27897,95
27898,160
27899,80
27900,176
27901,113
27902,135
27903,129
27904,161
27905,107
27906,96
27907,87
27908,147
27909,91
27910,103
27911,138
27912,128
27913,105
27914,109
27915,109
27916,128
27917,103
27918,129
27919,116
27920,163
27921,130
27922,103
27923,116
27924,92
27925,137
27926,130
27927,113
27928,112
27929,123
27930,70
27931,97
27932,119
27933,84
27934,189
27935,71
27936,115
27937,103
27938,99
27939,97
27940,151
27941,141
27942,115
27943,103
27944,121
27945,111
27946,109
27947,123
27948,99
27949,132
27950,111
27951,110
27952,102
27953,125
27954,125
27955,103
27956,152
27957,87
27958,118
27959,137
27960,130
27961,121
27962,130
27963,97
27964,112
27965,109
27966,148
27967,145
27968,37
27969,129
27970,96
27971,127
27972,149
27973,106
27974,102
27975,156
27976,138
27977,77
27978,86
27979,124
27980,97
27981,135
27982,121
27983,41
27984,149
27985,110
27986,112
27987,130
27988,136
27989,130
27990,146
27991,165
27992,134
27993,132
27994,120
27995,126
27996,121
27997,165
27998,129
27999,108
28000,99
28001,89
28002,105
28003,163
28004,113
28005,135
28006,117
28007,110
28008,118
28009,133
28010,121
28011,137
28012,104
28013,111
28014,109
28015,144
28016,154
28017,156
28018,135
28019,101
28020,128
28021,113
28022,132
28023,74
28024,100
28025,126
28026,104
28027,86
28028,132
28029,133
28030,90
28031,96
28032,149
28033,109
28034,78
28035,122
28036,101
28037,118
28038,128
28039,164
28040,109
28041,100
28042,127
28043,104
28044,114
28045,123
28046,95
28047,69
28048,129
28049,94
28050,121
28051,105
28052,118
28053,87
28054,140
28055,125
28056,98
28057,162
28058,103
28059,106
28060,105
28061,122
28062,101
28063,94
28064,106
28065,99
28066,116
28067,142
28068,108
28069,100
28070,154
28071,97
28072,83
28073,81
28074,121
28075,132
28076,123
28077,132
28078,112
28079,90
28080,120
28081,136
28082,67
28083,108
28084,102
28085,142
28086,121
28087,111
28088,72
28089,125
28090,94
28091,52
28092,86
28093,102
28094,101
28095,153
28096,63
28097,98
28098,113
28099,94
28100,112
28101,148
28102,99
28103,155
28104,103
28105,94
28106,123
28107,83
28108,118
28109,70
28110,112
28111,150
28112,114
28113,133
28114,127
28115,156
28116,78
28117,76
28118,115
28119,92
28120,105
28121,111
28122,113
28123,80
28124,152
28125,155
28126,100
28127,115
28128,103
28129,152
28130,79
28131,140
28132,128
28133,97
28134,95
28135,88
28136,96
28137,105
28138,104
28139,117
28140,82
28141,77
28142,100
28143,136
28144,87
28145,130
28146,77
28147,126
28148,150
28149,165
28150,129
28151,108
28152,121
28153,98
28154,137
28155,102
28156,118
28157,123
28158,199
28159,106
28160,114
28161,116
28162,117
28163,96
28164,125
28165,147
28166,88
28167,114
28168,117
28169,112
28170,118
28171,135
28172,91
28173,144
28174,108
28175,144
28176,148
28177,155
28178,167
28179,167
28180,98
28181,96
28182,112
28183,136
28184,130
28185,105
28186,107
28187,145
28188,115
28189,130
28190,80
28191,82
28192,106
28193,94
28194,67
28195,145
28196,109
28197,154
28198,38
28199,128
28200,85
28201,95
28202,98
28203,61
28204,109
28205,116
28206,123
28207,53
28208,117
28209,107
28210,103
28211,156
28212,124
28213,132
28214,144
28215,103
28216,114
28217,108
28218,106
28219,167
28220,143
28221,116
28222,135
28223,106
28224,116
28225,123
28226,99
28227,115
28228,85
28229,101
28230,107
28231,110
28232,65
28233,110
28234,124
28235,144
28236,117
28237,151
28238,134
28239,121
28240,123
28241,124
28242,100
28243,103
28244,71
28245,117
28246,119
28247,109
28248,151
28249,106
28250,137
28251,146
28252,148
28253,111
28254,124
28255,104
28256,96
28257,126
28258,120
28259,79
28260,103
28261,139
28262,111
28263,99
28264,107
28265,148
28266,133
28267,125
28268,124
28269,157
28270,96
28271,105
28272,138
28273,62
28274,86
28275,128
28276,111
28277,98
28278,40
28279,128
28280,94
28281,103
28282,109
28283,128
28284,71
28285,100
28286,135
28287,115
28288,93
28289,108
28290,95
28291,103
28292,98
28293,126
28294,81
28295,83
28296,125
28297,163
28298,53
28299,107
28300,140
28301,177
28302,83
28303,127
28304,112
28305,136
28306,145
28307,97
28308,136
28309,119
28310,142
28311,134
28312,101
28313,170
28314,140
28315,122
28316,117
28317,127
28318,122
28319,103
28320,128
28321,104
28322,105
28323,126
28324,117
28325,102
28326,96
28327,93
28328,140
28329,36
28330,134
28331,123
28332,118
28333,150
28334,135
28335,101
28336,160
28337,120
28338,114
28339,108
28340,149
28341,151
28342,122
28343,172
28344,87
28345,151
28346,106
28347,86
28348,87
28349,126
28350,96
28351,129
28352,84
28353,97
28354,109
28355,49
28356,97
28357,90
28358,102
28359,108
28360,40
28361,134
28362,120
28363,107
28364,117
28365,119
28366,141
28367,91
28368,140
28369,113
28370,104
28371,61
28372,96
28373,88
28374,138
28375,151
28376,114
28377,147
28378,113
28379,101
28380,114
28381,103
28382,111
28383,86
28384,102
28385,97
28386,139
28387,141
28388,92
28389,151
28390,99
28391,89
28392,158
28393,138
28394,72
28395,114
28396,166
28397,134
28398,109
28399,45
28400,37
28401,108
28402,120
28403,117
28404,94
28405,142
28406,103
28407,167
28408,128
28409,102
28410,101
28411,134
28412,38
28413,103
28414,161
28415,60
28416,171
28417,77
28418,130
28419,168
28420,130
28421,111
28422,104
28423,106
28424,90
28425,113
28426,88
28427,89
28428,110
28429,129
28430,125
28431,106
28432,99
28433,122
28434,89
28435,102
28436,106
28437,130
28438,142
28439,85
28440,133
28441,117
28442,88
28443,162
28444,148
28445,122
28446,106
28447,61
28448,151
28449,66
28450,81
28451,134
28452,170
28453,110
28454,92
28455,124
28456,105
28457,89
28458,176
28459,174
28460,61
28461,102
28462,86
28463,130
28464,132
28465,109
28466,126
28467,97
28468,104
28469,153
28470,95
28471,92
28472,117
28473,92
28474,128
28475,128
28476,117
28477,100
28478,121
28479,123
28480,44
28481,165
28482,82
28483,80
28484,114
28485,105
28486,84
28487,88
28488,120
28489,119
28490,99
28491,136
28492,118
28493,93
28494,142
28495,136
28496,101
28497,82
28498,102
28499,98
28500,102
28501,91
28502,145
28503,122
28504,128
28505,94
28506,101
28507,118
28508,108
28509,124
28510,101
28511,127
28512,115
28513,93
28514,106
28515,145
28516,154
28517,73
28518,103
28519,117
28520,119
28521,101
28522,60
28523,107
28524,53
28525,136
28526,108
28527,121
28528,133
28529,91
28530,134
28531,171
28532,137
28533,88
28534,103
28535,94
28536,103
28537,120
28538,142
28539,94
28540,169
28541,167
28542,115
28543,82
28544,94
28545,127
28546,125
28547,116
28548,117
28549,118
28550,152
28551,105
28552,110
28553,33
28554,78
28555,116
28556,118
28557,104
28558,107
28559,166
28560,141
28561,98
28562,125
28563,135
28564,146
28565,108
28566,114
28567,106
28568,144
28569,77
28570,93
28571,115
28572,116
28573,72
28574,104
28575,113
28576,155
28577,108
28578,100
28579,70
28580,118
28581,107
28582,92
28583,49
28584,101
28585,39
28586,122
28587,83
28588,136
28589,117
28590,90
28591,104
28592,96
28593,129
28594,96
28595,107
28596,125
28597,128
28598,135
28599,108
28600,92
28601,152
28602,116
28603,116
28604,121
28605,137
28606,96
28607,112
28608,111
28609,117
28610,89
28611,98
28612,123
28613,32
28614,141
28615,100
28616,165
28617,130
28618,122
28619,105
28620,80
28621,119
28622,77
28623,44
28624,122
28625,123
28626,62
28627,102
28628,124
28629,92
28630,80
28631,129
28632,97
28633,96
28634,111
28635,63
28636,145
28637,80
28638,27
28639,107
28640,89
28641,115
28642,112
28643,169
28644,92
28645,78
28646,97
28647,87
28648,159
28649,120
28650,128
28651,113
28652,104
28653,115
28654,143
28655,122
28656,52
28657,112
28658,80
28659,105
28660,75
28661,126
28662,100
28663,96
28664,157
28665,96
28666,95
28667,81
28668,97
28669,123
28670,103
28671,119
28672,99
28673,70
28674,144
28675,119
28676,122
28677,93
28678,87
28679,147
28680,104
28681,161
28682,114
28683,121
28684,138
28685,145
28686,103
28687,106
28688,96
28689,98
28690,108
28691,107
28692,143
28693,82
28694,168
28695,139
28696,128
28697,145
28698,80
28699,114
28700,96
28701,129
28702,124
28703,76
28704,131
28705,86
28706,96
28707,81
28708,108
28709,96
28710,140
28711,115
28712,92
28713,97
28714,65
28715,27
28716,89
28717,114
28718,133
28719,69
28720,70
28721,120
28722,67
28723,42
28724,71
28725,123
28726,114
28727,79
28728,74
28729,90
28730,78
28731,119
28732,97
28733,97
28734,78
28735,108
28736,152
28737,142
28738,101
28739,169
28740,135
28741,118
28742,134
28743,109
28744,88
28745,123
28746,144
28747,134
28748,84
28749,112
28750,82
28751,79
28752,117
28753,110
28754,114
28755,75
28756,134
28757,119
28758,104
28759,126
28760,84
28761,110
28762,71
28763,131
28764,56
28765,67
28766,80
28767,193
28768,109
28769,120
28770,78
28771,130
28772,113
28773,137
28774,110
28775,114
28776,137
28777,126
28778,128
28779,143
28780,91
28781,80
28782,84
28783,102
28784,82
28785,100
28786,130
28787,100
28788,121
28789,87
28790,88
28791,95
28792,107
28793,102
28794,154
28795,85
28796,107
28797,102
28798,102
28799,101
28800,127
28801,68
28802,80
28803,176
28804,133
28805,93
28806,112
28807,115
28808,84
28809,89
28810,103
28811,113
28812,125
28813,97
28814,99
28815,93
28816,98
28817,116
28818,105
28819,128
28820,148
28821,138
28822,88
28823,95
28824,184
28825,106
28826,107
28827,161
28828,136
28829,103
28830,111
28831,180
28832,116
28833,121
28834,160
28835,91
28836,112
28837,118
28838,124
28839,127
28840,104
28841,110
28842,140
28843,120
28844,124
28845,86
28846,115
28847,41
28848,105
28849,87
28850,116
28851,123
28852,70
28853,155
28854,99
28855,109
28856,98
28857,155
28858,54
28859,102
28860,136
28861,140
28862,103
28863,158
28864,116
28865,145
28866,120
28867,43
28868,145
28869,73
28870,145
28871,88
28872,106
28873,116
28874,145
28875,132
28876,107
28877,109
28878,122
28879,118
28880,139
28881,127
28882,167
28883,149
28884,29
28885,131
28886,145
28887,108
28888,120
28889,101
28890,121
28891,151
28892,51
28893,112
28894,151
28895,112
28896,109
28897,96
28898,128
28899,96
28900,106
28901,125
28902,99
28903,118
28904,141
28905,110
28906,91
28907,92
28908,90
28909,100
28910,113
28911,104
28912,87
28913,57
28914,96
28915,86
28916,117
28917,101
28918,107
28919,90
28920,121
28921,115
28922,88
28923,175
28924,140
28925,99
28926,165
28927,93
28928,91
28929,44
28930,120
28931,92
28932,118
28933,125
28934,78
28935,112
28936,135
28937,96
28938,76
28939,135
28940,86
28941,90
28942,55
28943,175
28944,67
28945,171
28946,115
28947,119
28948,102
28949,109
28950,131
28951,131
28952,120
28953,93
28954,109
28955,141
28956,113
28957,97
28958,99
28959,145
28960,86
28961,75
28962,105
28963,98
28964,108
28965,73
28966,127
28967,125
28968,95
28969,148
28970,81
28971,112
28972,126
28973,150
28974,113
28975,130
28976,108
28977,95
28978,136
28979,93
28980,135
28981,97
28982,131
28983,153
28984,155
28985,129
28986,100
28987,114
28988,144
28989,127
28990,135
28991,112
28992,119
28993,81
28994,104
28995,98
28996,102
28997,87
28998,98
28999,103
29000,160
29001,86
29002,135
29003,155
29004,108
29005,147
29006,110
29007,149
29008,166
29009,112
29010,103
29011,102
29012,91
29013,117
29014,108
29015,69
29016,133
29017,136
29018,133
29019,137
29020,98
29021,90
29022,84
29023,92
29024,146
29025,91
29026,116
29027,114
29028,88
29029,90
29030,85
29031,181
29032,102
29033,124
29034,84
29035,107
29036,133
29037,174
29038,91
29039,87
29040,118
29041,144
29042,122
29043,128
29044,94
29045,105
29046,134
29047,100
29048,129
29049,83
29050,110
29051,139
29052,125
29053,124
29054,100
29055,99
29056,95
29057,133
29058,87
29059,113
29060,136
29061,62
29062,112
29063,142
29064,92
29065,164
29066,123
29067,105
29068,79
29069,117
29070,105
29071,137
29072,147
29073,121
29074,158
29075,126
29076,103
29077,58
29078,120
29079,82
29080,152
29081,70
29082,147
29083,123
29084,146
29085,135
29086,151
29087,114
29088,114
29089,125
29090,112
29091,103
29092,92
29093,111
29094,86
29095,145
29096,107
29097,131
29098,82
29099,123
29100,142
29101,123
29102,105
29103,142
29104,97
29105,97
29106,155
29107,133
29108,43
29109,166
29110,94
29111,91
29112,147
29113,89
29114,97
29115,127
29116,127
29117,75
29118,131
29119,128
29120,123
29121,106
29122,46
29123,184
29124,148
29125,104
29126,80
29127,91
29128,88
29129,83
29130,115
29131,109
29132,173
29133,103
29134,66
29135,137
29136,88
29137,126
29138,63
29139,75
29140,99
29141,122
29142,115
29143,162
29144,110
29145,104
29146,123
29147,128
29148,87
29149,123
29150,56
29151,107
29152,78
29153,149
29154,124
29155,177
29156,114
29157,82
29158,126
29159,96
29160,82
29161,107
29162,113
29163,147
29164,127
29165,88
29166,105
29167,116
29168,107
29169,79
29170,99
29171,115
29172,98
29173,84
29174,116
29175,89
29176,105
29177,95
29178,117
29179,110
29180,91
29181,81
29182,102
29183,142
29184,122
29185,102
29186,114
29187,79
29188,30
29189,146
29190,77
29191,99
29192,111
29193,115
29194,124
29195,82
29196,141
29197,92
29198,137
29199,134
29200,110
29201,74
29202,70
29203,119
29204,121
29205,35
29206,77
29207,65
29208,108
29209,76
29210,126
29211,98
29212,113
29213,70
29214,107
29215,134
29216,153
29217,133
29218,72
29219,96
29220,131
29221,85
29222,99
29223,122
29224,88
29225,128
29226,106
29227,117
29228,82
29229,102
29230,95
29231,106
29232,94
29233,118
29234,140
29235,113
29236,122
29237,130
29238,131
29239,104
29240,164
29241,139
29242,149
29243,113
29244,146
29245,101
29246,118
29247,88
29248,117
29249,117
29250,85
29251,106
29252,139
29253,99
29254,125
29255,135
29256,119
29257,95
29258,110
29259,121
29260,108
29261,137
29262,95
29263,70
29264,104
29265,118
29266,126
29267,120
29268,86
29269,115
29270,115
29271,127
29272,72
29273,134
29274,153
29275,100
29276,99
29277,109
29278,136
29279,135
29280,156
29281,93
29282,101
29283,103
29284,105
29285,117
29286,140
29287,131
29288,131
29289,53
29290,80
29291,140
29292,95
29293,154
29294,112
29295,131
29296,128
29297,111
29298,121
29299,84
29300,120
29301,89
29302,126
29303,148
29304,161
29305,115
29306,119
29307,155
29308,116
29309,105
29310,87
29311,106
29312,171
29313,129
29314,102
29315,141
29316,134
29317,118
29318,110
29319,117
29320,104
29321,93
29322,113
29323,133
29324,83
29325,91
29326,82
29327,108
29328,123
29329,151
29330,115
29331,135
29332,131
29333,138
29334,39
29335,126
29336,159
29337,86
29338,93
29339,128
29340,109
29341,91
29342,98
29343,81
29344,106
29345,125
29346,100
29347,97
29348,87
29349,85
29350,131
29351,104
29352,104
29353,175
29354,74
29355,49
29356,159
29357,124
29358,93
29359,114
29360,125
29361,135
29362,69
29363,109
29364,110
29365,114
29366,148
29367,94
29368,97
29369,88
29370,113
29371,107
29372,137
29373,107
29374,92
29375,75
29376,39
29377,134
29378,124
29379,130
29380,97
29381,120
29382,90
29383,124
29384,90
29385,116
29386,120
29387,144
29388,162
29389,86
29390,26
29391,124
29392,149
29393,153
29394,150
29395,75
29396,104
29397,119
29398,85
29399,56
29400,128
29401,126
29402,120
29403,101
29404,134
29405,73
29406,117
29407,133
29408,100
29409,133
29410,128
29411,73
29412,112
29413,124
29414,101
29415,138
29416,105
29417,86
29418,168
29419,111
29420,121
29421,111
29422,119
29423,128
29424,97
29425,102
29426,131
29427,134
29428,152
29429,121
29430,87
29431,103
29432,115
29433,61
29434,75
29435,111
29436,99
29437,100
29438,87
29439,115
29440,120
29441,147
29442,159
29443,125
29444,118
29445,143
29446,108
29447,124
29448,93
29449,119
29450,141
29451,121
29452,102
29453,116
29454,155
29455,120
29456,110
29457,100
29458,128
29459,101
29460,110
29461,141
29462,129
29463,162
29464,125
29465,120
29466,127
29467,139
29468,144
29469,86
29470,140
29471,112
29472,151
29473,151
29474,106
29475,107
29476,32
29477,84
29478,111
29479,113
29480,76
29481,116
29482,119
29483,106
29484,143
29485,127
29486,83
29487,101
29488,89
29489,172
29490,105
29491,126
29492,105
29493,131
29494,59
29495,109
29496,135
29497,76
29498,130
29499,107
29500,82
29501,112
29502,169
29503,166
29504,117
29505,72
29506,53
29507,120
29508,121
29509,93
29510,102
29511,94
29512,94
29513,104
29514,125
29515,122
29516,134
29517,153
29518,101
29519,77
29520,115
29521,120
29522,122
29523,105
29524,103
29525,109
29526,91
29527,71
29528,135
29529,91
29530,110
29531,110
29532,94
29533,98
29534,98
29535,108
29536,103
29537,80
29538,96
29539,143
29540,105
29541,145
29542,127
29543,94
29544,103
29545,121
29546,99
29547,150
29548,79
29549,133
29550,88
29551,116
29552,132
29553,97
29554,111
29555,124
29556,129
29557,89
29558,99
29559,107
29560,94
29561,117
29562,163
29563,103
29564,117
29565,123
29566,145
29567,133
29568,88
29569,130
29570,112
29571,131
29572,171
29573,99
29574,160
29575,121
29576,122
29577,83
29578,129
29579,94
29580,73
29581,119
29582,117
29583,106
29584,83
29585,144
29586,143
29587,106
29588,118
29589,129
29590,86
29591,82
29592,112
29593,81
29594,97
29595,113
29596,111
29597,143
29598,52
29599,72
29600,118
29601,84
29602,99
29603,115
29604,129
29605,122
29606,91
29607,156
29608,92
29609,127
29610,82
29611,101
29612,128
29613,89
29614,106
29615,125
29616,70
29617,119
29618,87
29619,111
29620,95
29621,109
29622,111
29623,107
29624,112
29625,96
29626,105
29627,164
29628,54
29629,146
29630,118
29631,138
29632,63
29633,159
29634,134
29635,60
29636,97
29637,102
29638,136
29639,108
29640,109
29641,116
29642,98
29643,95
29644,176
29645,164
29646,103
29647,122
29648,81
29649,130
29650,145
29651,98
29652,100
29653,98
29654,94
29655,109
29656,108
29657,111
29658,83
29659,118
29660,130
29661,123
29662,58
29663,107
29664,120
29665,45
29666,102
29667,152
29668,120
29669,131
29670,77
29671,176
29672,104
29673,93
29674,97
29675,105
29676,94
29677,42
29678,118
29679,89
29680,99
29681,149
29682,114
29683,90
29684,112
29685,106
29686,141
29687,167
29688,156
29689,182
29690,121
29691,116
29692,141
29693,95
29694,159
29695,155
29696,107
29697,107
29698,86
29699,120
29700,53
29701,145
29702,99
29703,188
29704,88
29705,91
29706,97
29707,142
29708,100
29709,144
29710,74
29711,130
29712,100
29713,124
29714,117
29715,29
29716,118
29717,98
29718,97
29719,109
29720,128
29721,91
29722,150
29723,86
29724,109
29725,98
29726,144
29727,94
29728,73
29729,121
29730,126
29731,136
29732,179
29733,85
29734,116
29735,141
29736,69
29737,96
29738,119
29739,114
29740,93
29741,116
29742,94
29743,106
29744,104
29745,48
29746,126
29747,92
29748,95
29749,100
29750,92
29751,98
29752,90
29753,127
29754,109
29755,67
29756,90
29757,116
29758,45
29759,87
29760,89
29761,94
29762,42
29763,125
29764,132
29765,167
29766,128
29767,108
29768,106
29769,157
29770,133
29771,112
29772,91
29773,153
29774,88
29775,74
29776,158
29777,96
29778,97
29779,106
29780,154
29781,129
29782,42
29783,107
29784,107
29785,105
29786,101
29787,114
29788,121
29789,99
29790,117
29791,111
29792,88
29793,146
29794,86
29795,97
29796,110
29797,162
29798,55
29799,75
29800,83
29801,56
29802,115
29803,142
29804,107
29805,116
29806,133
29807,91
29808,104
29809,104
29810,137
29811,83
29812,117
29813,80
29814,54
29815,72
29816,124
29817,133
29818,144
29819,191
29820,88
29821,126
29822,144
29823,118
29824,86
29825,93
29826,72
29827,125
29828,125
29829,117
29830,118
29831,111
29832,166
29833,150
29834,86
29835,107
29836,142
29837,146
29838,98
29839,98
29840,30
29841,35
29842,114
29843,115
29844,85
29845,175
29846,123
29847,155
29848,44
29849,110
29850,120
29851,96
29852,102
29853,117
29854,103
29855,97
29856,108
29857,149
29858,93
29859,136
29860,91
29861,120
29862,105
29863,91
29864,100
29865,114
29866,105
29867,79
29868,28
29869,103
29870,86
29871,152
29872,123
29873,111
29874,127
29875,115
29876,88
29877,104
29878,101
29879,126
29880,97
29881,137
29882,127
29883,113
29884,117
29885,123
29886,123
29887,126
29888,147
29889,74
29890,100
29891,92
29892,123
29893,90
29894,121
29895,129
29896,80
29897,134
29898,88
29899,73
29900,171
29901,107
29902,77
29903,112
29904,102
29905,131
29906,107
29907,148
29908,130
29909,117
29910,120
29911,93
29912,129
29913,109
29914,81
29915,99
29916,158
29917,135
29918,112
29919,120
29920,112
29921,104
29922,92
29923,126
29924,110
29925,123
29926,81
29927,101
29928,96
29929,112
29930,105
29931,105
29932,103
29933,121
29934,117
29935,117
29936,104
29937,151
29938,60
29939,87
29940,112
29941,124
29942,133
29943,98
29944,49
29945,88
29946,84
29947,124
29948,142
29949,115
29950,88
29951,190
29952,144
29953,139
29954,80
29955,92
29956,124
29957,104
29958,120
29959,95
29960,68
29961,93
29962,89
29963,109
29964,143
29965,154
29966,119
29967,94
29968,116
29969,91
29970,120
29971,143
29972,122
29973,127
29974,58
29975,103
29976,106
29977,43
29978,115
29979,126
29980,117
29981,82
29982,111
29983,93
29984,124
29985,84
29986,122
29987,111
29988,120
29989,121
29990,116
29991,88
29992,121
29993,121
29994,73
29995,158
29996,57
29997,121
29998,141
29999,105
30000,112
30001,94
30002,59
30003,81
30004,102
30005,94
30006,130
30007,144
30008,123
30009,121
30010,134
30011,115
30012,165
30013,101
30014,119
30015,162
30016,155
30017,113
30018,93
30019,107
30020,76
30021,80
30022,103
30023,150
30024,102
30025,111
30026,28
30027,139
30028,94
30029,40
30030,96
30031,118
30032,93
30033,97
30034,136
30035,113
30036,150
30037,135
30038,97
30039,110
30040,42
30041,101
30042,83
30043,110
30044,115
30045,117
30046,86
30047,115
30048,125
30049,122
30050,113
30051,76
30052,127
30053,96
30054,127
30055,119
30056,112
30057,101
30058,125
30059,146
30060,103
30061,113
30062,109
30063,106
30064,126
30065,123
30066,142
30067,30
30068,109
30069,105
30070,70
30071,168
30072,70
30073,120
30074,113
30075,78
30076,78
30077,106
30078,119
30079,135
30080,90
30081,112
30082,104
30083,69
30084,98
30085,102
30086,123
30087,93
30088,109
30089,84
30090,73
30091,122
30092,137
30093,138
30094,133
30095,134
30096,105
30097,122
30098,113
30099,47
30100,120
30101,33
30102,101
30103,106
30104,137
30105,124
30106,95
30107,110
30108,99
30109,146
30110,96
30111,128
30112,104
30113,114
30114,94
30115,101
30116,103
30117,85
30118,131
30119,33
30120,119
30121,99
30122,125
30123,92
30124,100
30125,97
30126,125
30127,127
30128,89
30129,109
30130,123
30131,68
30132,89
30133,69
30134,125
30135,87
30136,123
30137,99
30138,101
30139,96
30140,48
30141,104
30142,27
30143,132
30144,153
30145,42
30146,114
30147,100
30148,107
30149,87
30150,96
30151,84
30152,98
30153,87
30154,101
30155,121
30156,103
30157,103
30158,119
30159,54
30160,177
30161,123
30162,93
30163,106
30164,124
30165,57
30166,110
30167,94
30168,116
30169,103
30170,107
30171,97
30172,75
30173,100
30174,91
30175,66
30176,100
30177,119
30178,93
30179,153
30180,157
30181,49
30182,98
30183,109
30184,190
30185,89
30186,160
30187,86
30188,116
30189,111
30190,97
30191,119
30192,114
30193,127
30194,81
30195,102
30196,156
30197,131
30198,120
30199,144
30200,103
30201,110
30202,54
30203,162
30204,37
30205,128
30206,113
30207,141
30208,103
30209,101
30210,94
30211,107
30212,135
30213,134
30214,99
30215,86
30216,93
30217,86
30218,91
30219,112
30220,112
30221,112
30222,103
30223,120
30224,98
30225,88
30226,96
30227,127
30228,91
30229,109
30230,58
30231,103
30232,93
30233,187
30234,79
30235,113
30236,172
30237,105
30238,127
30239,127
30240,146
30241,103
30242,107
30243,125
30244,116
30245,75
30246,104
30247,125
30248,119
30249,142
30250,89
30251,93
30252,90
30253,92
30254,97
30255,117
30256,104
30257,126
30258,119
30259,171
30260,97
30261,70
30262,103
30263,131
30264,90
30265,91
30266,100
30267,95
30268,151
30269,101
30270,96
30271,117
30272,103
30273,112
30274,102
30275,102
30276,115
30277,118
30278,68
30279,99
30280,117
30281,102
30282,116
30283,186
30284,112
30285,85
30286,96
30287,129
30288,98
30289,107
30290,175
30291,88
30292,86
30293,81
30294,101
30295,90
30296,111
30297,129
30298,102
30299,81
30300,171
30301,99
30302,94
30303,137
30304,179
30305,89
30306,82
30307,134
30308,115
30309,113
30310,119
30311,102
30312,44
30313,187
30314,140
30315,152
30316,123
30317,137
30318,108
30319,120
30320,131
30321,104
30322,105
30323,117
30324,138
30325,109
30326,68
30327,155
30328,118
30329,162
30330,87
30331,33
30332,113
30333,152
30334,75
30335,145
30336,144
30337,112
30338,121
30339,95
30340,90
30341,91
30342,121
30343,96
30344,102
30345,94
30346,106
30347,86
30348,26
30349,107
30350,131
30351,121
30352,115
30353,139
30354,37
30355,132
30356,129
30357,124
30358,158
30359,148
30360,109
30361,68
30362,100
30363,63
30364,57
30365,101
30366,116
30367,81
30368,163
30369,129
30370,100
30371,88
30372,114
30373,92
30374,109
30375,137
30376,64
30377,108
30378,101
30379,132
30380,111
30381,70
30382,101
30383,115
30384,87
30385,103
30386,96
30387,91
30388,137
30389,100
30390,96
30391,75
30392,90
30393,70
30394,105
30395,101
30396,147
30397,33
30398,104
30399,49
30400,88
30401,135
30402,127
30403,111
30404,69
30405,148
30406,103
30407,120
30408,123
30409,116
30410,118
30411,166
30412,128
30413,86
30414,86
30415,112
30416,132
30417,37
30418,141
30419,86
30420,124
30421,86
30422,80
30423,89
30424,100
30425,122
30426,123
30427,137
30428,101
30429,123
30430,128
30431,102
30432,27
30433,128
30434,127
30435,142
30436,110
30437,137
30438,99
30439,138
30440,34
30441,107
30442,112
30443,139
30444,144
30445,157
30446,112
30447,93
30448,90
30449,111
30450,110
30451,111
30452,89
30453,109
30454,111
30455,87
30456,103
30457,93
30458,107
30459,105
30460,98
30461,97
30462,146
30463,84
30464,115
30465,86
30466,112
30467,159
30468,97
30469,69
30470,126
30471,93
30472,139
30473,145
30474,74
30475,104
30476,148
30477,127
30478,151
30479,150
30480,83
30481,105
30482,101
30483,78
30484,95
30485,84
30486,117
30487,134
30488,99
30489,69
30490,100
30491,116
30492,139
30493,86
30494,106
30495,122
30496,139
30497,104
30498,122
30499,130
30500,102
30501,115
30502,133
30503,99
30504,100
30505,92
30506,132
30507,99
30508,98
30509,94
30510,112
30511,80
30512,97
30513,174
30514,100
30515,99
30516,96
30517,116
30518,91
30519,119
30520,115
30521,104
30522,119
30523,61
30524,91
30525,109
30526,94
30527,90
30528,104
30529,93
30530,111
30531,105
30532,111
30533,104
30534,134
30535,103
30536,123
30537,130
30538,108
30539,144
30540,94
30541,108
30542,93
30543,151
30544,105
30545,91
30546,94
30547,104
30548,98
30549,95
30550,92
30551,104
30552,166
30553,91
30554,133
30555,97
30556,112
30557,116
30558,119
30559,119
30560,111
30561,169
30562,84
30563,130
30564,92
30565,103
30566,86
30567,92
30568,102
30569,125
30570,97
30571,120
30572,109
30573,140
30574,92
30575,102
30576,107
30577,91
30578,144
30579,123
30580,146
30581,70
30582,97
30583,112
30584,88
30585,102
30586,135
30587,112
30588,55
30589,132
30590,111
30591,133
30592,124
30593,85
30594,110
30595,89
30596,103
30597,68
30598,100
30599,80
30600,102
30601,182
30602,127
30603,126
30604,136
30605,88
30606,82
30607,76
30608,121
30609,111
30610,99
30611,152
30612,139
30613,62
30614,146
30615,92
30616,88
30617,74
30618,126
30619,132
30620,49
30621,90
30622,100
30623,74
30624,68
30625,40
30626,110
30627,85
30628,147
30629,102
30630,90
30631,109
30632,95
30633,116
30634,138
30635,120
30636,36
30637,90
30638,99
30639,77
30640,79
30641,128
30642,142
30643,115
30644,89
30645,103
30646,67
30647,98
30648,89
30649,98
30650,139
30651,92
30652,91
30653,128
30654,87
30655,132
30656,129
30657,108
30658,111
30659,101
30660,102
30661,123
30662,127
30663,120
30664,97
30665,73
30666,169
30667,101
30668,94
30669,113
30670,120
30671,101
30672,124
30673,100
30674,137
30675,80
30676,95
30677,97
30678,86
30679,119
30680,127
30681,190
30682,103
30683,105
30684,107
30685,43
30686,110
30687,139
30688,101
30689,91
30690,87
30691,169
30692,133
30693,111
30694,84
30695,131
30696,93
30697,100
30698,68
30699,143
30700,116
30701,33
30702,119
30703,97
30704,131
30705,93
30706,84
30707,134
30708,102
30709,137
30710,110
30711,164
30712,102
30713,113
30714,91
30715,138
30716,110
30717,97
30718,118
30719,161
30720,122
30721,78
30722,47
30723,124
30724,143
30725,110
30726,66
30727,112
30728,103
30729,126
30730,105
30731,143
30732,87
30733,135
30734,86
30735,129
30736,123
30737,102
30738,149
30739,166
30740,114
30741,53
30742,97
30743,117
30744,95
30745,97
30746,71
30747,146
30748,117
30749,108
30750,80
30751,106
30752,33
30753,28
30754,133
30755,100
30756,110
30757,65
30758,133
30759,122
30760,122
30761,166
30762,105
30763,100
30764,61
30765,104
30766,112
30767,110
30768,165
30769,125
30770,107
30771,122
30772,107
30773,66
30774,126
30775,106
30776,101
30777,103
30778,115
30779,120
30780,92
30781,86
30782,123
30783,96
30784,76
30785,115
30786,75
30787,109
30788,100
30789,106
30790,136
30791,139
30792,112
30793,66
30794,184
30795,131
30796,115
30797,95
30798,110
30799,94
30800,131
30801,96
30802,70
30803,139
30804,108
30805,66
30806,123
30807,122
30808,60
30809,151
30810,79
30811,91
30812,123
30813,85
30814,117
30815,101
30816,67
30817,100
30818,125
30819,87
30820,126
30821,155
30822,124
30823,105
30824,114
30825,102
30826,105
30827,93
30828,87
30829,91
30830,91
30831,84
30832,69
30833,181
30834,133
30835,127
30836,146
30837,114
30838,93
30839,93
30840,121
30841,84
30842,125
30843,130
30844,113
30845,118
30846,157
30847,131
30848,121
30849,107
30850,89
30851,86
30852,105
30853,130
30854,87
30855,106
30856,104
30857,101
30858,99
30859,28
30860,106
30861,95
30862,94
30863,154
30864,111
30865,75
30866,89
30867,55
30868,136
30869,139
30870,77
30871,181
30872,75
30873,104
30874,78
30875,120
30876,81
30877,127
30878,122
30879,177
30880,95
30881,101
30882,147
30883,147
30884,112
30885,108
30886,110
30887,110
30888,98
30889,56
30890,106
30891,105
30892,138
30893,105
30894,112
30895,107
30896,111
30897,102
30898,109
30899,117
30900,96
30901,127
30902,113
30903,80
30904,54
30905,71
30906,82
30907,109
30908,80
30909,110
30910,69
30911,125
30912,95
30913,110
30914,133
30915,104
30916,88
30917,107
30918,111
30919,90
30920,135
30921,106
30922,87
30923,125
30924,162
30925,59
30926,91
30927,80
30928,114
30929,126
30930,90
30931,99
30932,158
30933,61
30934,114
30935,115
30936,85
30937,119
30938,100
30939,104
30940,113
30941,84
30942,155
30943,159
30944,200
30945,86
30946,79
30947,52
30948,147
30949,78
30950,85
30951,81
30952,102
30953,165
30954,111
30955,34
30956,95
30957,140
30958,152
30959,143
30960,91
30961,69
30962,117
30963,101
30964,126
30965,134
30966,85
30967,109
30968,108
30969,97
30970,89
30971,113
30972,109
30973,142
30974,77
30975,140
30976,84
30977,129
30978,109
30979,77
30980,115
30981,153
30982,101
30983,88
30984,138
30985,129
30986,96
30987,96
30988,115
30989,103
30990,162
30991,121
30992,120
30993,109
30994,118
30995,88
30996,130
30997,99
30998,133
30999,96
31000,41
31001,182
31002,105
31003,113
31004,85
31005,136
31006,91
31007,90
31008,149
31009,78
31010,137
31011,115
31012,105
31013,83
31014,86
31015,112
31016,89
31017,103
31018,144
31019,107
31020,98
31021,46
31022,142
31023,97
31024,95
31025,88
31026,100
31027,100
31028,115
31029,32
31030,38
31031,105
31032,109
31033,130
31034,105
31035,92
31036,85
31037,112
31038,100
31039,88
31040,107
31041,153
31042,146
31043,137
31044,127
31045,114
31046,95
31047,121
31048,106
31049,91
31050,98
31051,114
31052,132
31053,93
31054,135
31055,122
31056,117
31057,115
31058,132
31059,79
31060,65
31061,102
31062,73
31063,144
31064,104
31065,135
31066,54
31067,106
31068,98
31069,94
31070,112
31071,106
31072,93
31073,95
31074,158
31075,99
31076,120
31077,85
31078,106
31079,103
31080,91
31081,109
31082,84
31083,104
31084,71
31085,107
31086,103
31087,87
31088,133
31089,142
31090,103
31091,105
31092,115
31093,176
31094,116
31095,106
31096,106
31097,33
31098,104
31099,125
31100,116
31101,78
31102,103
31103,106
31104,112
31105,112
31106,103
31107,84
31108,97
31109,105
31110,145
31111,112
31112,31
31113,110
31114,93
31115,142
31116,106
31117,125
31118,113
31119,108
31120,140
31121,128
31122,89
31123,135
31124,104
31125,106
31126,85
31127,113
31128,95
31129,104
31130,82
31131,145
31132,133
31133,82
31134,141
31135,101
31136,92
31137,129
31138,98
31139,103
31140,81
31141,92
31142,82
31143,109
31144,91
31145,26
31146,95
31147,92
31148,109
31149,124
31150,121
31151,70
31152,67
31153,114
31154,105
31155,107
31156,137
31157,124
31158,93
31159,172
31160,100
31161,128
31162,148
31163,91
31164,94
31165,100
31166,88
31167,66
31168,108
31169,92
31170,140
31171,148
31172,97
31173,50
31174,99
31175,127
31176,72
31177,95
31178,90
31179,148
31180,100
31181,128
31182,86
31183,117
31184,121
31185,83
31186,95
31187,99
31188,116
31189,103
31190,107
31191,150
31192,112
31193,40
31194,110
31195,107
31196,48
31197,121
31198,180
31199,106
31200,117
31201,136
31202,63
31203,89
31204,113
31205,122
31206,114
31207,148
31208,97
31209,112
31210,99
31211,146
31212,137
31213,96
31214,92
31215,149
31216,119
31217,126
31218,137
31219,116
31220,91
31221,132
31222,137
31223,50
31224,80
31225,86
31226,90
31227,105
31228,123
31229,74
31230,122
31231,117
31232,103
31233,125
31234,114
31235,103
31236,121
31237,111
31238,111
31239,88
31240,118
31241,145
31242,154
31243,123
31244,89
31245,123
31246,153
31247,112
31248,108
31249,129
31250,129
31251,95
31252,110
31253,119
31254,81
31255,105
31256,123
31257,154
31258,112
31259,133
31260,105
31261,125
31262,111
31263,84
31264,128
31265,133
31266,107
31267,124
31268,101
31269,108
31270,94
31271,126
31272,102
31273,154
31274,68
31275,70
31276,159
31277,113
31278,112
31279,94
31280,74
31281,90
31282,94
31283,114
31284,140
31285,93
31286,80
31287,144
31288,81
31289,115
31290,106
31291,120
31292,98
31293,94
31294,169
31295,117
31296,108
31297,111
31298,136
31299,73
31300,94
31301,104
31302,76
31303,140
31304,130
31305,178
31306,126
31307,111
31308,59
31309,121
31310,104
31311,125
31312,118
31313,93
31314,150
31315,120
31316,102
31317,78
31318,68
31319,109
31320,80
31321,146
31322,106
31323,94
31324,42
31325,76
31326,108
31327,136
31328,110
31329,98
31330,119
31331,122
31332,126
31333,144
31334,72
31335,135
31336,176
31337,85
31338,102
31339,115
31340,74
31341,142
31342,110
31343,108
31344,94
31345,38
31346,143
31347,146
31348,120
31349,99
31350,39
31351,88
31352,122
31353,115
31354,154
31355,118
31356,114
31357,93
31358,139
31359,105
31360,82
31361,59
31362,101
31363,45
31364,83
31365,68
31366,122
31367,125
31368,107
31369,153
31370,133
31371,128
31372,82
31373,97
31374,104
31375,75
31376,156
31377,105
31378,118
31379,113
31380,109
31381,94
31382,103
31383,29
31384,116
31385,124
31386,150
31387,159
31388,114
31389,124
31390,91
31391,59
31392,127
31393,88
31394,103
31395,110
31396,164
31397,132
31398,131
31399,98
31400,103
31401,81
31402,85
31403,43
31404,131
31405,132
31406,132
31407,85
31408,98
31409,63
31410,112
31411,90
31412,95
31413,82
31414,112
31415,136
31416,102
31417,110
31418,109
31419,98
31420,150
31421,134
31422,44
31423,95
31424,121
31425,144
31426,36
31427,52
31428,86
31429,119
31430,99
31431,100
31432,107
31433,84
31434,101
31435,89
31436,120
31437,126
31438,102
31439,103
31440,89
31441,76
31442,125
31443,141
31444,103
31445,111
31446,81
31447,99
31448,87
31449,88
31450,99
31451,109
31452,90
31453,122
31454,99
31455,85
31456,142
31457,132
31458,37
31459,107
31460,79
31461,102
31462,110
31463,111
31464,114
31465,86
31466,83
31467,104
31468,141
31469,75
31470,109
31471,141
31472,126
31473,95
31474,161
31475,111
31476,111
31477,85
31478,147
31479,157
31480,104
31481,108
31482,83
31483,63
31484,131
31485,67
31486,103
31487,85
31488,115
31489,108
31490,123
31491,86
31492,110
31493,68
31494,106
31495,94
31496,73
31497,95
31498,89
31499,118
31500,130
31501,111
31502,125
31503,161
31504,138
31505,160
31506,98
31507,106
31508,99
31509,125
31510,46
31511,98
31512,169
31513,113
31514,105
31515,108
31516,67
31517,109
31518,95
31519,38
31520,97
31521,93
31522,151
31523,152
31524,85
31525,101
31526,134
31527,126
31528,107
31529,87
31530,89
31531,109
31532,110
31533,136
31534,109
31535,126
31536,164
31537,149
31538,106
31539,95
31540,81
31541,131
31542,84
31543,120
31544,104
31545,83
31546,118
31547,130
31548,95
31549,117
31550,92
31551,112
31552,111
31553,79
31554,104
31555,113
31556,83
31557,112
31558,30
31559,48
31560,125
31561,124
31562,109
31563,145
31564,154
31565,95
31566,100
31567,128
31568,91
31569,159
31570,81
31571,130
31572,100
31573,73
31574,94
31575,150
31576,99
31577,94
31578,126
31579,99
31580,81
31581,85
31582,119
31583,95
31584,113
31585,73
31586,107
31587,123
31588,107
31589,85
31590,93
31591,121
31592,137
31593,90
31594,116
31595,82
31596,130
31597,74
31598,119
31599,114
31600,92
31601,99
31602,141
31603,76
31604,99
31605,102
31606,119
31607,102
31608,30
31609,130
31610,142
31611,110
31612,59
31613,29
31614,118
31615,168
31616,83
31617,109
31618,140
31619,120
31620,134
31621,156
31622,97
31623,101
31624,98
31625,88
31626,95
31627,138
31628,104
31629,96
31630,104
31631,81
31632,109
31633,111
31634,163
31635,91
31636,120
31637,102
31638,155
31639,101
31640,117
31641,112
31642,94
31643,107
31644,113
31645,109
31646,116
31647,116
31648,138
31649,129
31650,137
31651,130
31652,91
31653,62
31654,84
31655,164
31656,127
31657,63
31658,96
31659,123
31660,128
31661,104
31662,100
31663,126
31664,70
31665,115
31666,106
31667,114
31668,123
31669,82
31670,94
31671,112
31672,123
31673,91
31674,78
31675,68
31676,98
31677,134
31678,92
31679,79
31680,91
31681,92
31682,127
31683,105
31684,98
31685,86
31686,125
31687,128
31688,111
31689,100
31690,92
31691,131
31692,90
31693,93
31694,98
31695,85
31696,99
31697,52
31698,92
31699,123
31700,75
31701,74
31702,93
31703,129
31704,107
31705,113
31706,137
31707,105
31708,118
31709,92
31710,88
31711,88
31712,103
31713,138
31714,37
31715,117
31716,106
31717,133
31718,100
31719,134
31720,93
31721,144
31722,106
31723,119
31724,106
31725,129
31726,99
31727,102
31728,122
31729,164
31730,103
31731,102
31732,111
31733,65
31734,28
31735,101
31736,98
31737,102
31738,101
31739,111
31740,136
31741,127
31742,95
31743,117
31744,112
31745,161
31746,139
31747,128
31748,100
31749,108
31750,98
31751,53
31752,113
31753,109
31754,169
31755,140
31756,104
31757,113
31758,112
31759,141
31760,178
31761,76
31762,111
31763,131
31764,99
31765,113
31766,117
31767,134
31768,75
31769,100
31770,104
31771,91
31772,138
31773,97
31774,95
31775,141
31776,130
31777,127
31778,137
31779,99
31780,134
31781,105
31782,168
31783,81
31784,112
31785,114
31786,86
31787,91
31788,104
31789,113
31790,91
31791,120
31792,119
31793,108
31794,134
31795,144
31796,108
31797,115
31798,90
31799,106
31800,103
31801,148
31802,100
31803,126
31804,88
31805,95
31806,93
31807,117
31808,113
31809,129
31810,113
31811,128
31812,108
31813,75
31814,72
31815,122
31816,123
31817,120
31818,146
31819,67
31820,118
31821,80
31822,71
31823,99
31824,154
31825,136
31826,103
31827,118
31828,133
31829,120
31830,146
31831,99
31832,113
31833,71
31834,120
31835,127
31836,125
31837,106
31838,103
31839,157
31840,112
31841,96
31842,137
31843,102
31844,94
31845,118
31846,116
31847,113
31848,88
31849,136
31850,93
31851,88
31852,181
31853,123
31854,102
31855,128
31856,119
31857,127
31858,142
31859,144
31860,142
31861,160
31862,93
31863,38
31864,69
31865,33
31866,84
31867,146
31868,133
31869,145
31870,102
31871,120
31872,92
31873,108
31874,101
31875,115
31876,114
31877,122
31878,115
31879,79
31880,125
31881,122
31882,93
31883,127
31884,38
31885,121
31886,154
31887,167
31888,132
31889,115
31890,115
31891,118
31892,99
31893,102
31894,102
31895,90
31896,152
31897,125
31898,112
31899,155
31900,121
31901,119
31902,114
31903,119
31904,102
31905,117
31906,117
31907,99
31908,171
31909,46
31910,97
31911,124
31912,112
31913,116
31914,95
31915,106
31916,152
31917,109
31918,72
31919,101
31920,130
31921,112
31922,105
31923,134
31924,149
31925,127
31926,124
31927,99
31928,151
31929,94
31930,104
31931,24
31932,121
31933,139
31934,69
31935,115
31936,158
31937,82
31938,122
31939,97
31940,115
31941,174
31942,108
31943,115
31944,103
31945,115
31946,111
31947,134
31948,96
31949,87
31950,110
31951,95
31952,126
31953,107
31954,117
31955,85
31956,101
31957,145
31958,107
31959,157
31960,116
31961,96
31962,114
31963,132
31964,108
31965,111
31966,99
31967,78
31968,149
31969,86
31970,107
31971,154
31972,151
31973,84
31974,99
31975,120
31976,95
31977,105
31978,88
31979,85
31980,110
31981,148
31982,85
31983,103
31984,112
31985,86
31986,134
31987,110
31988,141
31989,119
31990,100
31991,70
31992,72
31993,124
31994,107
31995,115
31996,174
31997,75
31998,130
31999,135
32000,143
32001,86
32002,71
32003,94
32004,109
32005,122
32006,108
32007,96
32008,104
32009,67
32010,114
32011,112
32012,114
32013,152
32014,95
32015,93
32016,108
32017,101
32018,83
32019,93
32020,88
32021,165
32022,103
32023,138
32024,93
32025,76
32026,95
32027,96
32028,56
32029,91
32030,85
32031,111
32032,79
32033,181
32034,149
32035,172
32036,120
32037,104
32038,88
32039,118
32040,131
32041,159
32042,126
32043,139
32044,137
32045,106
32046,73
32047,108
32048,98
32049,113
32050,122
32051,135
32052,171
32053,132
32054,117
32055,190
32056,116
32057,87
32058,177
32059,124
32060,34
32061,88
32062,82
32063,130
32064,109
32065,106
32066,112
32067,106
32068,128
32069,84
32070,140
32071,139
32072,101
32073,125
32074,97
32075,116
32076,109
32077,68
32078,124
32079,115
32080,118
32081,131
32082,100
32083,151
32084,133
32085,111
32086,116
32087,88
32088,161
32089,132
32090,119
32091,112
32092,142
32093,117
32094,116
32095,108
32096,116
32097,122
32098,126
32099,123
32100,103
32101,131
32102,115
32103,92
32104,101
32105,87
32106,107
32107,90
32108,115
32109,109
32110,96
32111,142
32112,103
32113,127
32114,110
32115,106
32116,90
32117,95
32118,82
32119,75
32120,93
32121,78
32122,113
32123,135
32124,139
32125,58
32126,143
32127,90
32128,21
32129,102
32130,138
32131,130
32132,100
32133,90
32134,133
32135,121
32136,104
32137,102
32138,113
32139,172
32140,149
32141,115
32142,96
32143,98
32144,109
32145,88
32146,126
32147,84
32148,146
32149,169
32150,94
32151,108
32152,113
32153,153
32154,70
32155,114
32156,103
32157,105
32158,123
32159,102
32160,169
32161,133
32162,153
32163,132
32164,119
32165,97
32166,137
32167,96
32168,111
32169,95
32170,138
32171,147
32172,87
32173,125
32174,47
32175,88
32176,126
32177,142
32178,83
32179,94
32180,135
32181,32
32182,148
32183,109
32184,113
32185,65
32186,128
32187,81
32188,112
32189,156
32190,105
32191,149
32192,109
32193,117
32194,144
32195,106
32196,82
32197,92
32198,137
32199,176
32200,80
32201,161
32202,138
32203,117
32204,156
32205,143
32206,119
32207,91
32208,85
32209,58
32210,96
32211,141
32212,126
32213,103
32214,91
32215,134
32216,88
32217,118
32218,78
32219,98
32220,88
32221,112
32222,124
32223,119
32224,93
32225,98
32226,136
32227,104
32228,118
32229,49
32230,97
32231,120
32232,122
32233,85
32234,117
32235,131
32236,116
32237,106
32238,124
32239,96
32240,91
32241,112
32242,76
32243,109
32244,76
32245,108
32246,97
32247,88
32248,85
32249,97
32250,115
32251,150
32252,153
32253,95
32254,116
32255,111
32256,74
32257,112
32258,96
32259,135
32260,132
32261,122
32262,128
32263,68
32264,116
32265,111
32266,36
32267,141
32268,95
32269,166
32270,92
32271,107
32272,84
32273,135
32274,114
32275,126
32276,107
32277,105
32278,104
32279,119
32280,111
32281,72
32282,116
32283,118
32284,103
32285,71
32286,127
32287,102
32288,91
32289,121
32290,144
32291,68
32292,142
32293,120
32294,69
32295,40
32296,149
32297,135
32298,100
32299,106
32300,96
32301,116
32302,115
32303,74
32304,71
32305,193
32306,130
32307,114
32308,118
32309,88
32310,105
32311,82
32312,147
32313,76
32314,150
32315,87
32316,106
32317,119
32318,107
32319,94
32320,133
32321,113
32322,100
32323,87
32324,81
32325,99
32326,114
32327,114
32328,88
32329,110
32330,105
32331,111
32332,154
32333,125
32334,109
32335,97
32336,81
32337,111
32338,184
32339,116
32340,125
32341,92
32342,156
32343,97
32344,104
32345,105
32346,167
32347,100
32348,96
32349,107
32350,106
32351,26
32352,107
32353,114
32354,158
32355,81
32356,114
32357,134
32358,124
32359,92
32360,120
32361,124
32362,110
32363,98
32364,150
32365,84
32366,107
32367,107
32368,116
32369,116
32370,71
32371,91
32372,102
32373,105
32374,98
32375,73
32376,163
32377,130
32378,95
32379,109
32380,117
32381,92
32382,83
32383,97
32384,71
32385,124
32386,109
32387,91
32388,113
32389,118
32390,82
32391,78
32392,107
32393,101
32394,95
32395,107
32396,129
32397,150
32398,93
32399,136
32400,122
32401,104
32402,105
32403,94
32404,99
32405,32
32406,59
32407,86
32408,69
32409,120
32410,159
32411,69
32412,82
32413,132
32414,76
32415,122
32416,134
32417,142
32418,123
32419,182
32420,118
32421,150
32422,97
32423,101
32424,73
32425,145
32426,115
32427,105
32428,29
32429,75
32430,77
32431,116
32432,103
32433,83
32434,96
32435,145
32436,79
32437,92
32438,93
32439,126
32440,144
32441,129
32442,106
32443,61
32444,135
32445,77
32446,114
32447,118
32448,99
32449,112
32450,134
32451,88
32452,118
32453,124
32454,98
32455,108
32456,97
32457,108
32458,30
32459,80
32460,120
32461,127
32462,105
32463,138
32464,127
32465,105
32466,92
32467,134
32468,132
32469,121
32470,85
32471,94
32472,103
32473,111
32474,101
32475,143
32476,152
32477,132
32478,134
32479,95
32480,130
32481,85
32482,107
32483,114
32484,116
32485,103
32486,130
32487,149
32488,82
32489,119
32490,179
32491,116
32492,146
32493,105
32494,133
32495,94
32496,116
32497,102
32498,117
32499,128
32500,82
32501,141
32502,114
32503,112
32504,50
32505,145
32506,129
32507,91
32508,117
32509,123
32510,88
32511,97
32512,101
32513,89
32514,120
32515,117
32516,105
32517,102
32518,112
32519,90
32520,100
32521,143
32522,128
32523,97
32524,109
32525,110
32526,101
32527,81
32528,139
32529,109
32530,87
32531,68
32532,140
32533,114
32534,113
32535,94
32536,93
32537,153
32538,131
32539,142
32540,146
32541,113
32542,136
32543,113
32544,41
32545,124
32546,87
32547,120
32548,137
32549,84
32550,107
32551,126
32552,124
32553,149
32554,130
32555,151
32556,103
32557,142
32558,109
32559,108
32560,131
32561,116
32562,118
32563,104
32564,131
32565,91
32566,102
32567,105
32568,146
32569,127
32570,148
32571,122
32572,120
32573,98
32574,172
32575,101
32576,181
32577,82
32578,129
32579,113
32580,125
32581,132
32582,77
32583,120
32584,99
32585,103
32586,150
32587,138
32588,132
32589,146
32590,79
32591,83
32592,183
32593,103
32594,107
32595,125
32596,141
32597,148
32598,128
32599,106
32600,107
32601,101
32602,115
32603,114
32604,128
32605,122
32606,147
32607,147
32608,128
32609,85
32610,82
32611,157
32612,130
32613,87
32614,72
32615,126
32616,96
32617,169
32618,100
32619,112
32620,83
32621,111
32622,156
32623,123
32624,107
32625,112
32626,108
32627,116
32628,134
32629,96
32630,129
32631,67
32632,128
32633,59
32634,74
32635,184
32636,84
32637,108
32638,117
32639,128
32640,79
32641,93
32642,95
32643,105
32644,104
32645,84
32646,118
32647,73
32648,116
32649,166
32650,98
32651,105
32652,84
32653,101
32654,125
32655,78
32656,78
32657,99
32658,104
32659,116
32660,77
32661,76
32662,72
32663,90
32664,113
32665,131
32666,116
32667,164
32668,98
32669,150
32670,100
32671,119
32672,98
32673,130
32674,87
32675,100
32676,88
32677,27
32678,122
32679,99
32680,110
32681,116
32682,118
32683,112
32684,118
32685,109
32686,92
32687,159
32688,78
32689,133
32690,160
32691,81
32692,115
32693,42
32694,102
32695,112
32696,109
32697,126
32698,88
32699,79
32700,68
32701,105
32702,131
32703,152
32704,110
32705,135
32706,83
32707,138
32708,90
32709,97
32710,169
32711,83
32712,97
32713,85
32714,74
32715,116
32716,83
32717,135
32718,130
32719,121
32720,75
32721,37
32722,46
32723,73
32724,68
32725,122
32726,110
32727,158
32728,136
32729,79
32730,116
32731,99
32732,100
32733,50
32734,83
32735,111
32736,142
32737,97
32738,139
32739,136
32740,120
32741,122
32742,86
32743,133
32744,78
32745,194
32746,103
32747,138
32748,193
32749,147
32750,125
32751,118
32752,113
32753,137
32754,93
32755,109
32756,118
32757,86
32758,150
32759,167
32760,115
32761,110
32762,100
32763,58
32764,146
32765,131
32766,92
32767,102
32768,97
32769,90
32770,153
32771,145
32772,105
32773,168
32774,74
32775,107
32776,126
32777,91
32778,118
32779,105
32780,88
32781,119
32782,109
32783,127
32784,94
32785,93
32786,124
32787,109
32788,81
32789,93
32790,83
32791,116
32792,109
32793,115
32794,104
32795,124
32796,88
32797,115
32798,71
32799,109
32800,101
32801,83
32802,134
32803,160
32804,91
32805,108
32806,97
32807,97
32808,79
32809,175
32810,155
32811,159
32812,86
32813,131
32814,127
32815,108
32816,92
32817,100
32818,102
32819,89
32820,93
32821,104
32822,103
32823,103
32824,80
32825,94
32826,90
32827,104
32828,97
32829,71
32830,97
32831,109
32832,146
32833,123
32834,167
32835,139
32836,137
32837,89
32838,40
32839,118
32840,105
32841,153
32842,83
32843,98
32844,108
32845,162
32846,131
32847,107
32848,159
32849,110
32850,159
32851,110
32852,112
32853,116
32854,113
32855,95
32856,151
32857,107
32858,124
32859,105
32860,113
32861,79
32862,95
32863,120
32864,108
32865,126
32866,96
32867,111
32868,96
32869,116
32870,121
32871,85
32872,146
32873,64
32874,96
32875,77
32876,149
32877,137
32878,89
32879,73
32880,86
32881,107
32882,111
32883,33
32884,80
32885,146
32886,92
32887,79
32888,87
32889,119
32890,81
32891,128
32892,96
32893,30
32894,54
32895,66
32896,114
32897,109
32898,103
32899,103
32900,128
32901,144
32902,150
32903,102
32904,97
32905,118
32906,137
32907,162
32908,59
32909,97
32910,80
32911,72
32912,83
32913,115
32914,86
32915,80
32916,173
32917,93
32918,184
32919,129
32920,117
32921,138
32922,109
32923,189
32924,101
32925,24
32926,104
32927,121
32928,97
32929,149
32930,108
32931,75
32932,136
32933,111
32934,95
32935,110
32936,121
32937,127
32938,78
32939,128
32940,116
32941,126
32942,129
32943,122
32944,111
32945,98
32946,127
32947,40
32948,114
32949,70
32950,117
32951,145
32952,175
32953,126
32954,107
32955,112
32956,138
32957,111
32958,91
32959,131
32960,22
32961,112
32962,128
32963,107
32964,113
32965,87
32966,84
32967,104
32968,117
32969,78
32970,52
32971,77
32972,123
32973,95
32974,81
32975,102
32976,119
32977,111
32978,125
32979,153
32980,110
32981,113
32982,115
32983,129
32984,105
32985,127
32986,120
32987,107
32988,134
32989,140
32990,145
32991,99
32992,123
32993,119
32994,155
32995,81
32996,138
32997,118
32998,84
32999,122
33000,99
33001,92
33002,66
33003,90
33004,75
33005,79
33006,100
33007,122
33008,106
33009,115
33010,112
33011,70
33012,140
33013,106
33014,72
33015,137
33016,148
33017,107
33018,89
33019,128
33020,115
33021,100
33022,100
33023,91
33024,105
33025,145
33026,95
33027,104
33028,95
33029,100
33030,106
33031,70
33032,128
33033,123
33034,100
33035,151
33036,84
33037,169
33038,127
33039,121
33040,125
33041,159
33042,89
33043,143
33044,100
33045,117
33046,92
33047,133
33048,102
33049,143
33050,118
33051,134
33052,103
33053,141
33054,123
33055,98
33056,99
33057,133
33058,107
33059,138
33060,75
33061,118
33062,141
33063,159
33064,84
33065,195
33066,91
33067,108
33068,109
33069,168
33070,97
33071,97
33072,87
33073,130
33074,134
33075,171
33076,108
33077,47
33078,87
33079,100
33080,74
33081,137
33082,148
33083,108
33084,73
33085,131
33086,71
33087,78
33088,92
33089,89
33090,131
33091,75
33092,98
33093,159
33094,101
33095,111
33096,119
33097,96
33098,103
33099,148
33100,118
33101,124
33102,153
33103,114
33104,100
33105,150
33106,75
33107,120
33108,30
33109,100
33110,137
33111,97
33112,87
33113,125
33114,81
33115,85
33116,130
33117,119
33118,110
33119,175
33120,95
33121,104
33122,77
33123,144
33124,125
33125,126
33126,121
33127,171
33128,136
33129,107
33130,90
33131,108
33132,102
33133,120
33134,99
33135,82
33136,146
33137,113
33138,123
33139,93
33140,96
33141,104
33142,97
33143,34
33144,125
33145,97
33146,95
33147,181
33148,72
33149,85
33150,120
33151,137
33152,92
33153,95
33154,99
33155,135
33156,99
33157,92
33158,114
33159,106
33160,105
33161,107
33162,131
33163,95
33164,95
33165,128
33166,134
33167,30
33168,122
33169,107
33170,127
33171,110
33172,73
33173,70
33174,48
33175,81
33176,105
33177,114
33178,114
33179,127
33180,96
33181,90
33182,110
33183,115
33184,86
33185,95
33186,116
33187,87
33188,112
33189,122
33190,105
33191,151
33192,116
33193,113
33194,123
33195,81
33196,109
33197,90
33198,107
33199,103
33200,101
33201,120
33202,106
33203,115
33204,120
33205,103
33206,112
33207,179
33208,133
33209,105
33210,92
33211,97
33212,157
33213,121
33214,98
33215,96
33216,114
33217,106
33218,125
33219,83
33220,52
33221,88
33222,77
33223,143
33224,98
33225,134
33226,112
33227,153
33228,87
33229,100
33230,142
33231,67
33232,117
33233,103
33234,101
33235,121
33236,130
33237,100
33238,95
33239,90
33240,111
33241,142
33242,98
33243,84
33244,127
33245,142
33246,87
33247,104
33248,28
33249,93
33250,112
33251,113
33252,117
33253,78
33254,120
33255,123
33256,107
33257,97
33258,48
33259,81
33260,118
33261,113
33262,109
33263,143
33264,76
33265,122
33266,120
33267,109
33268,114
33269,47
33270,128
33271,134
33272,77
33273,70
33274,78
33275,97
33276,83
33277,105
33278,117
33279,114
33280,96
33281,124
33282,96
33283,110
33284,96
33285,137
33286,120
33287,111
33288,112
33289,108
33290,126
33291,88
33292,123
33293,132
33294,142
33295,109
33296,139
33297,99
33298,162
33299,130
33300,111
33301,102
33302,113
33303,104
33304,124
33305,95
33306,82
33307,162
33308,117
33309,122
33310,36
33311,100
33312,152
33313,113
33314,95
33315,115
33316,102
33317,116
33318,90
33319,115
33320,94
33321,100
33322,80
33323,127
33324,113
33325,101
33326,151
33327,93
33328,141
33329,137
33330,135
33331,138
33332,97
33333,130
33334,78
33335,31
33336,96
33337,174
33338,97
33339,106
33340,96
33341,72
33342,27
33343,122
33344,106
33345,127
33346,114
33347,115
33348,142
33349,103
33350,96
33351,74
33352,82
33353,124
33354,96
33355,136
33356,153
33357,176
33358,79
33359,50
33360,117
33361,130
33362,97
33363,149
33364,125
33365,75
33366,95
33367,83
33368,98
33369,120
33370,98
33371,118
33372,96
33373,131
33374,118
33375,92
33376,108
33377,130
33378,134
33379,114
33380,149
33381,88
33382,78
33383,110
33384,130
33385,118
33386,77
33387,93
33388,93
33389,75
33390,134
33391,43
33392,131
33393,77
33394,109
33395,86
33396,94
33397,106
33398,113
33399,69
33400,119
33401,124
33402,95
33403,138
33404,88
33405,74
33406,137
33407,83
33408,134
33409,176
33410,105
33411,128
33412,119
33413,93
33414,103
33415,86
33416,115
33417,133
33418,115
33419,67
33420,95
33421,127
33422,114
33423,78
33424,86
33425,126
33426,83
33427,131
33428,126
33429,105
33430,87
33431,74
33432,123
33433,92
33434,98
33435,98
33436,78
33437,103
33438,103
33439,113
33440,139
33441,74
33442,101
33443,89
33444,29
33445,122
33446,116
33447,118
33448,72
33449,94
33450,139
33451,85
33452,94
33453,102
33454,128
33455,180
33456,130
33457,124
33458,76
33459,58
33460,95
33461,90
33462,68
33463,86
33464,111
33465,120
33466,106
33467,133
33468,118
33469,112
33470,130
33471,130
33472,142
33473,174
33474,122
33475,118
33476,54
33477,84
33478,97
33479,96
33480,137
33481,96
33482,96
33483,83
33484,133
33485,80
33486,100
33487,89
33488,111
33489,118
33490,85
33491,118
33492,91
33493,101
33494,127
33495,97
33496,90
33497,137
33498,115
33499,111
33500,152
33501,108
33502,135
33503,142
33504,95
33505,136
33506,104
33507,120
33508,123
33509,115
33510,129
33511,127
33512,126
33513,94
33514,154
33515,97
33516,131
33517,85
33518,123
33519,110
33520,86
33521,43
33522,127
33523,106
33524,107
33525,72
33526,104
33527,172
33528,91
33529,98
33530,114
33531,111
33532,79
33533,97
33534,138
33535,98
33536,118
33537,159
33538,108
33539,94
33540,73
33541,94
33542,83
33543,112
33544,92
33545,121
33546,141
33547,157
33548,93
33549,131
33550,101
33551,96
33552,65
33553,86
33554,134
33555,170
33556,169
33557,149
33558,84
33559,126
33560,113
33561,75
33562,115
33563,79
33564,118
33565,107
33566,99
33567,148
33568,135
33569,113
33570,140
33571,107
33572,159
33573,132
33574,81
33575,76
33576,122
33577,102
33578,137
33579,103
33580,139
33581,72
33582,116
33583,121
33584,113
33585,156
33586,115
33587,96
33588,122
33589,137
33590,77
33591,113
33592,72
33593,98
33594,106
33595,102
33596,60
33597,104
33598,65
33599,163
33600,107
33601,89
33602,100
33603,127
33604,88
33605,112
33606,146
33607,105
33608,104
33609,147
33610,119
33611,125
33612,134
33613,113
33614,75
33615,152
33616,135
33617,136
33618,115
33619,81
33620,85
33621,165
33622,128
33623,105
33624,95
33625,139
33626,137
33627,86
33628,70
33629,111
33630,80
33631,102
33632,113
33633,176
33634,103
33635,136
33636,102
33637,89
33638,103
33639,109
33640,150
33641,102
33642,151
33643,119
33644,108
33645,92
33646,115
33647,101
33648,93
33649,131
33650,119
33651,131
33652,108
33653,148
33654,139
33655,121
33656,80
33657,66
33658,82
33659,94
33660,87
33661,130
33662,152
33663,116
33664,102
33665,140
33666,113
33667,98
33668,122
33669,105
33670,93
33671,83
33672,102
33673,84
33674,109
33675,120
33676,114
33677,134
33678,119
33679,172
33680,44
33681,110
33682,162
33683,102
33684,114
33685,89
33686,115
33687,135
33688,79
33689,137
33690,94
33691,42
33692,142
33693,67
33694,74
33695,71
33696,86
33697,188
33698,151
33699,101
33700,100
33701,91
33702,118
33703,84
33704,120
33705,92
33706,125
33707,104
33708,101
33709,105
33710,84
33711,25
33712,135
33713,169
33714,101
33715,99
33716,186
33717,132
33718,126
33719,88
33720,93
33721,126
33722,76
33723,128
33724,113
33725,101
33726,93
33727,76
33728,149
33729,131
33730,100
33731,106
33732,119
33733,115
33734,122
33735,105
33736,94
33737,99
33738,111
33739,136
33740,140
33741,96
33742,94
33743,135
33744,114
33745,132
33746,110
33747,96
33748,84
33749,146
33750,106
33751,118
33752,110
33753,93
33754,96
33755,78
33756,74
33757,134
33758,160
33759,98
33760,97
33761,97
33762,118
33763,93
33764,156
33765,157
33766,116
33767,111
33768,107
33769,115
33770,109
33771,86
33772,158
33773,97
33774,110
33775,72
33776,127
33777,126
33778,69
33779,97
33780,120
33781,120
33782,100
33783,112
33784,89
33785,117
33786,111
33787,84
33788,75
33789,132
33790,99
33791,118
33792,154
33793,132
33794,104
33795,112
33796,103
33797,126
33798,119
33799,102
33800,97
33801,116
33802,104
33803,109
33804,118
33805,114
33806,82
33807,111
33808,130
33809,36
33810,99
33811,132
33812,96
33813,115
33814,107
33815,150
33816,152
33817,112
33818,79
33819,94
33820,111
33821,123
33822,101
33823,82
33824,99
33825,94
33826,93
33827,105
33828,100
33829,87
33830,98
33831,110
33832,127
33833,109
33834,104
33835,97
33836,142
33837,58
33838,148
33839,84
33840,103
33841,116
33842,107
33843,99
33844,122
33845,86
33846,107
33847,92
33848,127
33849,105
33850,82
33851,104
33852,103
33853,103
33854,120
33855,107
33856,147
33857,107
33858,142
33859,104
33860,106
33861,117
33862,84
33863,121
33864,181
33865,143
33866,90
33867,115
33868,105
33869,74
33870,113
33871,148
33872,185
33873,135
33874,123
33875,120
33876,130
33877,159
33878,116
33879,112
33880,120
33881,135
33882,97
33883,119
33884,114
33885,148
33886,164
33887,67
33888,91
33889,126
33890,184
33891,120
33892,129
33893,99
33894,91
33895,117
33896,138
33897,94
33898,126
33899,124
33900,86
33901,28
33902,130
33903,75
33904,113
33905,107
33906,92
33907,142
33908,116
33909,117
33910,119
33911,93
33912,109
33913,120
33914,26
33915,64
33916,110
33917,98
33918,113
33919,106
33920,77
33921,111
33922,143
33923,79
33924,132
33925,84
33926,97
33927,116
33928,108
33929,128
33930,98
33931,114
33932,100
33933,90
33934,64
33935,112
33936,106
33937,100
33938,156
33939,120
33940,123
33941,92
33942,78
33943,110
33944,85
33945,152
33946,71
33947,176
33948,164
33949,109
33950,107
33951,86
33952,91
33953,133
33954,125
33955,100
33956,98
33957,106
33958,69
33959,98
33960,108
33961,113
33962,106
33963,90
33964,97
33965,100
33966,72
33967,97
33968,126
33969,153
33970,97
33971,89
33972,116
33973,128
33974,115
33975,74
33976,85
33977,115
33978,85
33979,90
33980,104
33981,110
33982,128
33983,141
33984,138
33985,131
33986,136
33987,73
33988,81
33989,84
33990,106
33991,103
33992,146
33993,169
33994,119
33995,103
33996,137
33997,32
33998,123
33999,116
34000,83
34001,125
34002,68
34003,117
34004,116
34005,119
34006,102
34007,121
34008,148
34009,91
34010,115
34011,160
34012,83
34013,147
34014,158
34015,87
34016,124
34017,144
34018,135
34019,101
34020,108
34021,116
34022,67
34023,124
34024,107
34025,128
34026,155
34027,89
34028,72
34029,92
34030,102
34031,102
34032,100
34033,107
34034,116
34035,121
34036,31
34037,151
34038,102
34039,127
34040,94
34041,100
34042,112
34043,111
34044,62
34045,117
34046,28
34047,126
34048,104
34049,97
34050,162
34051,143
34052,106
34053,126
34054,153
34055,130
34056,83
34057,117
34058,85
34059,129
34060,78
34061,127
34062,139
34063,128
34064,90
34065,111
34066,149
34067,118
34068,93
34069,136
34070,104
34071,110
34072,144
34073,83
34074,96
34075,83
34076,103
34077,161
34078,146
34079,165
34080,126
34081,118
34082,152
34083,180
34084,123
34085,108
34086,75
34087,94
34088,114
34089,102
34090,109
34091,122
34092,90
34093,103
34094,126
34095,104
34096,103
34097,93
34098,81
34099,22
34100,70
34101,73
34102,134
34103,152
34104,114
34105,112
34106,108
34107,107
34108,139
34109,87
34110,113
34111,143
34112,113
34113,109
34114,92
34115,123
34116,121
34117,88
34118,122
34119,96
34120,107
34121,108
34122,42
34123,103
34124,98
34125,101
34126,110
34127,120
34128,125
34129,97
34130,94
34131,106
34132,87
34133,88
34134,90
34135,122
34136,146
34137,108
34138,131
34139,103
34140,129
34141,95
34142,92
34143,82
34144,94
34145,117
34146,134
34147,164
34148,108
34149,108
34150,70
34151,125
34152,136
34153,111
34154,92
34155,100
34156,105
34157,97
34158,142
34159,135
34160,124
34161,81
34162,41
34163,91
34164,118
34165,127
34166,102
34167,169
34168,120
34169,153
34170,114
34171,112
34172,146
34173,131
34174,114
34175,105
34176,132
34177,94
34178,117
34179,51
34180,98
34181,107
34182,99
34183,99
34184,100
34185,121
34186,77
34187,129
34188,111
34189,151
34190,113
34191,101
34192,123
34193,168
34194,31
34195,142
34196,128
34197,147
34198,125
34199,114
34200,128
34201,85
34202,85
34203,83
34204,99
34205,138
34206,97
34207,72
34208,114
34209,99
34210,129
34211,123
34212,114
34213,101
34214,66
34215,138
34216,87
34217,75
34218,57
34219,91
34220,105
34221,115
34222,120
34223,33
34224,133
34225,98
34226,129
34227,121
34228,86
34229,104
34230,138
34231,103
34232,108
34233,85
34234,74
34235,123
34236,123
34237,110
34238,113
34239,92
34240,86
34241,119
34242,88
34243,78
34244,108
34245,128
34246,113
34247,112
34248,113
34249,107
34250,120
34251,137
34252,137
34253,124
34254,104
34255,140
34256,104
34257,96
34258,136
34259,95
34260,84
34261,165
34262,81
34263,91
34264,127
34265,112
34266,131
34267,67
34268,148
34269,57
34270,164
34271,134
34272,118
34273,118
34274,88
34275,153
34276,122
34277,65
34278,46
34279,91
34280,53
34281,106
34282,82
34283,106
34284,160
34285,126
34286,111
34287,139
34288,114
34289,102
34290,104
34291,128
34292,106
34293,60
34294,71
34295,63
34296,63
34297,139
34298,131
34299,139
34300,59
34301,72
34302,161
34303,88
34304,98
34305,72
34306,142
34307,118
34308,133
34309,89
34310,92
34311,80
34312,128
34313,115
34314,103
34315,170
34316,86
34317,75
34318,117
34319,98
34320,73
34321,119
34322,125
34323,145
34324,95
34325,108
34326,116
34327,115
34328,116
34329,85
34330,114
34331,115
34332,116
34333,128
34334,112
34335,120
34336,93
34337,97
34338,101
34339,134
34340,92
34341,96
34342,52
34343,90
34344,99
34345,114
34346,67
34347,157
34348,113
34349,110
34350,78
34351,93
34352,116
34353,89
34354,100
34355,120
34356,111
34357,117
34358,68
34359,113
34360,143
34361,84
34362,133
34363,174
34364,106
34365,100
34366,70
34367,63
34368,114
34369,93
34370,117
34371,57
34372,122
34373,127
34374,99
34375,126
34376,66
34377,147
34378,45
34379,132
34380,120
34381,61
34382,93
34383,140
34384,115
34385,116
34386,101
34387,61
34388,108
34389,91
34390,105
34391,131
34392,115
34393,121
34394,112
34395,108
34396,83
34397,152
34398,104
34399,74
34400,112
34401,84
34402,121
34403,32
34404,171
34405,119
34406,114
34407,108
34408,54
34409,85
34410,45
34411,108
34412,135
34413,99
34414,121
34415,113
34416,112
34417,90
34418,170
34419,101
34420,123
34421,109
34422,91
34423,128
34424,84
34425,113
34426,122
34427,104
34428,150
34429,158
34430,121
34431,90
34432,81
34433,102
34434,107
34435,141
34436,130
34437,103
34438,131
34439,103
34440,134
34441,120
34442,120
34443,124
34444,127
34445,96
34446,97
34447,97
34448,103
34449,104
34450,111
34451,104
34452,132
34453,107
34454,69
34455,72
34456,109
34457,107
34458,143
34459,101
34460,114
34461,124
34462,125
34463,92
34464,170
34465,97
34466,123
34467,130
34468,122
34469,100
34470,82
34471,122
34472,100
34473,101
34474,91
34475,74
34476,116
34477,106
34478,119
34479,114
34480,110
34481,109
34482,107
34483,94
34484,164
34485,73
34486,126
34487,59
34488,110
34489,90
34490,122
34491,153
34492,98
34493,121
34494,130
34495,130
34496,147
34497,128
34498,98
34499,117
34500,137
34501,138
34502,90
34503,117
34504,111
34505,88
34506,92
34507,97
34508,87
34509,102
34510,127
34511,105
34512,104
34513,100
34514,96
34515,97
34516,120
34517,130
34518,73
34519,139
34520,106
34521,55
34522,111
34523,101
34524,134
34525,113
34526,126
34527,27
34528,72
34529,151
34530,138
34531,179
34532,97
34533,116
34534,139
34535,122
34536,99
34537,147
34538,78
34539,158
34540,160
34541,101
34542,139
34543,103
34544,148
34545,102
34546,106
34547,110
34548,91
34549,107
34550,104
34551,105
34552,102
34553,93
34554,109
34555,123
34556,116
34557,98
34558,122
34559,103
34560,111
34561,109
34562,110
34563,111
34564,114
34565,87
34566,155
34567,74
34568,156
34569,132
34570,128
34571,161
34572,159
34573,111
34574,120
34575,103
34576,147
34577,80
34578,129
34579,106
34580,106
34581,96
34582,144
34583,128
34584,127
34585,162
34586,119
34587,108
34588,114
34589,99
34590,19
34591,80
34592,120
34593,154
34594,158
34595,132
34596,102
34597,39
34598,85
34599,109
34600,87
34601,139
34602,46
34603,83
34604,91
34605,113
34606,151
34607,135
34608,163
34609,141
34610,135
34611,161
34612,106
34613,82
34614,103
34615,102
34616,111
34617,122
34618,99
34619,137
34620,101
34621,111
34622,51
34623,154
34624,83
34625,96
34626,97
34627,76
34628,80
34629,103
34630,109
34631,133
34632,89
34633,108
34634,94
34635,105
34636,118
34637,77
34638,132
34639,171
34640,98
34641,140
34642,120
34643,99
34644,104
34645,35
34646,88
34647,118
34648,140
34649,110
34650,92
34651,113
34652,96
34653,88
34654,123
34655,66
34656,148
34657,80
34658,83
34659,122
34660,89
34661,141
34662,129
34663,123
34664,75
34665,72
34666,131
34667,80
34668,99
34669,136
34670,145
34671,107
34672,123
34673,127
34674,66
34675,107
34676,103
34677,146
34678,94
34679,118
34680,103
34681,145
34682,107
34683,127
34684,116
34685,127
34686,139
34687,58
34688,184
34689,104
34690,116
34691,101
34692,97
34693,60
34694,69
34695,141
34696,120
34697,110
34698,139
34699,103
34700,93
34701,158
34702,117
34703,170
34704,118
34705,107
34706,77
34707,79
34708,97
34709,76
34710,99
34711,26
34712,74
34713,130
34714,102
34715,89
34716,78
34717,93
34718,73
34719,99
34720,102
34721,144
34722,99
34723,136
34724,105
34725,97
34726,106
34727,121
34728,130
34729,104
34730,42
34731,82
34732,81
34733,100
34734,146
34735,65
34736,151
34737,118
34738,99
34739,149
34740,119
34741,121
34742,105
34743,122
34744,110
34745,163
34746,80
34747,111
34748,118
34749,82
34750,98
34751,140
34752,105
34753,108
34754,128
34755,121
34756,54
34757,90
34758,94
34759,128
34760,123
34761,113
34762,131
34763,170
34764,131
34765,126
34766,114
34767,86
34768,154
34769,85
34770,80
34771,91
34772,87
34773,154
34774,131
34775,96
34776,102
34777,87
34778,84
34779,106
34780,119
34781,108
34782,91
34783,105
34784,55
34785,140
34786,93
34787,175
34788,109
34789,112
34790,130
34791,132
34792,70
34793,109
34794,97
34795,113
34796,106
34797,113
34798,94
34799,109
34800,144
34801,104
34802,84
34803,153
34804,107
34805,71
34806,92
34807,93
34808,157
34809,129
34810,91
34811,127
34812,145
34813,141
34814,99
34815,89
34816,120
34817,107
34818,132
34819,105
34820,106
34821,108
34822,147
34823,102
34824,119
34825,92
34826,131
34827,67
34828,109
34829,94
34830,128
34831,147
34832,97
34833,119
34834,106
34835,112
34836,118
34837,116
34838,157
34839,33
34840,117
34841,130
34842,105
34843,106
34844,106
34845,103
34846,102
34847,104
34848,84
34849,100
34850,89
34851,110
34852,119
34853,100
34854,83
34855,100
34856,102
34857,65
34858,127
34859,170
34860,124
34861,131
34862,135
34863,105
34864,98
34865,124
34866,66
34867,95
34868,110
34869,145
34870,134
34871,153
34872,96
34873,134
34874,87
34875,111
34876,89
34877,80
34878,32
34879,115
34880,89
34881,93
34882,174
34883,115
34884,123
34885,93
34886,97
34887,95
34888,103
34889,156
34890,101
34891,115
34892,30
34893,134
34894,111
34895,111
34896,110
34897,113
34898,106
34899,122
34900,116
34901,92
34902,99
34903,119
34904,120
34905,102
34906,117
34907,128
34908,59
34909,123
34910,123
34911,134
34912,119
34913,87
34914,141
34915,171
34916,82
34917,80
34918,102
34919,109
34920,110
34921,137
34922,101
34923,103
34924,108
34925,121
34926,91
34927,163
34928,114
34929,38
34930,38
34931,94
34932,102
34933,106
34934,131
34935,63
34936,101
34937,26
34938,107
34939,98
34940,116
34941,114
34942,79
34943,128
34944,134
34945,128
34946,82
34947,113
34948,92
34949,69
34950,112
34951,104
34952,153
34953,139
34954,114
34955,97
34956,104
34957,116
34958,140
34959,113
34960,121
34961,147
34962,96
34963,106
34964,74
34965,147
34966,108
34967,105
34968,138
34969,99
34970,91
34971,104
34972,133
34973,114
34974,101
34975,119
34976,112
34977,131
34978,125
34979,117
34980,152
34981,155
34982,97
34983,113
34984,128
34985,119
34986,138
34987,124
34988,97
34989,126
34990,74
34991,102
34992,119
34993,112
34994,100
34995,75
34996,128
34997,139
34998,130
34999,98
35000,105
35001,147
35002,148
35003,102
35004,104
35005,130
35006,126
35007,128
35008,91
35009,118
35010,117
35011,121
35012,91
35013,98
35014,49
35015,115
35016,77
35017,120
35018,109
35019,83
35020,61
35021,121
35022,46
35023,56
35024,171
35025,125
35026,98
35027,111
35028,105
35029,117
35030,138
35031,115
35032,142
35033,133
35034,108
35035,123
35036,93
35037,110
35038,146
35039,88
35040,118
35041,71
35042,129
35043,133
35044,82
35045,143
35046,83
35047,103
35048,148
35049,88
35050,84
35051,75
35052,126
35053,88
35054,106
35055,126
35056,110
35057,103
35058,73
35059,111
35060,140
35061,132
35062,99
35063,68
35064,123
35065,135
35066,104
35067,129
35068,118
35069,87
35070,112
35071,122
35072,100
35073,96
35074,98
35075,114
35076,136
35077,129
35078,116
35079,104
35080,103
35081,121
35082,151
35083,160
35084,124
35085,57
35086,76
35087,99
35088,91
35089,136
35090,78
35091,89
35092,112
35093,118
35094,118
35095,114
35096,154
35097,88
35098,108
35099,70
35100,94
35101,106
35102,126
35103,41
35104,96
35105,163
35106,78
35107,68
35108,147
35109,96
35110,86
35111,173
35112,115
35113,116
35114,163
35115,118
35116,125
35117,142
35118,108
35119,120
35120,94
35121,90
35122,99
35123,101
35124,71
35125,101
35126,135
35127,99
35128,114
35129,139
35130,84
35131,115
35132,108
35133,143
35134,110
35135,96
35136,68
35137,119
35138,149
35139,113
35140,67
35141,106
35142,127
35143,115
35144,89
35145,101
35146,184
35147,123
35148,146
35149,147
35150,155
35151,113
35152,73
35153,92
35154,117
35155,136
35156,100
35157,170
35158,100
35159,102
35160,95
35161,168
35162,127
35163,104
35164,114
35165,116
35166,155
35167,55
35168,99
35169,126
35170,130
35171,120
35172,131
35173,89
35174,115
35175,108
35176,137
35177,126
35178,84
35179,93
35180,140
35181,94
35182,87
35183,124
35184,74
35185,97
35186,145
35187,100
35188,103
35189,90
35190,91
35191,73
35192,106
35193,62
35194,74
35195,103
35196,110
35197,59
35198,173
35199,120
35200,114
35201,89
35202,69
35203,75
35204,110
35205,96
35206,129
35207,108
35208,107
35209,105
35210,133
35211,125
35212,84
35213,105
35214,95
35215,116
35216,107
35217,119
35218,102
35219,28
35220,103
35221,139
35222,120
35223,82
35224,112
35225,80
35226,84
35227,102
35228,124
35229,106
35230,91
35231,114
35232,100
35233,118
35234,95
35235,114
35236,81
35237,125
35238,145
35239,113
35240,118
35241,163
35242,150
35243,97
35244,106
35245,124
35246,133
35247,113
35248,97
35249,117
35250,86
35251,128
35252,93
35253,99
35254,100
35255,143
35256,99
35257,158
35258,126
35259,181
35260,78
35261,114
35262,140
35263,113
35264,113
35265,97
35266,86
35267,118
35268,114
35269,126
35270,117
35271,101
35272,84
35273,106
35274,160
35275,119
35276,99
35277,99
35278,90
35279,141
35280,119
35281,110
35282,89
35283,93
35284,149
35285,126
35286,114
35287,145
35288,94
35289,110
35290,102
35291,136
35292,80
35293,59
35294,91
35295,92
35296,172
35297,71
35298,94
35299,111
35300,63
35301,148
35302,106
35303,103
35304,87
35305,119
35306,63
35307,109
35308,75
35309,138
35310,101
35311,96
35312,100
35313,87
35314,104
35315,149
35316,135
35317,125
35318,157
35319,114
35320,106
35321,90
35322,93
35323,106
35324,142
35325,112
35326,177
35327,81
35328,118
35329,168
35330,95
35331,131
35332,148
35333,136
35334,119
35335,117
35336,123
35337,125
35338,121
35339,149
35340,87
35341,86
35342,108
35343,153
35344,122
35345,102
35346,107
35347,97
35348,74
35349,94
35350,102
35351,99
35352,30
35353,128
35354,138
35355,118
35356,81
35357,124
35358,75
35359,84
35360,110
35361,100
35362,125
35363,106
35364,120
35365,146
35366,82
35367,71
35368,132
35369,138
35370,108
35371,86
35372,132
35373,125
35374,122
35375,73
35376,77
35377,96
35378,103
35379,87
35380,111
35381,108
35382,104
35383,90
35384,110
35385,120
35386,140
35387,89
35388,62
35389,81
35390,81
35391,132
35392,127
35393,169
35394,99
35395,75
35396,109
35397,104
35398,61
35399,112
35400,104
35401,112
35402,122
35403,120
35404,163
35405,96
35406,80
35407,130
35408,105
35409,156
35410,112
35411,89
35412,113
35413,30
35414,111
35415,94
35416,146
35417,137
35418,143
35419,109
35420,128
35421,138
35422,60
35423,93
35424,107
35425,117
35426,122
35427,170
35428,98
35429,95
35430,105
35431,72
35432,96
35433,141
35434,75
35435,64
35436,111
35437,101
35438,112
35439,148
35440,106
35441,129
35442,33
35443,112
35444,94
35445,98
35446,112
35447,106
35448,99
35449,123
35450,144
35451,137
35452,99
35453,106
35454,168
35455,110
35456,95
35457,107
35458,122
35459,92
35460,132
35461,103
35462,112
35463,99
35464,94
35465,66
35466,116
35467,107
35468,150
35469,153
35470,89
35471,92
35472,83
35473,111
35474,79
35475,108
35476,117
35477,151
35478,115
35479,105
35480,67
35481,92
35482,160
35483,104
35484,109
35485,104
35486,98
35487,100
35488,110
35489,110
35490,151
35491,125
35492,105
35493,91
35494,96
35495,60
35496,94
35497,127
35498,117
35499,113
35500,125
35501,139
35502,90
35503,92
35504,111
35505,144
35506,67
35507,75
35508,155
35509,134
35510,132
35511,151
35512,157
35513,89
35514,109
35515,152
35516,119
35517,116
35518,75
35519,110
35520,111
35521,172
35522,103
35523,87
35524,119
35525,119
35526,76
35527,26
35528,94
35529,118
35530,87
35531,136
35532,93
35533,105
35534,144
35535,107
35536,117
35537,127
35538,121
35539,152
35540,104
35541,137
35542,99
35543,96
35544,141
35545,107
35546,73
35547,81
35548,33
35549,94
35550,99
35551,131
35552,154
35553,95
35554,119
35555,134
35556,145
35557,128
35558,125
35559,91
35560,133
35561,89
35562,121
35563,126
35564,109
35565,90
35566,112
35567,152
35568,176
35569,114
35570,93
35571,94
35572,120
35573,81
35574,129
35575,99
35576,135
35577,99
35578,152
35579,130
35580,128
35581,132
35582,103
35583,133
35584,106
35585,142
35586,119
35587,106
35588,105
35589,87
35590,109
35591,78
35592,154
35593,155
35594,146
35595,101
35596,48
35597,124
35598,64
35599,158
35600,80
35601,85
35602,144
35603,127
35604,87
35605,101
35606,129
35607,76
35608,179
35609,106
35610,92
35611,132
35612,102
35613,126
35614,127
35615,133
35616,96
35617,161
35618,165
35619,71
35620,152
35621,57
35622,90
35623,108
35624,139
35625,100
35626,105
35627,53
35628,149
35629,129
35630,160
35631,131
35632,149
35633,102
35634,110
35635,84
35636,109
35637,108
35638,143
35639,116
35640,93
35641,103
35642,162
35643,93
35644,93
35645,157
35646,119
35647,88
35648,156
35649,110
35650,128
35651,135
35652,98
35653,74
35654,166
35655,98
35656,78
35657,102
35658,92
35659,100
35660,95
35661,68
35662,96
35663,144
35664,129
35665,112
35666,136
35667,94
35668,103
35669,146
35670,108
35671,101
35672,101
35673,99
35674,89
35675,68
35676,113
35677,101
35678,153
35679,37
35680,107
35681,117
35682,95
35683,103
35684,99
35685,137
35686,142
35687,94
35688,89
35689,156
35690,84
35691,31
35692,113
35693,106
35694,95
35695,110
35696,137
35697,117
35698,83
35699,93
35700,111
35701,128
35702,105
35703,104
35704,99
35705,108
35706,129
35707,119
35708,90
35709,89
35710,106
35711,127
35712,94
35713,69
35714,114
35715,131
35716,105
35717,130
35718,96
35719,88
35720,87
35721,38
35722,146
35723,127
35724,137
35725,119
35726,138
35727,68
35728,167
35729,134
35730,112
35731,154
35732,120
35733,147
35734,100
35735,150
35736,98
35737,130
35738,127
35739,176
35740,93
35741,129
35742,87
35743,120
35744,97
35745,83
35746,96
35747,153
35748,115
35749,75
35750,85
35751,135
35752,90
35753,89
35754,90
35755,110
35756,93
35757,113
35758,85
35759,98
35760,102
35761,87
35762,141
35763,132
35764,134
35765,164
35766,113
35767,143
35768,141
35769,99
35770,100
35771,87
35772,25
35773,140
35774,87
35775,102
35776,128
35777,107
35778,121
35779,94
35780,180
35781,142
35782,87
35783,101
35784,59
35785,121
35786,86
35787,104
35788,116
35789,133
35790,111
35791,93
35792,32
35793,46
35794,100
35795,111
35796,103
35797,95
35798,109
35799,109
35800,82
35801,115
35802,122
35803,95
35804,98
35805,82
35806,108
35807,116
35808,114
35809,40
35810,86
35811,71
35812,117
35813,116
35814,117
35815,75
35816,117
35817,100
35818,109
35819,145
35820,113
35821,143
35822,95
35823,94
35824,165
35825,99
35826,123
35827,127
35828,52
35829,115
35830,134
35831,156
35832,94
35833,125
35834,96
35835,117
35836,111
35837,95
35838,95
35839,136
35840,70
35841,122
35842,106
35843,161
35844,121
35845,87
35846,108
35847,123
35848,138
35849,84
35850,131
35851,110
35852,137
35853,138
35854,113
35855,134
35856,130
35857,105
35858,163
35859,94
35860,93
35861,91
35862,126
35863,124
35864,74
35865,37
35866,177
35867,137
35868,167
35869,115
35870,127
35871,87
35872,73
35873,113
35874,98
35875,142
35876,94
35877,104
35878,153
35879,96
35880,156
35881,102
35882,122
35883,85
35884,118
35885,97
35886,100
35887,73
35888,97
35889,96
35890,107
35891,104
35892,144
35893,94
35894,114
35895,101
35896,92
35897,83
35898,120
35899,145
35900,54
35901,116
35902,110
35903,90
35904,111
35905,134
35906,128
35907,111
35908,80
35909,112
35910,158
35911,119
35912,170
35913,112
35914,95
35915,138
35916,80
35917,71
35918,114
35919,137
35920,139
35921,122
35922,116
35923,74
35924,126
35925,105
35926,94
35927,100
35928,105
35929,96
35930,138
35931,105
35932,85
35933,101
35934,86
35935,72
35936,84
35937,98
35938,131
35939,109
35940,130
35941,125
35942,52
35943,94
35944,89
35945,91
35946,96
35947,91
35948,110
35949,132
35950,102
35951,37
35952,80
35953,130
35954,91
35955,162
35956,80
35957,109
35958,162
35959,119
35960,143
35961,104
35962,97
35963,104
35964,140
35965,108
35966,115
35967,154
35968,95
35969,127
35970,95
35971,79
35972,139
35973,111
35974,128
35975,116
35976,78
35977,87
35978,134
35979,146
35980,41
35981,91
35982,181
35983,164
35984,109
35985,115
35986,174
35987,98
35988,131
35989,78
35990,127
35991,123
35992,95
35993,159
35994,72
35995,110
35996,134
35997,113
35998,116
35999,94
36000,86
36001,114
36002,167
36003,87
36004,104
36005,120
36006,108
36007,112
36008,149
36009,147
36010,103
36011,88
36012,88
36013,117
36014,111
36015,80
36016,87
36017,108
36018,68
36019,94
36020,115
36021,162
36022,113
36023,117
36024,117
36025,125
36026,99
36027,86
36028,132
36029,113
36030,95
36031,179
36032,124
36033,79
36034,100
36035,37
36036,131
36037,155
36038,58
36039,128
36040,103
36041,106
36042,83
36043,35
36044,101
36045,119
36046,105
36047,106
36048,122
36049,70
36050,115
36051,152
36052,100
36053,70
36054,36
36055,114
36056,61
36057,93
36058,90
36059,91
36060,151
36061,111
36062,97
36063,154
36064,87
36065,116
36066,53
36067,137
36068,70
36069,95
36070,123
36071,146
36072,122
36073,163
36074,124
36075,80
36076,100
36077,146
36078,100
36079,130
36080,63
36081,123
36082,111
36083,140
36084,106
36085,81
36086,121
36087,126
36088,158
36089,90
36090,135
36091,86
36092,68
36093,144
36094,108
36095,112
36096,161
36097,117
36098,98
36099,185
36100,106
36101,81
36102,92
36103,94
36104,96
36105,114
36106,97
36107,98
36108,100
36109,89
36110,110
36111,100
36112,92
36113,102
36114,96
36115,147
36116,124
36117,95
36118,106
36119,136
36120,88
36121,175
36122,166
36123,110
36124,134
36125,131
36126,171
36127,105
36128,80
36129,103
36130,133
36131,91
36132,87
36133,123
36134,113
36135,156
36136,119
36137,117
36138,120
36139,69
36140,99
36141,118
36142,107
36143,110
36144,33
36145,122
36146,70
36147,116
36148,75
36149,131
36150,111
36151,136
36152,116
36153,54
36154,84
36155,121
36156,157
36157,134
36158,105
36159,71
36160,94
36161,94
36162,93
36163,99
36164,133
36165,111
36166,119
36167,68
36168,109
36169,125
36170,87
36171,118
36172,105
36173,123
36174,105
36175,99
36176,74
36177,89
36178,110
36179,123
36180,124
36181,80
36182,152
36183,73
36184,93
36185,82
36186,95
36187,101
36188,129
36189,117
36190,100
36191,103
36192,93
36193,99
36194,119
36195,40
36196,111
36197,114
36198,73
36199,104
36200,115
36201,108
36202,91
36203,95
36204,75
36205,81
36206,145
36207,94
36208,89
36209,63
36210,96
36211,95
36212,85
36213,99
36214,104
36215,99
36216,113
36217,97
36218,135
36219,141
36220,98
36221,91
36222,102
36223,78
36224,89
36225,67
36226,105
36227,111
36228,95
36229,87
36230,139
36231,134
36232,83
36233,112
36234,117
36235,112
36236,120
36237,106
36238,104
36239,112
36240,182
36241,104
36242,142
36243,100
36244,110
36245,106
36246,138
36247,110
36248,112
36249,99
36250,130
36251,121
36252,146
36253,105
36254,97
36255,86
36256,47
36257,73
36258,71
36259,135
36260,113
36261,111
36262,92
36263,113
36264,136
36265,110
36266,129
36267,126
36268,96
36269,132
36270,81
36271,91
36272,113
36273,134
36274,142
36275,116
36276,86
36277,138
36278,98
36279,98
36280,109
36281,109
36282,140
36283,82
36284,111
36285,134
36286,127
36287,111
36288,73
36289,89
36290,112
36291,116
36292,72
36293,101
36294,95
36295,113
36296,143
36297,123
36298,88
36299,99
36300,115
36301,109
36302,98
36303,28
36304,111
36305,82
36306,131
36307,107
36308,175
36309,116
36310,89
36311,96
36312,133
36313,112
36314,145
36315,146
36316,104
36317,121
36318,109
36319,77
36320,89
36321,121
36322,108
36323,110
36324,98
36325,117
36326,109
36327,107
36328,99
36329,94
36330,78
36331,101
36332,103
36333,111
36334,131
36335,72
36336,110
36337,104
36338,106
36339,68
36340,164
36341,118
36342,135
36343,108
36344,121
36345,115
36346,121
36347,101
36348,86
36349,147
36350,51
36351,115
36352,36
36353,97
36354,97
36355,116
36356,73
36357,94
36358,111
36359,139
36360,121
36361,125
36362,126
36363,125
36364,130
36365,88
36366,129
36367,105
36368,84
36369,116
36370,78
36371,100
36372,98
36373,123
36374,112
36375,111
36376,90
36377,125
36378,57
36379,116
36380,122
36381,119
36382,75
36383,91
36384,69
36385,106
36386,131
36387,144
36388,81
36389,136
36390,136
36391,106
36392,140
36393,90
36394,116
36395,83
36396,116
36397,104
36398,103
36399,105
36400,118
36401,42
36402,80
36403,163
36404,111
36405,163
36406,85
36407,87
36408,106
36409,87
36410,88
36411,105
36412,139
36413,123
36414,100
36415,152
36416,73
36417,97
36418,143
36419,120
36420,111
36421,74
36422,61
36423,77
36424,132
36425,129
36426,31
36427,120
36428,80
36429,73
36430,121
36431,126
36432,115
36433,124
36434,127
36435,118
36436,99
36437,137
36438,87
36439,77
36440,113
36441,104
36442,129
36443,133
36444,95
36445,134
36446,77
36447,86
36448,110
36449,106
36450,95
36451,148
36452,160
36453,112
36454,79
36455,96
36456,143
36457,95
36458,96
36459,117
36460,72
36461,108
36462,92
36463,121
36464,125
36465,36
36466,92
36467,87
36468,97
36469,96
36470,66
36471,90
36472,106
36473,99
36474,105
36475,77
36476,99
36477,130
36478,142
36479,94
36480,103
36481,122
36482,37
36483,99
36484,85
36485,136
36486,131
36487,124
36488,108
36489,99
36490,171
36491,112
36492,108
36493,119
36494,126
36495,115
36496,86
36497,127
36498,125
36499,80
36500,138
36501,122
36502,123
36503,93
36504,91
36505,123
36506,127
36507,81
36508,113
36509,93
36510,107
36511,103
36512,139
36513,99
36514,108
36515,95
36516,133
36517,123
36518,86
36519,134
36520,107
36521,109
36522,86
36523,66
36524,102
36525,100
36526,122
36527,72
36528,127
36529,97
36530,109
36531,98
36532,75
36533,109
36534,90
36535,158
36536,99
36537,118
36538,68
36539,107
36540,126
36541,96
36542,79
36543,94
36544,134
36545,92
36546,132
36547,119
36548,97
36549,149
36550,104
36551,133
36552,120
36553,136
36554,103
36555,116
36556,112
36557,137
36558,105
36559,115
36560,103
36561,143
36562,150
36563,128
36564,129
36565,122
36566,112
36567,139
36568,124
36569,118
36570,147
36571,109
36572,28
36573,88
36574,124
36575,133
36576,93
36577,108
36578,113
36579,122
36580,122
36581,63
36582,86
36583,136
36584,104
36585,122
36586,120
36587,91
36588,150
36589,139
36590,77
36591,158
36592,146
36593,100
36594,131
36595,128
36596,110
36597,132
36598,107
36599,118
36600,89
36601,114
36602,118
36603,88
36604,103
36605,98
36606,90
36607,128
36608,129
36609,126
36610,72
36611,124
36612,72
36613,143
36614,124
36615,85
36616,103
36617,129
36618,119
36619,69
36620,84
36621,97
36622,91
36623,154
36624,152
36625,146
36626,126
36627,153
36628,87
36629,99
36630,145
36631,113
36632,109
36633,161
36634,72
36635,91
36636,103
36637,76
36638,113
36639,108
36640,114
36641,124
36642,85
36643,104
36644,107
36645,101
36646,144
36647,118
36648,148
36649,107
36650,132
36651,123
36652,119
36653,96
36654,106
36655,107
36656,98
36657,76
36658,86
36659,122
36660,113
36661,51
36662,157
36663,141
36664,176
36665,65
36666,102
36667,172
36668,119
36669,110
36670,90
36671,111
36672,130
36673,96
36674,110
36675,101
36676,95
36677,108
36678,118
36679,106
36680,79
36681,98
36682,156
36683,97
36684,110
36685,68
36686,91
36687,90
36688,121
36689,140
36690,102
36691,82
36692,81
36693,87
36694,123
36695,184
36696,93
36697,109
36698,65
36699,100
36700,120
36701,77
36702,92
36703,121
36704,84
36705,131
36706,107
36707,128
36708,144
36709,126
36710,134
36711,112
36712,99
36713,70
36714,89
36715,81
36716,95
36717,90
36718,87
36719,134
36720,94
36721,130
36722,137
36723,96
36724,100
36725,174
36726,108
36727,140
36728,112
36729,96
36730,118
36731,123
36732,139
36733,98
36734,111
36735,94
36736,87
36737,116
36738,144
36739,115
36740,84
36741,113
36742,106
36743,160
36744,114
36745,73
36746,94
36747,97
36748,42
36749,98
36750,115
36751,117
36752,163
36753,132
36754,28
36755,120
36756,111
36757,105
36758,76
36759,96
36760,134
36761,127
36762,108
36763,83
36764,113
36765,67
36766,97
36767,118
36768,130
36769,119
36770,87
36771,85
36772,110
36773,63
36774,95
36775,99
36776,133
36777,114
36778,111
36779,127
36780,118
36781,109
36782,112
36783,120
36784,103
36785,75
36786,73
36787,111
36788,58
36789,130
36790,134
36791,89
36792,121
36793,106
36794,96
36795,83
36796,96
36797,100
36798,136
36799,141
36800,106
36801,35
36802,95
36803,41
36804,95
36805,158
36806,105
36807,123
36808,93
36809,88
36810,99
36811,139
36812,124
36813,115
36814,120
36815,133
36816,78
36817,160
36818,138
36819,117
36820,101
36821,107
36822,95
36823,84
36824,59
36825,137
36826,126
36827,146
36828,123
36829,75
36830,108
36831,115
36832,26
36833,124
36834,98
36835,101
36836,128
36837,113
36838,72
36839,87
36840,119
36841,145
36842,143
36843,102
36844,99
36845,136
36846,72
36847,71
36848,129
36849,162
36850,109
36851,80
36852,133
36853,86
36854,122
36855,131
36856,115
36857,96
36858,116
36859,88
36860,100
36861,50
36862,138
36863,102
36864,108
36865,143
36866,110
36867,122
36868,112
36869,44
36870,93
36871,122
36872,83
36873,118
36874,117
36875,120
36876,107
36877,72
36878,98
36879,100
36880,105
36881,81
36882,75
36883,175
36884,111
36885,99
36886,133
36887,111
36888,85
36889,130
36890,91
36891,154
36892,108
36893,73
36894,89
36895,116
36896,106
36897,103
36898,95
36899,113
36900,85
36901,119
36902,68
36903,68
36904,108
36905,136
36906,102
36907,115
36908,135
36909,122
36910,73
36911,146
36912,65
36913,85
36914,99
36915,114
36916,131
36917,89
36918,143
36919,155
36920,95
36921,123
36922,101
36923,94
36924,113
36925,128
36926,120
36927,54
36928,123
36929,88
36930,92
36931,90
36932,91
36933,125
36934,67
36935,102
36936,105
36937,106
36938,153
36939,154
36940,97
36941,105
36942,106
36943,119
36944,89
36945,104
36946,122
36947,70
36948,86
36949,93
36950,104
36951,77
36952,105
36953,128
36954,136
36955,153
36956,148
36957,83
36958,74
36959,118
36960,108
36961,104
36962,109
36963,129
36964,86
36965,110
36966,94
36967,100
36968,119
36969,82
36970,71
36971,87
36972,121
36973,65
36974,133
36975,121
36976,83
36977,125
36978,110
36979,148
36980,90
36981,98
36982,130
36983,112
36984,163
36985,70
36986,104
36987,144
36988,85
36989,102
36990,91
36991,117
36992,112
36993,91
36994,127
36995,172
36996,84
36997,116
36998,106
36999,137
37000,53
37001,103
37002,138
37003,115
37004,122
37005,81
37006,94
37007,113
37008,100
37009,88
37010,147
37011,122
37012,112
37013,31
37014,87
37015,98
37016,54
37017,123
37018,120
37019,148
37020,99
37021,68
37022,104
37023,93
37024,105
37025,138
37026,89
37027,114
37028,114
37029,82
37030,77
37031,157
37032,74
37033,149
37034,75
37035,177
37036,128
37037,123
37038,114
37039,135
37040,104
37041,177
37042,56
37043,115
37044,40
37045,68
37046,97
37047,155
37048,111
37049,55
37050,74
37051,76
37052,100
37053,96
37054,83
37055,104
37056,74
37057,97
37058,75
37059,120
37060,116
37061,72
37062,119
37063,110
37064,68
37065,146
37066,124
37067,99
37068,95
37069,122
37070,89
37071,110
37072,90
37073,92
37074,136
37075,165
37076,96
37077,87
37078,112
37079,131
37080,102
37081,102
37082,141
37083,144
37084,90
37085,138
37086,153
37087,80
37088,115
37089,119
37090,110
37091,90
37092,111
37093,162
37094,119
37095,108
37096,126
37097,167
37098,78
37099,177
37100,115
37101,105
37102,133
37103,124
37104,78
37105,78
37106,99
37107,109
37108,89
37109,43
37110,84
37111,79
37112,129
37113,98
37114,134
37115,115
37116,106
37117,91
37118,58
37119,117
37120,75
37121,87
37122,119
37123,84
37124,108
37125,50
37126,57
37127,172
37128,141
37129,136
37130,87
37131,95
37132,110
37133,78
37134,86
37135,155
37136,107
37137,96
37138,81
37139,121
37140,100
37141,115
37142,111
37143,129
37144,100
37145,91
37146,109
37147,104
37148,86
37149,120
37150,115
37151,126
37152,94
37153,178
37154,125
37155,94
37156,74
37157,100
37158,149
37159,122
37160,135
37161,143
37162,128
37163,118
37164,88
37165,82
37166,64
37167,87
37168,116
37169,135
37170,98
37171,123
37172,56
37173,82
37174,89
37175,124
37176,83
37177,100
37178,112
37179,152
37180,103
37181,97
37182,133
37183,106
37184,161
37185,131
37186,132
37187,113
37188,98
37189,100
37190,116
37191,94
37192,108
37193,106
37194,88
37195,94
37196,103
37197,107
37198,142
37199,100
37200,135
37201,55
37202,98
37203,136
37204,81
37205,97
37206,80
37207,112
37208,97
37209,121
37210,99
37211,116
37212,118
37213,91
37214,85
37215,69
37216,108
37217,78
37218,112
37219,149
37220,98
37221,157
37222,82
37223,150
37224,144
37225,104
37226,47
37227,73
37228,76
37229,84
37230,96
37231,45
37232,99
37233,43
37234,119
37235,117
37236,78
37237,128
37238,132
37239,81
37240,98
37241,26
37242,131
37243,154
37244,126
37245,101
37246,115
37247,145
37248,99
37249,83
37250,74
37251,123
37252,86
37253,164
37254,62
37255,93
37256,140
37257,82
37258,100
37259,130
37260,126
37261,101
37262,97
37263,109
37264,140
37265,112
37266,100
37267,109
37268,103
37269,128
37270,117
37271,92
37272,101
37273,103
37274,112
37275,103
37276,112
37277,89
37278,104
37279,93
37280,111
37281,131
37282,107
37283,105
37284,188
37285,101
37286,112
37287,95
37288,109
37289,64
37290,117
37291,87
37292,140
37293,120
37294,124
37295,88
37296,47
37297,133
37298,146
37299,102
37300,125
37301,118
37302,113
37303,113
37304,95
37305,131
37306,85
37307,137
37308,100
37309,146
37310,102
37311,107
37312,135
37313,120
37314,46
37315,131
37316,115
37317,111
37318,93
37319,134
37320,27
37321,54
37322,72
37323,136
37324,118
37325,64
37326,76
37327,100
37328,118
37329,99
37330,88
37331,114
37332,97
37333,115
37334,139
37335,102
37336,79
37337,117
37338,126
37339,118
37340,96
37341,126
37342,92
37343,97
37344,91
37345,106
37346,82
37347,142
37348,100
37349,113
37350,108
37351,89
37352,98
37353,112
37354,151
37355,112
37356,116
37357,154
37358,111
37359,87
37360,99
37361,119
37362,103
37363,159
37364,167
37365,136
37366,74
37367,147
37368,119
37369,110
37370,114
37371,124
37372,68
37373,120
37374,63
37375,109
37376,144
37377,95
37378,115
37379,148
37380,125
37381,167
37382,148
37383,53
37384,100
37385,68
37386,121
37387,104
37388,120
37389,139
37390,119
37391,84
37392,128
37393,170
37394,114
37395,127
37396,118
37397,99
37398,131
37399,110
37400,100
37401,94
37402,134
37403,125
37404,117
37405,169
37406,133
37407,81
37408,121
37409,73
37410,107
37411,132
37412,88
37413,75
37414,152
37415,142
37416,135
37417,129
37418,121
37419,130
37420,138
37421,154
37422,92
37423,123
37424,95
37425,153
37426,101
37427,113
37428,113
37429,115
37430,94
37431,99
37432,132
37433,120
37434,81
37435,119
37436,110
37437,125
37438,96
37439,92
37440,71
37441,146
37442,87
37443,96
37444,120
37445,130
37446,115
37447,143
37448,147
37449,160
37450,76
37451,122
37452,92
37453,114
37454,115
37455,132
37456,73
37457,79
37458,99
37459,108
37460,164
37461,100
37462,105
37463,117
37464,124
37465,42
37466,92
37467,118
37468,115
37469,111
37470,122
37471,92
37472,114
37473,91
37474,89
37475,103
37476,96
37477,91
37478,100
37479,114
37480,97
37481,165
37482,171
37483,83
37484,92
37485,96
37486,76
37487,138
37488,92
37489,105
37490,109
37491,47
37492,96
37493,117
37494,166
37495,121
37496,127
37497,157
37498,152
37499,146
37500,141
37501,108
37502,120
37503,156
37504,127
37505,100
37506,55
37507,107
37508,100
37509,121
37510,117
37511,101
37512,88
37513,86
37514,96
37515,81
37516,172
37517,149
37518,114
37519,98
37520,88
37521,114
37522,83
37523,31
37524,134
37525,134
37526,93
37527,93
37528,91
37529,108
37530,78
37531,96
37532,119
37533,130
37534,118
37535,105
37536,94
37537,123
37538,117
37539,94
37540,70
37541,126
37542,147
37543,97
37544,106
37545,87
37546,135
37547,150
37548,141
37549,172
37550,133
37551,97
37552,76
37553,113
37554,118
37555,133
37556,141
37557,97
37558,99
37559,87
37560,93
37561,129
37562,106
37563,106
37564,174
37565,104
37566,144
37567,104
37568,94
37569,88
37570,109
37571,132
37572,115
37573,93
37574,126
37575,134
37576,119
37577,151
37578,100
37579,144
37580,100
37581,126
37582,165
37583,95
37584,114
37585,155
37586,130
37587,87
37588,99
37589,104
37590,119
37591,119
37592,108
37593,112
37594,110
37595,87
37596,95
37597,156
37598,140
37599,112
37600,132
37601,117
37602,135
37603,82
37604,101
37605,104
37606,130
37607,117
37608,113
37609,112
37610,78
37611,169
37612,124
37613,98
37614,40
37615,139
37616,93
37617,166
37618,137
37619,110
37620,77
37621,114
37622,87
37623,142
37624,110
37625,79
37626,93
37627,131
37628,100
37629,103
37630,136
37631,142
37632,75
37633,118
37634,86
37635,122
37636,112
37637,99
37638,99
37639,134
37640,22
37641,93
37642,101
37643,150
37644,108
37645,44
37646,51
37647,107
37648,115
37649,134
37650,135
37651,120
37652,92
37653,165
37654,72
37655,74
37656,129
37657,127
37658,82
37659,138
37660,68
37661,108
37662,132
37663,107
37664,96
37665,139
37666,126
37667,105
37668,92
37669,113
37670,106
37671,87
37672,126
37673,86
37674,131
37675,134
37676,118
37677,101
37678,83
37679,119
37680,138
37681,95
37682,96
37683,112
37684,110
37685,111
37686,128
37687,104
37688,106
37689,94
37690,182
37691,122
37692,100
37693,92
37694,107
37695,151
37696,123
37697,124
37698,77
37699,101
37700,122
37701,138
37702,150
37703,114
37704,94
37705,27
37706,135
37707,102
37708,97
37709,117
37710,106
37711,116
37712,140
37713,123
37714,172
37715,120
37716,132
37717,125
37718,93
37719,100
37720,85
37721,108
37722,36
37723,136
37724,110
37725,120
37726,166
37727,105
37728,106
37729,87
37730,109
37731,116
37732,83
37733,124
37734,111
37735,141
37736,106
37737,144
37738,110
37739,139
37740,104
37741,98
37742,97
37743,85
37744,128
37745,85
37746,184
37747,87
37748,100
37749,120
37750,117
37751,134
37752,96
37753,105
37754,167
37755,45
37756,63
37757,54
37758,70
37759,87
37760,136
37761,79
37762,93
37763,116
37764,97
37765,123
37766,96
37767,71
37768,76
37769,116
37770,93
37771,133
37772,96
37773,107
37774,147
37775,90
37776,120
37777,105
37778,88
37779,132
37780,114
37781,69
37782,166
37783,107
37784,99
37785,115
37786,102
37787,86
37788,134
37789,84
37790,104
37791,65
37792,101
37793,141
37794,63
37795,122
37796,104
37797,116
37798,112
37799,104
37800,107
37801,103
37802,98
37803,86
37804,81
37805,121
37806,109
37807,95
37808,88
37809,129
37810,93
37811,105
37812,96
37813,95
37814,133
37815,115
37816,45
37817,83
37818,102
37819,114
37820,127
37821,149
37822,111
37823,105
37824,118
37825,100
37826,151
37827,73
37828,108
37829,112
37830,122
37831,102
37832,136
37833,133
37834,196
37835,120
37836,79
37837,113
37838,107
37839,88
37840,121
37841,88
37842,91
37843,95
37844,131
37845,119
37846,108
37847,118
37848,95
37849,128
37850,163
37851,147
37852,96
37853,59
37854,79
37855,181
37856,125
37857,82
37858,76
37859,114
37860,151
37861,145
37862,120
37863,118
37864,94
37865,121
37866,70
37867,114
37868,112
37869,122
37870,126
37871,105
37872,150
37873,115
37874,150
37875,100
37876,88
37877,115
37878,124
37879,113
37880,87
37881,125
37882,91
37883,96
37884,116
37885,122
37886,103
37887,107
37888,81
37889,157
37890,103
37891,118
37892,71
37893,137
37894,98
37895,104
37896,116
37897,171
37898,146
37899,106
37900,102
37901,108
37902,79
37903,100
37904,117
37905,50
37906,120
37907,121
37908,87
37909,155
37910,102
37911,148
37912,91
37913,125
37914,139
37915,111
37916,96
37917,107
37918,92
37919,129
37920,82
37921,46
37922,86
37923,119
37924,103
37925,142
37926,85
37927,141
37928,106
37929,138
37930,78
37931,83
37932,99
37933,94
37934,122
37935,115
37936,87
37937,98
37938,123
37939,134
37940,114
37941,93
37942,91
37943,128
37944,136
37945,109
37946,115
37947,128
37948,131
37949,136
37950,60
37951,64
37952,112
37953,145
37954,118
37955,134
37956,126
37957,128
37958,146
37959,121
37960,93
37961,71
37962,91
37963,132
37964,146
37965,91
37966,55
37967,139
37968,113
37969,100
37970,126
37971,138
37972,88
37973,104
37974,118
37975,127
37976,63
37977,90
37978,80
37979,126
37980,97
37981,123
37982,103
37983,89
37984,104
37985,134
37986,74
37987,100
37988,96
37989,112
37990,84
37991,102
37992,119
37993,114
37994,129
37995,122
37996,32
37997,94
37998,79
37999,130
38000,107
38001,122
38002,147
38003,82
38004,46
38005,101
38006,73
38007,125
38008,61
38009,142
38010,92
38011,86
38012,133
38013,77
38014,122
38015,99
38016,86
38017,113
38018,104
38019,105
38020,89
38021,128
38022,112
38023,121
38024,125
38025,103
38026,107
38027,124
38028,94
38029,78
38030,97
38031,92
38032,162
38033,83
38034,91
38035,151
38036,89
38037,82
38038,134
38039,116
38040,95
38041,110
38042,106
38043,139
38044,126
38045,46
38046,92
38047,77
38048,126
38049,108
38050,108
38051,112
38052,71
38053,83
38054,89
38055,124
38056,114
38057,126
38058,111
38059,166
38060,114
38061,94
38062,123
38063,105
38064,82
38065,102
38066,139
38067,177
38068,86
38069,144
38070,169
38071,157
38072,81
38073,90
38074,114
38075,67
38076,46
38077,125
38078,82
38079,169
38080,183
38081,103
38082,188
38083,97
38084,98
38085,129
38086,78
38087,105
38088,114
38089,143
38090,77
38091,103
38092,112
38093,150
38094,96
38095,110
38096,76
38097,131
38098,163
38099,103
38100,96
38101,106
38102,90
38103,132
38104,102
38105,85
38106,136
38107,117
38108,122
38109,100
38110,88
38111,89
38112,129
38113,106
38114,150
38115,131
38116,119
38117,129
38118,68
38119,118
38120,111
38121,163
38122,114
38123,100
38124,135
38125,75
38126,136
38127,119
38128,130
38129,105
38130,161
38131,138
38132,131
38133,140
38134,112
38135,84
38136,110
38137,126
38138,83
38139,107
38140,102
38141,89
38142,100
38143,113
38144,132
38145,119
38146,138
38147,119
38148,98
38149,106
38150,136
38151,117
38152,95
38153,101
38154,33
38155,127
38156,171
38157,73
38158,77
38159,121
38160,108
38161,114
38162,94
38163,155
38164,127
38165,125
38166,110
38167,109
38168,94
38169,129
38170,117
38171,147
38172,132
38173,159
38174,81
38175,126
38176,64
38177,106
38178,106
38179,103
38180,106
38181,95
38182,118
38183,135
38184,150
38185,175
38186,112
38187,94
38188,85
38189,85
38190,78
38191,128
38192,111
38193,80
38194,100
38195,124
38196,100
38197,94
38198,105
38199,98
38200,110
38201,111
38202,96
38203,121
38204,85
38205,129
38206,152
38207,104
38208,66
38209,116
38210,133
38211,128
38212,88
38213,156
38214,125
38215,126
38216,133
38217,55
38218,90
38219,69
38220,94
38221,120
38222,119
38223,101
38224,116
38225,92
38226,99
38227,95
38228,127
38229,86
38230,107
38231,88
38232,118
38233,121
38234,121
38235,99
38236,99
38237,101
38238,88
38239,112
38240,107
38241,92
38242,89
38243,123
38244,92
38245,100
38246,110
38247,78
38248,112
38249,125
38250,99
38251,100
38252,48
38253,101
38254,88
38255,119
38256,103
38257,90
38258,98
38259,110
38260,115
38261,106
38262,147
38263,89
38264,117
38265,138
38266,76
38267,137
38268,117
38269,114
38270,109
38271,94
38272,119
38273,122
38274,98
38275,131
38276,136
38277,114
38278,83
38279,124
38280,22
38281,80
38282,115
38283,101
38284,117
38285,110
38286,157
38287,109
38288,119
38289,105
38290,114
38291,163
38292,109
38293,121
38294,107
38295,142
38296,90
38297,116
38298,132
38299,101
38300,119
38301,107
38302,80
38303,79
38304,108
38305,146
38306,117
38307,115
38308,165
38309,115
38310,85
38311,120
38312,119
38313,127
38314,60
38315,151
38316,119
38317,120
38318,79
38319,109
38320,123
38321,138
38322,140
38323,104
38324,70
38325,113
38326,83
38327,63
38328,127
38329,138
38330,104
38331,166
38332,124
38333,92
38334,112
38335,132
38336,120
38337,147
38338,147
38339,114
38340,142
38341,117
38342,133
38343,109
38344,116
38345,143
38346,110
38347,122
38348,152
38349,109
38350,103
38351,95
38352,113
38353,100
38354,118
38355,95
38356,134
38357,88
38358,123
38359,90
38360,111
38361,84
38362,155
38363,84
38364,145
38365,113
38366,93
38367,27
38368,145
38369,137
38370,79
38371,70
38372,126
38373,101
38374,44
38375,115
38376,107
38377,129
38378,139
38379,71
38380,125
38381,137
38382,95
38383,88
38384,113
38385,118
38386,148
38387,79
38388,107
38389,79
38390,114
38391,105
38392,149
38393,103
38394,113
38395,113
38396,118
38397,131
38398,116
38399,87
38400,87
38401,85
38402,114
38403,80
38404,101
38405,77
38406,131
38407,83
38408,135
38409,97
38410,100
38411,69
38412,76
38413,98
38414,114
38415,101
38416,101
38417,142
38418,42
38419,58
38420,153
38421,114
38422,125
38423,101
38424,111
38425,39
38426,73
38427,147
38428,97
38429,96
38430,89
38431,85
38432,92
38433,103
38434,102
38435,73
38436,99
38437,73
38438,101
38439,119
38440,109
38441,112
38442,147
38443,97
38444,106
38445,113
38446,176
38447,94
38448,82
38449,104
38450,112
38451,108
38452,113
38453,111
38454,82
38455,100
38456,116
38457,68
38458,81
38459,112
38460,101
38461,34
38462,113
38463,110
38464,108
38465,122
38466,101
38467,128
38468,103
38469,108
38470,97
38471,104
38472,125
38473,158
38474,97
38475,191
38476,77
38477,97
38478,84
38479,89
38480,91
38481,82
38482,141
38483,122
38484,82
38485,90
38486,112
38487,154
38488,89
38489,81
38490,108
38491,65
38492,103
38493,88
38494,117
38495,91
38496,97
38497,128
38498,87
38499,89
38500,137
38501,98
38502,101
38503,89
38504,137
38505,116
38506,140
38507,86
38508,107
38509,128
38510,111
38511,109
38512,142
38513,89
38514,97
38515,103
38516,130
38517,123
38518,135
38519,88
38520,68
38521,119
38522,80
38523,108
38524,126
38525,116
38526,156
38527,80
38528,114
38529,114
38530,88
38531,77
38532,110
38533,111
38534,113
38535,73
38536,147
38537,133
38538,96
38539,91
38540,108
38541,97
38542,92
38543,103
38544,104
38545,92
38546,105
38547,88
38548,139
38549,103
38550,58
38551,121
38552,78
38553,117
38554,111
38555,155
38556,79
38557,145
38558,93
38559,80
38560,124
38561,99
38562,88
38563,79
38564,155
38565,109
38566,83
38567,124
38568,98
38569,53
38570,96
38571,150
38572,135
38573,100
38574,120
38575,121
38576,96
38577,112
38578,140
38579,61
38580,110
38581,102
38582,91
38583,96
38584,73
38585,76
38586,66
38587,72
38588,115
38589,98
38590,123
38591,111
38592,70
38593,75
38594,101
38595,84
38596,124
38597,153
38598,98
38599,106
38600,131
38601,104
38602,150
38603,75
38604,86
38605,156
38606,125
38607,87
38608,130
38609,99
38610,89
38611,77
38612,130
38613,97
38614,106
38615,142
38616,106
38617,137
38618,119
38619,114
38620,128
38621,93
38622,110
38623,95
38624,125
38625,130
38626,132
38627,123
38628,94
38629,148
38630,88
38631,130
38632,84
38633,113
38634,141
38635,154
38636,100
38637,146
38638,81
38639,145
38640,139
38641,129
38642,48
38643,107
38644,112
38645,112
38646,97
38647,159
38648,91
38649,130
38650,107
38651,85
38652,117
38653,125
38654,151
38655,109
38656,81
38657,115
38658,109
38659,98
38660,116
38661,96
38662,91
38663,121
38664,114
38665,142
38666,106
38667,128
38668,91
38669,27
38670,72
38671,90
38672,107
38673,89
38674,101
38675,86
38676,130
38677,49
38678,79
38679,101
38680,121
38681,106
38682,114
38683,132
38684,132
38685,102
38686,112
38687,179
38688,116
38689,113
38690,128
38691,128
38692,114
38693,104
38694,144
38695,98
38696,156
38697,79
38698,146
38699,72
38700,74
38701,127
38702,107
38703,91
38704,106
38705,129
38706,94
38707,113
38708,79
38709,120
38710,103
38711,120
38712,84
38713,99
38714,88
38715,124
38716,128
38717,75
38718,63
38719,147
38720,159
38721,99
38722,128
38723,62
38724,75
38725,114
38726,112
38727,107
38728,86
38729,140
38730,163
38731,95
38732,87
38733,72
38734,160
38735,136
38736,113
38737,70
38738,114
38739,106
38740,119
38741,114
38742,104
38743,115
38744,129
38745,104
38746,105
38747,71
38748,95
38749,165
38750,65
38751,94
38752,115
38753,160
38754,138
38755,80
38756,158
38757,125
38758,99
38759,48
38760,109
38761,118
38762,120
38763,115
38764,91
38765,96
38766,174
38767,108
38768,127
38769,151
38770,96
38771,92
38772,95
38773,111
38774,101
38775,110
38776,124
38777,94
38778,118
38779,106
38780,144
38781,134
38782,95
38783,72
38784,119
38785,127
38786,102
38787,107
38788,129
38789,78
38790,139
38791,107
38792,158
38793,97
38794,100
38795,155
38796,121
38797,107
38798,195
38799,70
38800,90
38801,129
38802,113
38803,110
38804,119
38805,116
38806,110
38807,126
38808,65
38809,113
38810,139
38811,106
38812,112
38813,118
38814,76
38815,152
38816,106
38817,84
38818,93
38819,104
38820,115
38821,145
38822,136
38823,117
38824,107
38825,100
38826,117
38827,146
38828,157
38829,102
38830,132
38831,131
38832,49
38833,106
38834,134
38835,81
38836,75
38837,112
38838,86
38839,111
38840,144
38841,79
38842,71
38843,87
38844,91
38845,134
38846,153
38847,166
38848,129
38849,71
38850,76
38851,177
38852,92
38853,95
38854,119
38855,132
38856,70
38857,165
38858,129
38859,126
38860,109
38861,115
38862,115
38863,106
38864,113
38865,187
38866,104
38867,133
38868,86
38869,92
38870,116
38871,79
38872,85
38873,118
38874,154
38875,74
38876,108
38877,105
38878,110
38879,106
38880,109
38881,127
38882,59
38883,120
38884,116
38885,124
38886,99
38887,127
38888,112
38889,87
38890,140
38891,122
38892,112
38893,65
38894,105
38895,63
38896,77
38897,143
38898,94
38899,100
38900,159
38901,137
38902,101
38903,86
38904,128
38905,147
38906,124
38907,92
38908,110
38909,91
38910,80
38911,143
38912,81
38913,94
38914,164
38915,110
38916,66
38917,96
38918,106
38919,110
38920,123
38921,87
38922,124
38923,146
38924,106
38925,114
38926,94
38927,101
38928,131
38929,101
38930,121
38931,76
38932,134
38933,139
38934,89
38935,104
38936,53
38937,94
38938,33
38939,122
38940,106
38941,127
38942,126
38943,102
38944,25
38945,133
38946,121
38947,134
38948,87
38949,119
38950,77
38951,149
38952,107
38953,64
38954,110
38955,106
38956,145
38957,80
38958,133
38959,97
38960,71
38961,102
38962,126
38963,121
38964,95
38965,101
38966,93
38967,123
38968,123
38969,121
38970,90
38971,115
38972,77
38973,139
38974,154
38975,108
38976,134
38977,126
38978,137
38979,96
38980,149
38981,121
38982,118
38983,110
38984,117
38985,75
38986,100
38987,107
38988,103
38989,96
38990,100
38991,120
38992,119
38993,103
38994,87
38995,92
38996,166
38997,105
38998,118
38999,97
39000,106
39001,113
39002,36
39003,139
39004,115
39005,105
39006,169
39007,124
39008,103
39009,133
39010,93
39011,101
39012,114
39013,168
39014,70
39015,106
39016,90
39017,124
39018,143
39019,99
39020,94
39021,126
39022,137
39023,108
39024,82
39025,131
39026,124
39027,114
39028,117
39029,106
39030,104
39031,114
39032,175
39033,28
39034,153
39035,75
39036,78
39037,117
39038,91
39039,134
39040,104
39041,99
39042,126
39043,111
39044,120
39045,118
39046,113
39047,133
39048,134
39049,132
39050,72
39051,72
39052,108
39053,98
39054,143
39055,99
39056,74
39057,130
39058,139
39059,94
39060,122
39061,124
39062,82
39063,99
39064,87
39065,88
39066,98
39067,105
39068,60
39069,133
39070,109
39071,131
39072,115
39073,114
39074,54
39075,166
39076,118
39077,110
39078,117
39079,99
39080,117
39081,117
39082,130
39083,92
39084,107
39085,113
39086,86
39087,110
39088,95
39089,94
39090,117
39091,126
39092,127
39093,106
39094,95
39095,56
39096,93
39097,127
39098,120
39099,103
39100,101
39101,92
39102,106
39103,79
39104,99
39105,139
39106,110
39107,91
39108,126
39109,87
39110,125
39111,109
39112,69
39113,158
39114,121
39115,144
39116,117
39117,124
39118,156
39119,142
39120,79
39121,84
39122,117
39123,104
39124,90
39125,115
39126,98
39127,107
39128,99
39129,107
39130,125
39131,131
39132,140
39133,95
39134,113
39135,123
39136,118
39137,134
39138,125
39139,134
39140,125
39141,80
39142,164
39143,104
39144,156
39145,113
39146,92
39147,75
39148,117
39149,136
39150,83
39151,118
39152,100
39153,108
39154,75
39155,109
39156,55
39157,145
39158,148
39159,148
39160,107
39161,135
39162,140
39163,113
39164,105
39165,134
39166,109
39167,87
39168,109
39169,95
39170,120
39171,105
39172,160
39173,110
39174,52
39175,72
39176,135
39177,119
39178,109
39179,125
39180,121
39181,152
39182,41
39183,117
39184,82
39185,129
39186,150
39187,100
39188,76
39189,141
39190,130
39191,115
39192,98
39193,122
39194,104
39195,173
39196,124
39197,95
39198,103
39199,147
39200,109
39201,114
39202,104
39203,144
39204,90
39205,122
39206,113
39207,130
39208,80
39209,99
39210,119
39211,142
39212,66
39213,135
39214,107
39215,152
39216,97
39217,83
39218,86
39219,92
39220,139
39221,130
39222,103
39223,109
39224,132
39225,92
39226,100
39227,132
39228,78
39229,116
39230,137
39231,127
39232,86
39233,115
39234,103
39235,133
39236,108
39237,141
39238,114
39239,149
39240,116
39241,141
39242,115
39243,132
39244,118
39245,119
39246,140
39247,89
39248,146
39249,142
39250,139
39251,169
39252,127
39253,104
39254,145
39255,91
39256,106
39257,92
39258,69
39259,104
39260,112
39261,86
39262,75
39263,117
39264,73
39265,103
39266,167
39267,104
39268,97
39269,97
39270,105
39271,87
39272,96
39273,111
39274,85
39275,158
39276,132
39277,103
39278,105
39279,138
39280,119
39281,84
39282,87
39283,26
39284,152
39285,164
39286,122
39287,97
39288,104
39289,121
39290,116
39291,111
39292,102
39293,77
39294,124
39295,116
39296,98
39297,122
39298,69
39299,88
39300,112
39301,146
39302,102
39303,147
39304,138
39305,151
39306,86
39307,116
39308,110
39309,154
39310,106
39311,79
39312,81
39313,116
39314,95
39315,127
39316,78
39317,116
39318,122
39319,145
39320,95
39321,91
39322,79
39323,107
39324,105
39325,103
39326,123
39327,75
39328,98
39329,78
39330,53
39331,109
39332,118
39333,94
39334,91
39335,109
39336,123
39337,117
39338,110
39339,104
39340,97
39341,128
39342,102
39343,115
39344,119
39345,121
39346,95
39347,122
39348,142
39349,108
39350,121
39351,83
39352,122
39353,103
39354,100
39355,68
39356,96
39357,106
39358,138
39359,76
39360,90
39361,113
39362,88
39363,97
39364,115
39365,76
39366,117
39367,79
39368,101
39369,114
39370,110
39371,100
39372,116
39373,103
39374,100
39375,92
39376,100
39377,51
39378,103
39379,171
39380,92
39381,87
39382,128
39383,92
39384,73
39385,109
39386,109
39387,84
39388,81
39389,119
39390,119
39391,86
39392,114
39393,132
39394,105
39395,114
39396,115
39397,116
39398,105
39399,156
39400,113
39401,103
39402,47
39403,142
39404,81
39405,102
39406,82
39407,108
39408,123
39409,124
39410,121
39411,97
39412,95
39413,77
39414,79
39415,115
39416,126
39417,99
39418,105
39419,126
39420,92
39421,95
39422,118
39423,183
39424,124
39425,111
39426,128
39427,84
39428,100
39429,80
39430,116
39431,98
39432,95
39433,162
39434,99
39435,121
39436,111
39437,120
39438,114
39439,90
39440,101
39441,92
39442,105
39443,136
39444,95
39445,150
39446,98
39447,119
39448,101
39449,86
39450,111
39451,104
39452,178
39453,145
39454,85
39455,121
39456,109
39457,119
39458,96
39459,113
39460,164
39461,131
39462,79
39463,84
39464,129
39465,131
39466,131
39467,87
39468,116
39469,118
39470,98
39471,88
39472,109
39473,102
39474,82
39475,91
39476,122
39477,140
39478,141
39479,120
39480,103
39481,107
39482,121
39483,81
39484,152
39485,101
39486,104
39487,97
39488,110
39489,113
39490,102
39491,110
39492,102
39493,91
39494,107
39495,98
39496,130
39497,102
39498,110
39499,30
39500,129
39501,73
39502,43
39503,113
39504,100
39505,93
39506,133
39507,125
39508,165
39509,105
39510,121
39511,80
39512,133
39513,106
39514,93
39515,156
39516,91
39517,149
39518,114
39519,104
39520,97
39521,114
39522,121
39523,116
39524,121
39525,97
39526,112
39527,103
39528,135
39529,95
39530,137
39531,77
39532,109
39533,94
39534,100
39535,97
39536,87
39537,134
39538,68
39539,122
39540,119
39541,123
39542,100
39543,132
39544,110
39545,161
39546,136
39547,114
39548,124
39549,62
39550,127
39551,141
39552,163
39553,103
39554,86
39555,97
39556,111
39557,130
39558,85
39559,125
39560,154
39561,110
39562,131
39563,109
39564,137
39565,32
39566,119
39567,126
39568,128
39569,159
39570,84
39571,124
39572,129
39573,95
39574,112
39575,105
39576,100
39577,85
39578,102
39579,105
39580,111
39581,79
39582,138
39583,147
39584,101
39585,69
39586,93
39587,147
39588,75
39589,142
39590,102
39591,71
39592,103
39593,95
39594,123
39595,105
39596,140
39597,130
39598,112
39599,115
39600,158
39601,101
39602,104
39603,76
39604,46
39605,113
39606,142
39607,75
39608,145
39609,107
39610,103
39611,88
39612,93
39613,127
39614,113
39615,102
39616,124
39617,108
39618,182
39619,83
39620,106
39621,115
39622,135
39623,136
39624,110
39625,103
39626,114
39627,94
39628,135
39629,134
39630,82
39631,139
39632,114
39633,74
39634,86
39635,138
39636,99
39637,111
39638,112
39639,107
39640,79
39641,97
39642,140
39643,88
39644,104
39645,113
39646,155
39647,95
39648,125
39649,99
39650,123
39651,112
39652,72
39653,121
39654,134
39655,151
39656,84
39657,35
39658,121
39659,111
39660,111
39661,139
39662,110
39663,164
39664,164
39665,119
39666,126
39667,100
39668,109
39669,111
39670,112
39671,113
39672,117
39673,89
39674,59
39675,79
39676,117
39677,110
39678,135
39679,152
39680,98
39681,158
39682,113
39683,99
39684,106
39685,86
39686,93
39687,136
39688,136
39689,146
39690,108
39691,148
39692,78
39693,165
39694,46
39695,111
39696,105
39697,74
39698,97
39699,64
39700,122
39701,51
39702,64
39703,193
39704,82
39705,56
39706,105
39707,80
39708,95
39709,161
39710,110
39711,68
39712,99
39713,120
39714,117
39715,119
39716,112
39717,123
39718,101
39719,134
39720,177
39721,87
39722,111
39723,82
39724,100
39725,26
39726,96
39727,156
39728,120
39729,105
39730,111
39731,133
39732,93
39733,125
39734,90
39735,75
39736,105
39737,103
39738,113
39739,92
39740,90
39741,154
39742,123
39743,163
39744,74
39745,91
39746,112
39747,115
39748,82
39749,107
39750,90
39751,120
39752,86
39753,95
39754,80
39755,118
39756,108
39757,29
39758,95
39759,71
39760,146
39761,96
39762,143
39763,144
39764,110
39765,107
39766,115
39767,116
39768,114
39769,103
39770,150
39771,91
39772,135
39773,81
39774,140
39775,160
39776,142
39777,48
39778,114
39779,132
39780,115
39781,92
39782,116
39783,104
39784,117
39785,94
39786,116
39787,128
39788,150
39789,129
39790,126
39791,95
39792,100
39793,122
39794,121
39795,107
39796,67
39797,76
39798,126
39799,155
39800,127
39801,115
39802,97
39803,152
39804,147
39805,38
39806,58
39807,70
39808,52
39809,41
39810,121
39811,107
39812,116
39813,111
39814,82
39815,113
39816,95
39817,111
39818,152
39819,113
39820,108
39821,120
39822,107
39823,150
39824,49
39825,135
39826,86
39827,91
39828,64
39829,120
39830,77
39831,98
39832,93
39833,107
39834,118
39835,82
39836,91
39837,128
39838,106
39839,126
39840,57
39841,124
39842,105
39843,60
39844,130
39845,115
39846,114
39847,94
39848,117
39849,36
39850,114
39851,93
39852,96
39853,57
39854,101
39855,82
39856,96
39857,160
39858,107
39859,111
39860,93
39861,106
39862,108
39863,132
39864,88
39865,23
39866,114
39867,99
39868,147
39869,105
39870,139
39871,87
39872,105
39873,124
39874,119
39875,100
39876,81
39877,98
39878,70
39879,159
39880,132
39881,89
39882,113
39883,79
39884,148
39885,82
39886,103
39887,62
39888,104
39889,111
39890,102
39891,124
39892,157
39893,110
39894,96
39895,126
39896,80
39897,110
39898,90
39899,138
39900,101
39901,90
39902,117
39903,140
39904,108
39905,103
39906,107
39907,125
39908,94
39909,124
39910,154
39911,111
39912,85
39913,69
39914,92
39915,104
39916,120
39917,140
39918,62
39919,152
39920,130
39921,85
39922,125
39923,86
39924,115
39925,159
39926,135
39927,130
39928,135
39929,144
39930,123
39931,139
39932,149
39933,178
39934,143
39935,108
39936,121
39937,101
39938,126
39939,133
39940,73
39941,137
39942,82
39943,101
39944,102
39945,101
39946,144
39947,84
39948,114
39949,112
39950,79
39951,71
39952,74
39953,60
39954,120
39955,91
39956,105
39957,111
39958,136
39959,99
39960,129
39961,100
39962,95
39963,98
39964,98
39965,136
39966,99
39967,97
39968,64
39969,105
39970,130
39971,148
39972,135
39973,143
39974,126
39975,91
39976,112
39977,92
39978,109
39979,148
39980,100
39981,65
39982,103
39983,95
39984,122
39985,106
39986,111
39987,111
39988,143
39989,88
39990,121
39991,137
39992,108
39993,120
39994,152
39995,133
39996,92
39997,110
39998,117
39999,86
40000,85
40001,89
40002,85
40003,169
40004,38
40005,119
40006,93
40007,93
40008,133
40009,79
40010,87
40011,121
40012,93
40013,122
40014,113
40015,132
40016,47
40017,151
40018,103
40019,86
40020,108
40021,101
40022,111
40023,96
40024,82
40025,109
40026,74
40027,92
40028,101
40029,67
40030,121
40031,148
40032,118
40033,97
40034,128
40035,121
40036,96
40037,142
40038,118
40039,97
40040,90
40041,98
40042,111
40043,126
40044,90
40045,111
40046,116
40047,24
40048,135
40049,114
40050,79
40051,107
40052,95
40053,103
40054,130
40055,74
40056,144
40057,116
40058,88
40059,70
40060,132
40061,122
40062,129
40063,115
40064,95
40065,118
40066,72
40067,144
40068,113
40069,102
40070,125
40071,115
40072,96
40073,100
40074,109
40075,85
40076,141
40077,95
40078,84
40079,108
40080,95
40081,87
40082,52
40083,113
40084,124
40085,116
40086,86
40087,128
40088,119
40089,105
40090,119
40091,90
40092,93
40093,34
40094,90
40095,80
40096,166
40097,127
40098,118
40099,96
40100,87
40101,118
40102,129
40103,135
40104,132
40105,140
40106,116
40107,73
40108,83
40109,67
40110,145
40111,96
40112,115
40113,72
40114,120
40115,171
40116,142
40117,88
40118,124
40119,108
40120,31
40121,57
40122,104
40123,108
40124,122
40125,95
40126,189
40127,84
40128,85
40129,90
40130,111
40131,70
40132,131
40133,103
40134,107
40135,109
40136,87
40137,133
40138,105
40139,88
40140,105
40141,82
40142,157
40143,106
40144,81
40145,91
40146,107
40147,80
40148,112
40149,112
40150,116
40151,78
40152,101
40153,113
40154,127
40155,105
40156,109
40157,69
40158,131
40159,134
40160,88
40161,87
40162,143
40163,83
40164,117
40165,120
40166,91
40167,180
40168,130
40169,60
40170,113
40171,126
40172,121
40173,116
40174,163
40175,130
40176,126
40177,103
40178,98
40179,98
40180,157
40181,126
40182,124
40183,66
40184,117
40185,147
40186,80
40187,140
40188,120
40189,116
40190,128
40191,121
40192,102
40193,75
40194,155
40195,116
40196,109
40197,103
40198,69
40199,154
40200,134
40201,167
40202,66
40203,102
40204,130
40205,143
40206,121
40207,125
40208,122
40209,100
40210,120
40211,109
40212,23
40213,103
40214,102
40215,91
40216,131
40217,106
40218,46
40219,112
40220,93
40221,146
40222,99
40223,104
40224,88
40225,76
40226,118
40227,119
40228,143
40229,135
40230,91
40231,95
40232,105
40233,118
40234,119
40235,110
40236,123
40237,134
40238,110
40239,127
40240,122
40241,108
40242,124
40243,99
40244,113
40245,106
40246,119
40247,124
40248,146
40249,112
40250,105
40251,177
40252,97
40253,69
40254,45
40255,129
40256,90
40257,63
40258,110
40259,123
40260,135
40261,95
40262,127
40263,119
40264,128
40265,120
40266,142
40267,114
40268,67
40269,92
40270,114
40271,59
40272,113
40273,80
40274,87
40275,120
40276,93
40277,85
40278,103
40279,38
40280,120
40281,84
40282,131
40283,140
40284,117
40285,128
40286,98
40287,110
40288,117
40289,96
40290,79
40291,125
40292,140
40293,150
40294,92
40295,156
40296,113
40297,112
40298,108
40299,22
40300,92
40301,118
40302,159
40303,118
40304,84
40305,136
40306,107
40307,113
40308,106
40309,106
40310,89
40311,100
40312,102
40313,100
40314,116
40315,151
40316,104
40317,173
40318,111
40319,92
40320,94
40321,107
40322,153
40323,66
40324,98
40325,112
40326,103
40327,147
40328,101
40329,108
40330,168
40331,149
40332,141
40333,98
40334,91
40335,101
40336,116
40337,130
40338,108
40339,94
40340,102
40341,108
40342,87
40343,92
40344,141
40345,75
40346,173
40347,130
40348,85
40349,100
40350,98
40351,141
40352,116
40353,81
40354,164
40355,125
40356,135
40357,81
40358,102
40359,121
40360,165
40361,139
40362,81
40363,109
40364,113
40365,82
40366,108
40367,107
40368,102
40369,93
40370,89
40371,148
40372,88
40373,102
40374,102
40375,81
40376,106
40377,71
40378,129
40379,78
40380,46
40381,133
40382,103
40383,152
40384,110
40385,95
40386,149
40387,122
40388,96
40389,129
40390,123
40391,121
40392,76
40393,112
40394,119
40395,110
40396,105
40397,95
40398,100
40399,137
40400,70
40401,85
40402,114
40403,95
40404,95
40405,95
40406,98
40407,92
40408,132
40409,75
40410,130
40411,104
40412,104
40413,99
40414,142
40415,102
40416,147
40417,91
40418,161
40419,135
40420,148
40421,101
40422,72
40423,106
40424,113
40425,33
40426,71
40427,92
40428,86
40429,140
40430,150
40431,50
40432,151
40433,99
40434,122
40435,96
40436,72
40437,116
40438,92
40439,88
40440,145
40441,105
40442,131
40443,130
40444,148
40445,136
40446,146
40447,111
40448,98
40449,125
40450,114
40451,123
40452,103
40453,153
40454,118
40455,87
40456,119
40457,137
40458,122
40459,129
40460,127
40461,136
40462,102
40463,134
40464,122
40465,107
40466,118
40467,75
40468,181
40469,111
40470,86
40471,110
40472,34
40473,115
40474,118
40475,94
40476,81
40477,82
40478,107
40479,104
40480,94
40481,121
40482,122
40483,97
40484,91
40485,102
40486,82
40487,97
40488,136
40489,97
40490,180
40491,117
40492,122
40493,111
40494,101
40495,92
40496,80
40497,122
40498,113
40499,83
40500,106
40501,80
40502,110
40503,122
40504,95
40505,72
40506,130
40507,117
40508,29
40509,93
40510,123
40511,104
40512,144
40513,112
40514,78
40515,129
40516,90
40517,56
40518,110
40519,119
40520,134
40521,105
40522,115
40523,82
40524,120
40525,109
40526,99
40527,41
40528,122
40529,95
40530,160
40531,76
40532,102
40533,100
40534,95
40535,118
40536,103
40537,63
40538,161
40539,113
40540,108
40541,116
40542,90
40543,120
40544,96
40545,112
40546,129
40547,114
40548,131
40549,67
40550,149
40551,137
40552,111
40553,109
40554,110
40555,87
40556,159
40557,106
40558,106
40559,116
40560,132
40561,80
40562,90
40563,65
40564,145
40565,101
40566,178
40567,100
40568,121
40569,99
40570,112
40571,159
40572,102
40573,118
40574,65
40575,141
40576,80
40577,111
40578,126
40579,144
40580,95
40581,117
40582,70
40583,135
40584,121
40585,102
40586,125
40587,71
40588,143
40589,114
40590,141
40591,104
40592,105
40593,66
40594,78
40595,116
40596,104
40597,120
40598,148
40599,70
40600,110
40601,114
40602,138
40603,83
40604,129
40605,101
40606,82
40607,146
40608,86
40609,105
40610,121
40611,119
40612,92
40613,115
40614,105
40615,121
40616,122
40617,99
40618,107
40619,26
40620,143
40621,116
40622,80
40623,143
40624,108
40625,124
40626,112
40627,106
40628,136
40629,96
40630,107
40631,84
40632,75
40633,90
40634,101
40635,120
40636,99
40637,113
40638,96
40639,76
40640,91
40641,117
40642,146
40643,75
40644,99
40645,122
40646,139
40647,118
40648,107
40649,107
40650,119
40651,136
40652,130
40653,108
40654,151
40655,105
40656,85
40657,130
40658,100
40659,70
40660,113
40661,88
40662,144
40663,91
40664,126
40665,126
40666,128
40667,98
40668,90
40669,84
40670,140
40671,109
40672,93
40673,115
40674,54
40675,136
40676,150
40677,98
40678,64
40679,92
40680,136
40681,111
40682,121
40683,142
40684,124
40685,99
40686,88
40687,140
40688,63
40689,105
40690,82
40691,135
40692,86
40693,123
40694,102
40695,73
40696,136
40697,94
40698,27
40699,110
40700,160
40701,110
40702,113
40703,141
40704,111
40705,99
40706,102
40707,129
40708,110
40709,69
40710,125
40711,126
40712,118
40713,66
40714,109
40715,80
40716,87
40717,106
40718,101
40719,122
40720,91
40721,170
40722,101
40723,109
40724,112
40725,109
40726,85
40727,98
40728,94
40729,75
40730,101
40731,85
40732,88
40733,138
40734,129
40735,142
40736,155
40737,166
40738,81
40739,100
40740,69
40741,88
40742,114
40743,118
40744,97
40745,76
40746,111
40747,110
40748,93
40749,126
40750,101
40751,109
40752,92
40753,21
40754,112
40755,99
40756,110
40757,92
40758,115
40759,81
40760,105
40761,101
40762,110
40763,120
40764,115
40765,122
40766,82
40767,96
40768,49
40769,131
40770,111
40771,113
40772,165
40773,143
40774,126
40775,86
40776,133
40777,74
40778,112
40779,94
40780,103
40781,81
40782,82
40783,85
40784,109
40785,82
40786,74
40787,147
40788,82
40789,161
40790,118
40791,121
40792,119
40793,166
40794,95
40795,85
40796,152
40797,51
40798,154
40799,115
40800,112
40801,32
40802,88
40803,108
40804,145
40805,110
40806,75
40807,63
40808,99
40809,96
40810,117
40811,127
40812,84
40813,125
40814,97
40815,170
40816,50
40817,155
40818,116
40819,168
40820,162
40821,97
40822,129
40823,139
40824,127
40825,83
40826,75
40827,159
40828,143
40829,150
40830,27
40831,108
40832,140
40833,73
40834,100
40835,138
40836,102
40837,112
40838,146
40839,106
40840,170
40841,176
40842,92
40843,135
40844,130
40845,108
40846,102
40847,111
40848,94
40849,123
40850,93
40851,121
40852,97
40853,98
40854,87
40855,106
40856,115
40857,99
40858,108
40859,111
40860,113
40861,126
40862,106
40863,94
40864,70
40865,132
40866,84
40867,96
40868,153
40869,91
40870,88
40871,133
40872,136
40873,89
40874,79
40875,166
40876,75
40877,106
40878,148
40879,100
40880,82
40881,93
40882,131
40883,104
40884,168
40885,143
40886,135
40887,100
40888,91
40889,145
40890,91
40891,85
40892,69
40893,98
40894,146
40895,106
40896,88
40897,170
40898,88
40899,118
40900,109
40901,60
40902,129
40903,77
40904,146
40905,122
40906,100
40907,137
40908,141
40909,118
40910,77
40911,95
40912,75
40913,117
40914,124
40915,92
40916,140
40917,101
40918,100
40919,69
40920,107
40921,104
40922,96
40923,97
40924,92
40925,128
40926,32
40927,115
40928,126
40929,70
40930,76
40931,35
40932,93
40933,50
40934,103
40935,96
40936,103
40937,136
40938,76
40939,81
40940,124
40941,88
40942,111
40943,125
40944,103
40945,117
40946,79
40947,95
40948,99
40949,131
40950,108
40951,116
40952,123
40953,150
40954,72
40955,126
40956,60
40957,116
40958,94
40959,94
40960,97
40961,164
40962,143
40963,131
40964,120
40965,131
40966,126
40967,87
40968,66
40969,73
40970,78
40971,129
40972,142
40973,91
40974,147
40975,177
40976,98
40977,119
40978,75
40979,78
40980,72
40981,75
40982,120
40983,117
40984,123
40985,83
40986,136
40987,49
40988,87
40989,141
40990,165
40991,113
40992,108
40993,151
40994,90
40995,89
40996,101
40997,42
40998,98
40999,153
41000,141
41001,115
41002,125
41003,162
41004,108
41005,117
41006,96
41007,156
41008,91
41009,101
41010,79
41011,130
41012,127
41013,68
41014,165
41015,151
41016,111
41017,91
41018,143
41019,122
41020,116
41021,136
41022,107
41023,86
41024,77
41025,58
41026,128
41027,130
41028,77
41029,127
41030,119
41031,70
41032,93
41033,127
41034,100
41035,111
41036,156
41037,149
41038,94
41039,99
41040,108
41041,119
41042,138
41043,120
41044,110
41045,104
41046,136
41047,117
41048,116
41049,111
41050,131
41051,126
41052,115
41053,120
41054,96
41055,123
41056,99
41057,101
41058,134
41059,101
41060,129
41061,95
41062,175
41063,132
41064,130
41065,121
41066,68
41067,104
41068,126
41069,96
41070,111
41071,109
41072,114
41073,103
41074,184
41075,96
41076,49
41077,113
41078,98
41079,88
41080,75
41081,94
41082,75
41083,115
41084,153
41085,94
41086,66
41087,88
41088,82
41089,92
41090,105
41091,132
41092,101
41093,123
41094,93
41095,99
41096,93
41097,143
41098,108
41099,91
41100,110
41101,85
41102,100
41103,117
41104,135
41105,172
41106,68
41107,93
41108,117
41109,68
41110,92
41111,107
41112,94
41113,174
41114,170
41115,121
41116,130
41117,76
41118,100
41119,116
41120,53
41121,85
41122,131
41123,86
41124,68
41125,79
41126,157
41127,71
41128,127
41129,137
41130,125
41131,157
41132,145
41133,135
41134,70
41135,112
41136,139
41137,108
41138,73
41139,96
41140,117
41141,49
41142,168
41143,126
41144,125
41145,174
41146,74
41147,115
41148,80
41149,109
41150,132
41151,117
41152,86
41153,90
41154,103
41155,100
41156,86
41157,91
41158,84
41159,86
41160,148
41161,102
41162,129
41163,115
41164,63
41165,111
41166,73
41167,119
41168,82
41169,127
41170,114
41171,111
41172,126
41173,77
41174,93
41175,100
41176,125
41177,84
41178,133
41179,120
41180,127
41181,135
41182,122
41183,130
41184,122
41185,34
41186,144
41187,103
41188,123
41189,104
41190,114
41191,91
41192,107
41193,144
41194,109
41195,111
41196,113
41197,79
41198,99
41199,96
41200,73
41201,96
41202,92
41203,139
41204,168
41205,146
41206,114
41207,92
41208,107
41209,99
41210,113
41211,78
41212,84
41213,133
41214,108
41215,97
41216,130
41217,107
41218,113
41219,143
41220,100
41221,99
41222,117
41223,101
41224,117
41225,70
41226,89
41227,106
41228,171
41229,38
41230,172
41231,112
41232,122
41233,71
41234,161
41235,142
41236,91
41237,89
41238,45
41239,102
41240,181
41241,123
41242,113
41243,80
41244,90
41245,74
41246,135
41247,116
41248,92
41249,157
41250,103
41251,71
41252,45
41253,94
41254,141
41255,92
41256,103
41257,103
41258,88
41259,65
41260,116
41261,117
41262,97
41263,107
41264,90
41265,98
41266,82
41267,137
41268,109
41269,125
41270,166
41271,93
41272,121
41273,89
41274,109
41275,101
41276,86
41277,123
41278,94
41279,95
41280,84
41281,86
41282,179
41283,88
41284,123
41285,92
41286,94
41287,87
41288,117
41289,113
41290,130
41291,112
41292,138
41293,99
41294,142
41295,102
41296,113
41297,125
41298,142
41299,91
41300,178
41301,53
41302,153
41303,123
41304,63
41305,139
41306,116
41307,110
41308,94
41309,120
41310,123
41311,76
41312,147
41313,72
41314,92
41315,112
41316,126
41317,109
41318,182
41319,172
41320,92
41321,118
41322,154
41323,86
41324,71
41325,103
41326,125
41327,81
41328,161
41329,158
41330,89
41331,107
41332,31
41333,105
41334,90
41335,94
41336,116
41337,164
41338,125
41339,166
41340,121
41341,58
41342,112
41343,92
41344,85
41345,107
41346,144
41347,101
41348,97
41349,106
41350,109
41351,154
41352,99
41353,86
41354,157
41355,109
41356,101
41357,124
41358,110
41359,123
41360,102
41361,144
41362,64
41363,95
41364,125
41365,124
41366,114
41367,76
41368,112
41369,124
41370,78
41371,116
41372,103
41373,118
41374,82
41375,41
41376,101
41377,133
41378,78
41379,87
41380,98
41381,95
41382,140
41383,104
41384,104
41385,99
41386,156
41387,123
41388,95
41389,100
41390,106
41391,77
41392,113
41393,139
41394,102
41395,79
41396,73
41397,136
41398,92
41399,108
41400,75
41401,126
41402,176
41403,83
41404,95
41405,109
41406,89
41407,153
41408,120
41409,152
41410,120
41411,75
41412,93
41413,156
41414,79
41415,119
41416,58
41417,111
41418,148
41419,100
41420,101
41421,171
41422,110
41423,129
41424,115
41425,101
41426,107
41427,85
41428,122
41429,137
41430,118
41431,124
41432,38
41433,119
41434,159
41435,168
41436,84
41437,93
41438,97
41439,114
41440,92
41441,96
41442,118
41443,91
41444,80
41445,87
41446,121
41447,88
41448,95
41449,82
41450,110
41451,122
41452,122
41453,79
41454,128
41455,75
41456,91
41457,109
41458,133
41459,105
41460,140
41461,116
41462,105
41463,129
41464,119
41465,86
41466,93
41467,100
41468,123
41469,108
41470,78
41471,120
41472,68
41473,97
41474,101
41475,133
41476,91
41477,122
41478,123
41479,92
41480,82
41481,110
41482,86
41483,117
41484,123
41485,96
41486,146
41487,99
41488,91
41489,114
41490,64
41491,109
41492,144
41493,109
41494,30
41495,167
41496,102
41497,116
41498,96
41499,155
41500,90
41501,66
41502,105
41503,96
41504,113
41505,98
41506,129
41507,88
41508,124
41509,92
41510,88
41511,47
41512,117
41513,102
41514,129
41515,108
41516,106
41517,138
41518,126
41519,68
41520,79
41521,63
41522,126
41523,87
41524,125
41525,108
41526,104
41527,101
41528,83
41529,102
41530,54
41531,128
41532,95
41533,79
41534,169
41535,135
41536,129
41537,126
41538,59
41539,133
41540,105
41541,97
41542,101
41543,109
41544,105
41545,134
41546,91
41547,113
41548,89
41549,114
41550,148
41551,85
41552,100
41553,95
41554,123
41555,99
41556,154
41557,87
41558,84
41559,80
41560,95
41561,123
41562,83
41563,80
41564,107
41565,67
41566,97
41567,116
41568,113
41569,90
41570,109
41571,113
41572,110
41573,111
41574,139
41575,118
41576,88
41577,175
41578,94
41579,100
41580,100
41581,52
41582,86
41583,103
41584,117
41585,84
41586,102
41587,128
41588,119
41589,108
41590,93
41591,109
41592,113
41593,95
41594,95
41595,122
41596,120
41597,78
41598,145
41599,75
41600,73
41601,165
41602,130
41603,132
41604,55
41605,123
41606,110
41607,101
41608,67
41609,73
41610,119
41611,91
41612,79
41613,108
41614,137
41615,93
41616,170
41617,139
41618,108
41619,153
41620,124
41621,119
41622,62
41623,31
41624,122
41625,92
41626,117
41627,134
41628,144
41629,108
41630,100
41631,109
41632,76
41633,156
41634,78
41635,95
41636,107
41637,143
41638,104
41639,115
41640,103
41641,78
41642,113
41643,116
41644,148
41645,112
41646,105
41647,137
41648,127
41649,126
41650,122
41651,78
41652,77
41653,118
41654,149
41655,96
41656,97
41657,104
41658,100
41659,99
41660,122
41661,82
41662,143
41663,85
41664,86
41665,84
41666,59
41667,42
41668,100
41669,101
41670,93
41671,77
41672,133
41673,111
41674,94
41675,108
41676,73
41677,108
41678,134
41679,147
41680,125
41681,38
41682,38
41683,163
41684,96
41685,119
41686,97
41687,74
41688,118
41689,68
41690,88
41691,129
41692,102
41693,101
41694,144
41695,87
41696,93
41697,93
41698,105
41699,103
41700,153
41701,128
41702,108
41703,137
41704,48
41705,80
41706,147
41707,97
41708,78
41709,87
41710,117
41711,109
41712,127
41713,122
41714,129
41715,92
41716,133
41717,81
41718,147
41719,80
41720,98
41721,88
41722,104
41723,96
41724,93
41725,43
41726,93
41727,115
41728,95
41729,128
41730,118
41731,87
41732,164
41733,175
41734,87
41735,97
41736,47
41737,123
41738,132
41739,82
41740,123
41741,104
41742,126
41743,101
41744,179
41745,37
41746,166
41747,180
41748,101
41749,134
41750,74
41751,113
41752,98
41753,88
41754,121
41755,140
41756,102
41757,120
41758,102
41759,100
41760,100
41761,134
41762,97
41763,97
41764,88
41765,112
41766,118
41767,93
41768,119
41769,137
41770,129
41771,101
41772,92
41773,89
41774,97
41775,112
41776,111
41777,107
41778,139
41779,74
41780,66
41781,90
41782,87
41783,30
41784,151
41785,119
41786,110
41787,76
41788,93
41789,147
41790,119
41791,110
41792,170
41793,101
41794,99
41795,99
41796,68
41797,116
41798,103
41799,111
41800,80
41801,86
41802,144
41803,47
41804,99
41805,114
41806,129
41807,77
41808,111
41809,71
41810,108
41811,102
41812,120
41813,134
41814,121
41815,100
41816,116
41817,76
41818,97
41819,107
41820,81
41821,87
41822,111
41823,100
41824,116
41825,114
41826,73
41827,99
41828,95
41829,85
41830,92
41831,103
41832,91
41833,106
41834,163
41835,118
41836,106
41837,131
41838,111
41839,69
41840,116
41841,109
41842,106
41843,97
41844,115
41845,97
41846,147
41847,98
41848,79
41849,170
41850,68
41851,81
41852,120
41853,67
41854,166
41855,73
41856,119
41857,76
41858,152
41859,90
41860,56
41861,175
41862,118
41863,30
41864,129
41865,80
41866,96
41867,110
41868,94
41869,100
41870,115
41871,132
41872,134
41873,108
41874,114
41875,119
41876,108
41877,139
41878,145
41879,35
41880,103
41881,114
41882,83
41883,74
41884,128
41885,107
41886,72
41887,119
41888,125
41889,101
41890,50
41891,72
41892,85
41893,156
41894,119
41895,72
41896,128
41897,86
41898,134
41899,134
41900,137
41901,79
41902,106
41903,90
41904,137
41905,117
41906,131
41907,162
41908,77
41909,71
41910,89
41911,99
41912,113
41913,129
41914,38
41915,138
41916,137
41917,88
41918,140
41919,155
41920,130
41921,100
41922,104
41923,84
41924,79
41925,85
41926,170
41927,135
41928,105
41929,114
41930,117
41931,151
41932,115
41933,88
41934,111
41935,69
41936,146
41937,84
41938,99
41939,135
41940,91
41941,90
41942,81
41943,135
41944,107
41945,121
41946,95
41947,109
41948,163
41949,138
41950,98
41951,100
41952,107
41953,104
41954,125
41955,84
41956,145
41957,45
41958,159
41959,112
41960,87
41961,103
41962,121
41963,172
41964,136
41965,126
41966,86
41967,171
41968,173
41969,144
41970,78
41971,124
41972,116
41973,106
41974,109
41975,94
41976,119
41977,166
41978,122
41979,120
41980,103
41981,94
41982,166
41983,130
41984,60
41985,82
41986,107
41987,113
41988,150
41989,92
41990,100
41991,104
41992,119
41993,114
41994,77
41995,117
41996,102
41997,178
41998,97
41999,86
42000,69
42001,109
42002,109
42003,125
42004,72
42005,112
42006,153
42007,136
42008,99
42009,125
42010,136
42011,143
42012,87
42013,87
42014,122
42015,106
42016,144
42017,112
42018,152
42019,122
42020,133
42021,109
42022,105
42023,94
42024,146
42025,147
42026,119
42027,68
42028,47
42029,120
42030,127
42031,110
42032,129
42033,58
42034,87
42035,93
42036,124
42037,106
42038,78
42039,90
42040,134
42041,90
42042,79
42043,50
42044,116
42045,127
42046,56
42047,106
42048,107
42049,118
42050,134
42051,123
42052,100
42053,70
42054,73
42055,122
42056,86
42057,126
42058,128
42059,111
42060,94
42061,96
42062,110
42063,55
42064,104
42065,130
42066,110
42067,115
42068,117
42069,85
42070,128
42071,110
42072,118
42073,121
42074,103
42075,147
42076,96
42077,107
42078,54
42079,114
42080,123
42081,95
42082,89
42083,130
42084,103
42085,106
42086,140
42087,105
42088,96
42089,145
42090,93
42091,99
42092,130
42093,132
42094,74
42095,91
42096,123
42097,129
42098,93
42099,115
42100,125
42101,116
42102,100
42103,101
42104,89
42105,73
42106,51
42107,121
42108,110
42109,122
42110,95
42111,68
42112,98
42113,112
42114,150
42115,117
42116,102
42117,134
42118,140
42119,121
42120,124
42121,100
42122,99
42123,124
42124,103
42125,145
42126,122
42127,98
42128,116
42129,123
42130,93
42131,116
42132,140
42133,112
42134,108
42135,76
42136,128
42137,112
42138,100
42139,81
42140,106
42141,95
42142,95
42143,101
42144,123
42145,87
42146,100
42147,109
42148,122
42149,115
42150,92
42151,60
42152,91
42153,111
42154,104
42155,69
42156,98
42157,114
42158,110
42159,88
42160,107
42161,154
42162,130
42163,112
42164,138
42165,136
42166,83
42167,118
42168,82
42169,90
42170,135
42171,102
42172,116
42173,166
42174,65
42175,100
42176,108
42177,121
42178,97
42179,89
42180,71
42181,112
42182,108
42183,90
42184,85
42185,110
42186,114
42187,134
42188,116
42189,119
42190,139
42191,123
42192,123
42193,125
42194,84
42195,71
42196,107
42197,104
42198,113
42199,100
42200,161
42201,83
42202,74
42203,108
42204,126
42205,92
42206,134
42207,118
42208,121
42209,112
42210,78
42211,88
42212,94
42213,167
42214,92
42215,132
42216,127
42217,118
42218,101
42219,94
42220,89
42221,105
42222,71
42223,146
42224,118
42225,103
42226,107
42227,104
42228,113
42229,143
42230,93
42231,145
42232,131
42233,103
42234,115
42235,108
42236,104
42237,138
42238,83
42239,99
42240,111
42241,84
42242,114
42243,99
42244,100
42245,126
42246,107
42247,92
42248,89
42249,115
42250,87
42251,114
42252,86
42253,98
42254,105
42255,91
42256,82
42257,113
42258,122
42259,161
42260,100
42261,107
42262,79
42263,101
42264,53
42265,110
42266,96
42267,103
42268,107
42269,94
42270,114
42271,100
42272,105
42273,81
42274,121
42275,115
42276,108
42277,123
42278,133
42279,101
42280,103
42281,68
42282,130
42283,114
42284,110
42285,128
42286,107
42287,165
42288,116
42289,88
42290,104
42291,84
42292,132
42293,170
42294,103
42295,102
42296,103
42297,120
42298,81
42299,93
42300,104
42301,125
42302,133
42303,86
42304,82
42305,140
42306,129
42307,103
42308,98
42309,84
42310,96
42311,133
42312,97
42313,97
42314,144
42315,113
42316,127
42317,93
42318,98
42319,90
42320,144
42321,95
42322,166
42323,85
42324,112
42325,82
42326,116
42327,84
42328,73
42329,120
42330,102
42331,140
42332,83
42333,114
42334,142
42335,112
42336,143
42337,69
42338,92
42339,147
42340,125
42341,126
42342,135
42343,108
42344,101
42345,116
42346,83
42347,117
42348,80
42349,140
42350,110
42351,131
42352,103
42353,58
42354,142
42355,174
42356,115
42357,55
42358,82
42359,101
42360,86
42361,90
42362,110
42363,147
42364,72
42365,107
42366,103
42367,96
42368,137
42369,128
42370,118
42371,92
42372,141
42373,142
42374,116
42375,163
42376,121
42377,136
42378,116
42379,116
42380,86
42381,107
42382,78
42383,100
42384,90
42385,146
42386,88
42387,87
42388,156
42389,137
42390,122
42391,110
42392,97
42393,121
42394,72
42395,131
42396,103
42397,143
42398,121
42399,95
42400,158
42401,91
42402,95
42403,101
42404,187
42405,116
42406,139
42407,148
42408,92
42409,133
42410,146
42411,127
42412,121
42413,88
42414,131
42415,123
42416,75
42417,103
42418,103
42419,102
42420,109
42421,103
42422,119
42423,144
42424,69
42425,115
42426,134
42427,77
42428,102
42429,114
42430,111
42431,105
42432,113
42433,129
42434,124
42435,99
42436,86
42437,104
42438,52
42439,104
42440,91
42441,138
42442,106
42443,90
42444,98
42445,92
42446,104
42447,134
42448,84
42449,120
42450,81
42451,170
42452,133
42453,149
42454,93
42455,90
42456,99
42457,88
42458,107
42459,99
42460,140
42461,101
42462,97
42463,69
42464,95
42465,143
42466,103
42467,73
42468,89
42469,137
42470,141
42471,127
42472,102
42473,122
42474,73
42475,103
42476,85
42477,127
42478,112
42479,109
42480,101
42481,146
42482,83
42483,138
42484,96
42485,110
42486,96
42487,120
42488,48
42489,87
42490,125
42491,126
42492,149
42493,112
42494,103
42495,72
42496,106
42497,121
42498,153
42499,101
42500,97
42501,107
42502,83
42503,121
42504,107
42505,119
42506,89
42507,105
42508,189
42509,87
42510,50
42511,64
42512,105
42513,98
42514,117
42515,113
42516,142
42517,83
42518,137
42519,126
42520,94
42521,97
42522,107
42523,103
42524,102
42525,111
42526,106
42527,102
42528,94
42529,120
42530,99
42531,136
42532,82
42533,109
42534,104
42535,106
42536,90
42537,107
42538,97
42539,91
42540,128
42541,89
42542,92
42543,117
42544,74
42545,32
42546,113
42547,79
42548,108
42549,57
42550,93
42551,66
42552,110
42553,75
42554,119
42555,122
42556,35
42557,138
42558,95
42559,108
42560,114
42561,94
42562,112
42563,76
42564,115
42565,110
42566,141
42567,71
42568,177
42569,82
42570,111
42571,124
42572,162
42573,113
42574,190
42575,108
42576,143
42577,131
42578,89
42579,90
42580,73
42581,112
42582,87
42583,95
42584,93
42585,97
42586,68
42587,115
42588,93
42589,113
42590,105
42591,118
42592,122
42593,122
42594,108
42595,106
42596,63
42597,94
42598,84
42599,93
42600,106
42601,114
42602,131
42603,113
42604,112
42605,127
42606,111
42607,128
42608,132
42609,108
42610,124
42611,84
42612,144
42613,166
42614,120
42615,90
42616,90
42617,96
42618,111
42619,156
42620,113
42621,137
42622,136
42623,156
42624,42
42625,92
42626,114
42627,115
42628,117
42629,113
42630,111
42631,109
42632,117
42633,95
42634,119
42635,149
42636,95
42637,110
42638,97
42639,99
42640,134
42641,132
42642,112
42643,110
42644,86
42645,149
42646,111
42647,88
42648,130
42649,119
42650,135
42651,114
42652,103
42653,134
42654,119
42655,108
42656,98
42657,116
42658,109
42659,140
42660,119
42661,61
42662,111
42663,73
42664,119
42665,129
42666,133
42667,141
42668,136
42669,76
42670,138
42671,160
42672,148
42673,124
42674,90
42675,95
42676,63
42677,107
42678,79
42679,82
42680,97
42681,81
42682,80
42683,150
42684,101
42685,122
42686,117
42687,122
42688,132
42689,90
42690,79
42691,109
42692,118
42693,118
42694,91
42695,144
42696,93
42697,78
42698,140
42699,93
42700,103
42701,122
42702,96
42703,92
42704,137
42705,119
42706,95
42707,115
42708,104
42709,110
42710,141
42711,100
42712,106
42713,97
42714,116
42715,146
42716,106
42717,85
42718,97
42719,84
42720,83
42721,97
42722,127
42723,139
42724,131
42725,131
42726,71
42727,121
42728,126
42729,86
42730,128
42731,109
42732,103
42733,100
42734,61
42735,65
42736,22
42737,95
42738,102
42739,116
42740,66
42741,118
42742,118
42743,121
42744,88
42745,96
42746,112
42747,139
42748,114
42749,111
42750,120
42751,104
42752,126
42753,106
42754,137
42755,95
42756,105
42757,102
42758,80
42759,106
42760,90
42761,100
42762,116
42763,141
42764,126
42765,75
42766,112
42767,77
42768,94
42769,146
42770,145
42771,145
42772,133
42773,94
42774,130
42775,145
42776,139
42777,76
42778,111
42779,103
42780,73
42781,124
42782,101
42783,86
42784,111
42785,138
42786,116
42787,59
42788,121
42789,110
42790,97
42791,125
42792,73
42793,153
42794,110
42795,97
42796,111
42797,123
42798,160
42799,71
42800,117
42801,95
42802,126
42803,120
42804,97
42805,92
42806,132
42807,108
42808,96
42809,95
42810,189
42811,111
42812,60
42813,118
42814,148
42815,93
42816,96
42817,102
42818,158
42819,116
42820,103
42821,96
42822,115
42823,122
42824,71
42825,101
42826,110
42827,101
42828,97
42829,104
42830,116
42831,95
42832,126
42833,98
42834,108
42835,96
42836,106
42837,110
42838,140
42839,105
42840,116
42841,136
42842,100
42843,105
42844,105
42845,99
42846,121
42847,101
42848,106
42849,109
42850,79
42851,123
42852,108
42853,99
42854,134
42855,77
42856,126
42857,85
42858,93
42859,93
42860,120
42861,124
42862,110
42863,87
42864,147
42865,76
42866,117
42867,41
42868,71
42869,82
42870,151
42871,67
42872,105
42873,101
42874,117
42875,51
42876,97
42877,79
42878,115
42879,119
42880,105
42881,103
42882,91
42883,142
42884,124
42885,95
42886,114
42887,131
42888,113
42889,79
42890,101
42891,79
42892,101
42893,114
42894,111
42895,86
42896,31
42897,109
42898,108
42899,149
42900,102
42901,107
42902,97
42903,97
42904,70
42905,117
42906,105
42907,98
42908,166
42909,130
42910,101
42911,124
42912,85
42913,122
42914,95
42915,100
42916,100
42917,123
42918,106
42919,121
42920,145
42921,133
42922,122
42923,49
42924,98
42925,141
42926,106
42927,155
42928,124
42929,88
42930,120
42931,133
42932,99
42933,133
42934,107
42935,110
42936,136
42937,107
42938,127
42939,106
42940,102
42941,107
42942,138
42943,175
42944,114
42945,95
42946,152
42947,116
42948,59
42949,111
42950,113
42951,94
42952,106
42953,77
42954,33
42955,141
42956,97
42957,87
42958,99
42959,106
42960,54
42961,91
42962,132
42963,134
42964,121
42965,106
42966,126
42967,44
42968,85
42969,125
42970,130
42971,100
42972,78
42973,88
42974,162
42975,110
42976,111
42977,116
42978,89
42979,114
42980,138
42981,95
42982,98
42983,138
42984,96
42985,109
42986,119
42987,132
42988,98
42989,135
42990,114
42991,120
42992,121
42993,128
42994,129
42995,114
42996,111
42997,77
42998,155
42999,96
43000,59
43001,98
43002,126
43003,48
43004,134
43005,98
43006,162
43007,111
43008,84
43009,123
43010,93
43011,85
43012,87
43013,81
43014,72
43015,105
43016,148
43017,80
43018,134
43019,148
43020,137
43021,98
43022,100
43023,58
43024,128
43025,119
43026,103
43027,89
43028,122
43029,101
43030,155
43031,74
43032,160
43033,109
43034,75
43035,113
43036,141
43037,181
43038,109
43039,175
43040,107
43041,74
43042,95
43043,88
43044,107
43045,102
43046,116
43047,95
43048,109
43049,138
43050,156
43051,100
43052,80
43053,95
43054,105
43055,105
43056,129
43057,105
43058,94
43059,135
43060,89
43061,79
43062,99
43063,95
43064,142
43065,159
43066,129
43067,88
43068,113
43069,99
43070,114
43071,138
43072,79
43073,135
43074,99
43075,96
43076,138
43077,139
43078,128
43079,106
43080,112
43081,112
43082,108
43083,126
43084,83
43085,144
43086,29
43087,148
43088,96
43089,133
43090,111
43091,137
43092,105
43093,72
43094,69
43095,89
43096,73
43097,86
43098,106
43099,30
43100,45
43101,112
43102,122
43103,83
43104,104
43105,128
43106,96
43107,107
43108,115
43109,96
43110,100
43111,104
43112,80
43113,144
43114,121
43115,101
43116,116
43117,118
43118,117
43119,96
43120,90
43121,90
43122,128
43123,86
43124,95
43125,97
43126,100
43127,112
43128,127
43129,98
43130,68
43131,135
43132,112
43133,96
43134,88
43135,142
43136,101
43137,135
43138,134
43139,165
43140,118
43141,105
43142,129
43143,118
43144,69
43145,96
43146,128
43147,114
43148,112
43149,102
43150,79
43151,157
43152,165
43153,115
43154,95
43155,108
43156,108
43157,106
43158,150
43159,105
43160,70
43161,25
43162,104
43163,136
43164,83
43165,137
43166,102
43167,95
43168,122
43169,131
43170,129
43171,86
43172,104
43173,98
43174,73
43175,147
43176,172
43177,117
43178,82
43179,54
43180,141
43181,128
43182,118
43183,78
43184,93
43185,138
43186,150
43187,110
43188,98
43189,130
43190,133
43191,78
43192,95
43193,108
43194,118
43195,94
43196,121
43197,108
43198,138
43199,151
43200,143
43201,140
43202,131
43203,104
43204,109
43205,93
43206,73
43207,104
43208,114
43209,116
43210,86
43211,110
43212,92
43213,102
43214,118
43215,113
43216,117
43217,152
43218,122
43219,92
43220,121
43221,76
43222,102
43223,107
43224,97
43225,85
43226,127
43227,156
43228,123
43229,117
43230,136
43231,108
43232,90
43233,106
43234,121
43235,114
43236,111
43237,159
43238,53
43239,66
43240,115
43241,110
43242,143
43243,80
43244,133
43245,32
43246,123
43247,104
43248,115
43249,123
43250,103
43251,115
43252,27
43253,116
43254,111
43255,122
43256,116
43257,70
43258,114
43259,113
43260,135
43261,101
43262,92
43263,71
43264,104
43265,149
43266,66
43267,154
43268,102
43269,145
43270,98
43271,140
43272,145
43273,130
43274,93
43275,87
43276,104
43277,144
43278,100
43279,111
43280,127
43281,114
43282,27
43283,97
43284,116
43285,120
43286,84
43287,88
43288,109
43289,98
43290,85
43291,125
43292,112
43293,120
43294,136
43295,117
43296,67
43297,86
43298,84
43299,95
43300,178
43301,123
43302,108
43303,66
43304,52
43305,119
43306,32
43307,76
43308,109
43309,115
43310,85
43311,100
43312,91
43313,83
43314,93
43315,106
43316,100
43317,64
43318,118
43319,125
43320,117
43321,142
43322,58
43323,97
43324,110
43325,165
43326,128
43327,134
43328,96
43329,125
43330,106
43331,96
43332,90
43333,100
43334,99
43335,136
43336,92
43337,107
43338,57
43339,112
43340,96
43341,109
43342,108
43343,173
43344,93
43345,97
43346,32
43347,122
43348,102
43349,92
43350,94
43351,109
43352,98
43353,90
43354,101
43355,96
43356,103
43357,98
43358,126
43359,107
43360,122
43361,117
43362,75
43363,124
43364,107
43365,98
43366,100
43367,95
43368,71
43369,137
43370,131
43371,164
43372,97
43373,153
43374,108
43375,40
43376,116
43377,157
43378,132
43379,94
43380,157
43381,74
43382,156
43383,88
43384,161
43385,133
43386,116
43387,97
43388,120
43389,157
43390,127
43391,115
43392,159
43393,155
43394,88
43395,158
43396,112
43397,161
43398,86
43399,102
43400,157
43401,94
43402,107
43403,156
43404,159
43405,159
43406,105
43407,80
43408,157
43409,107
43410,156
43411,125
43412,128
43413,157
43414,103
43415,123
43416,155
43417,157
43418,162
43419,105
43420,155
43421,134
43422,123
43423,132
43424,116
43425,97
43426,132
43427,121
43428,65
43429,158
43430,157
43431,98
43432,76
43433,157
43434,111
43435,155
43436,94
43437,85
43438,121
43439,115
43440,101
43441,107
43442,76
43443,131
43444,105
43445,106
43446,75
43447,24
43448,47
43449,99
43450,111
43451,100
43452,117
43453,118
43454,131
43455,121
43456,159
43457,150
43458,111
43459,96
43460,85
43461,137
43462,103
43463,118
43464,144
43465,157
43466,119
43467,43
43468,163
43469,126
43470,135
43471,56
43472,71
43473,140
43474,94
43475,120
43476,77
43477,125
43478,85
43479,57
43480,88
43481,137
43482,118
43483,71
43484,100
43485,90
43486,104
43487,138
43488,52
43489,37
43490,92
43491,78
43492,117
43493,108
43494,91
43495,94
43496,97
43497,86
43498,100
43499,109
43500,104
43501,110
43502,106
43503,101
43504,104
43505,96
43506,126
43507,73
43508,120
43509,125
43510,101
43511,93
43512,114
43513,115
43514,124
43515,124
43516,132
43517,76
43518,87
43519,153
43520,145
43521,80
43522,156
43523,86
43524,121
43525,120
43526,144
43527,149
43528,72
43529,135
43530,95
43531,105
43532,144
43533,112
43534,94
43535,136
43536,141
43537,136
43538,112
43539,104
43540,143
43541,105
43542,145
43543,81
43544,29
43545,137
43546,98
43547,147
43548,69
43549,132
43550,144
43551,136
43552,101
43553,38
43554,173
43555,106
43556,95
43557,155
43558,146
43559,81
43560,94
43561,109
43562,104
43563,26
43564,73
43565,27
43566,102
43567,95
43568,86
43569,123
43570,119
43571,110
43572,87
43573,86
43574,116
43575,119
43576,115
43577,105
43578,86
43579,104
43580,85
43581,116
43582,98
43583,97
43584,128
43585,92
43586,128
43587,105
43588,81
43589,80
43590,28
43591,116
43592,101
43593,107
43594,67
43595,134
43596,107
43597,126
43598,103
43599,124
43600,112
43601,130
43602,193
43603,105
43604,106
43605,131
43606,82
43607,75
43608,84
43609,90
43610,82
43611,155
43612,125
43613,76
43614,90
43615,77
43616,77
43617,107
43618,81
43619,111
43620,140
43621,135
43622,188
43623,92
43624,147
43625,115
43626,94
43627,93
43628,135
43629,118
43630,116
43631,113
43632,84
43633,113
43634,98
43635,123
43636,128
43637,108
43638,129
43639,131
43640,116
43641,102
43642,101
43643,98
43644,117
43645,134
43646,149
43647,127
43648,119
43649,84
43650,94
43651,145
43652,111
43653,40
43654,103
43655,92
43656,78
43657,121
43658,102
43659,88
43660,91
43661,50
43662,123
43663,134
43664,126
43665,89
43666,129
43667,70
43668,147
43669,113
43670,137
43671,96
43672,22
43673,84
43674,108
43675,20
43676,149
43677,89
43678,74
43679,102
43680,127
43681,120
43682,129
43683,120
43684,136
43685,85
43686,131
43687,70
43688,125
43689,158
43690,87
43691,138
43692,140
43693,58
43694,90
43695,84
43696,162
43697,106
43698,92
43699,137
43700,145
43701,106
43702,136
43703,80
43704,169
43705,55
43706,130
43707,101
43708,91
43709,88
43710,93
43711,93
43712,141
43713,115
43714,144
43715,93
43716,106
43717,97
43718,129
43719,113
43720,113
43721,138
43722,134
43723,122
43724,59
43725,101
43726,100
43727,173
43728,88
43729,96
43730,110
43731,78
43732,140
43733,128
43734,107
43735,90
43736,89
43737,97
43738,92
43739,106
43740,129
43741,90
43742,90
43743,154
43744,143
43745,112
43746,110
43747,109
43748,100
43749,64
43750,123
43751,111
43752,89
43753,131
43754,100
43755,95
43756,150
43757,113
43758,118
43759,122
43760,154
43761,102
43762,157
43763,96
43764,92
43765,27
43766,119
43767,90
43768,98
43769,131
43770,119
43771,110
43772,129
43773,133
43774,134
43775,109
43776,100
43777,109
43778,153
43779,130
43780,90
43781,119
43782,120
43783,75
43784,104
43785,78
43786,133
43787,119
43788,102
43789,153
43790,118
43791,104
43792,121
43793,91
43794,141
43795,95
43796,115
43797,127
43798,60
43799,105
43800,29
43801,139
43802,81
43803,151
43804,114
43805,96
43806,119
43807,122
43808,101
43809,97
43810,74
43811,115
43812,83
43813,111
43814,107
43815,101
43816,82
43817,114
43818,89
43819,93
43820,92
43821,118
43822,102
43823,120
43824,100
43825,109
43826,86
43827,48
43828,73
43829,97
43830,52
43831,167
43832,104
43833,77
43834,118
43835,86
43836,164
43837,84
43838,92
43839,97
43840,43
43841,116
43842,95
43843,90
43844,68
43845,69
43846,87
43847,60
43848,24
43849,90
43850,118
43851,112
43852,90
43853,100
43854,128
43855,114
43856,127
43857,63
43858,142
43859,71
43860,84
43861,118
43862,97
43863,123
43864,116
43865,150
43866,146
43867,120
43868,93
43869,137
43870,82
43871,107
43872,74
43873,118
43874,108
43875,104
43876,131
43877,56
43878,80
43879,103
43880,90
43881,82
43882,95
43883,69
43884,87
43885,106
43886,109
43887,173
43888,94
43889,102
43890,119
43891,112
43892,132
43893,126
43894,148
43895,86
43896,103
43897,71
43898,86
43899,138
43900,87
43901,101
43902,114
43903,110
43904,122
43905,90
43906,147
43907,88
43908,93
43909,132
43910,134
43911,114
43912,166
43913,35
43914,122
43915,93
43916,94
43917,134
43918,104
43919,102
43920,83
43921,100
43922,149
43923,120
43924,124
43925,134
43926,125
43927,155
43928,88
43929,126
43930,99
43931,95
43932,64
43933,104
43934,107
43935,99
43936,156
43937,92
43938,130
43939,99
43940,110
43941,123
43942,93
43943,114
43944,83
43945,92
43946,97
43947,127
43948,129
43949,176
43950,137
43951,71
43952,111
43953,151
43954,108
43955,108
43956,162
43957,109
43958,128
43959,116
43960,90
43961,68
43962,55
43963,107
43964,119
43965,158
43966,116
43967,81
43968,71
43969,109
43970,123
43971,89
43972,71
43973,103
43974,120
43975,88
43976,114
43977,88
43978,110
43979,126
43980,72
43981,114
43982,102
43983,99
43984,91
43985,184
43986,60
43987,91
43988,120
43989,94
43990,89
43991,122
43992,100
43993,120
43994,93
43995,118
43996,134
43997,83
43998,96
43999,89
44000,106
44001,148
44002,118
44003,103
44004,61
44005,116
44006,93
44007,139
44008,63
44009,125
44010,167
44011,124
44012,54
44013,121
44014,82
44015,110
44016,111
44017,92
44018,135
44019,166
44020,98
44021,92
44022,138
44023,172
44024,81
44025,110
44026,114
44027,145
44028,139
44029,122
44030,131
44031,104
44032,45
44033,63
44034,124
44035,94
44036,87
44037,113
44038,120
44039,69
44040,89
44041,73
44042,68
44043,94
44044,75
44045,87
44046,161
44047,119
44048,108
44049,113
44050,106
44051,87
44052,69
44053,75
44054,86
44055,46
44056,117
44057,104
44058,102
44059,93
44060,96
44061,82
44062,110
44063,100
44064,127
44065,110
44066,105
44067,114
44068,103
44069,121
44070,114
44071,133
44072,109
44073,98
44074,103
44075,108
44076,95
44077,94
44078,96
44079,113
44080,137
44081,101
44082,77
44083,159
44084,125
44085,38
44086,113
44087,123
44088,107
44089,96
44090,93
44091,133
44092,122
44093,133
44094,79
44095,100
44096,117
44097,101
44098,76
44099,140
44100,127
44101,109
44102,111
44103,141
44104,98
44105,74
44106,116
44107,93
44108,104
44109,92
44110,99
44111,101
44112,125
44113,113
44114,110
44115,113
44116,116
44117,63
44118,81
44119,32
44120,124
44121,160
44122,153
44123,97
44124,67
44125,109
44126,103
44127,128
44128,104
44129,92
44130,102
44131,79
44132,101
44133,125
44134,116
44135,113
44136,145
44137,164
44138,31
44139,100
44140,138
44141,112
44142,84
44143,115
44144,102
44145,128
44146,92
44147,144
44148,146
44149,74
44150,100
44151,146
44152,109
44153,114
44154,92
44155,117
44156,94
44157,118
44158,106
44159,121
44160,78
44161,98
44162,145
44163,119
44164,93
44165,67
44166,106
44167,135
44168,68
44169,110
44170,136
44171,176
44172,114
44173,78
44174,83
44175,132
44176,52
44177,111
44178,77
44179,131
44180,98
44181,94
44182,117
44183,92
44184,106
44185,111
44186,69
44187,110
44188,145
44189,82
44190,119
44191,152
44192,130
44193,92
44194,116
44195,27
44196,114
44197,113
44198,90
44199,134
44200,119
44201,82
44202,84
44203,54
44204,46
44205,92
44206,151
44207,82
44208,100
44209,95
44210,108
44211,124
44212,54
44213,81
44214,86
44215,99
44216,114
44217,99
44218,75
44219,31
44220,100
44221,108
44222,106
44223,122
44224,73
44225,82
44226,116
44227,56
44228,75
44229,85
44230,120
44231,115
44232,66
44233,135
44234,90
44235,48
44236,83
44237,129
44238,139
44239,115
44240,102
44241,99
44242,151
44243,183
44244,98
44245,114
44246,123
44247,158
44248,135
44249,123
44250,119
44251,105
44252,107
44253,86
44254,98
44255,87
44256,122
44257,146
44258,81
44259,60
44260,103
44261,126
44262,81
44263,86
44264,139
44265,113
44266,166
44267,84
44268,86
44269,111
44270,144
44271,129
44272,128
44273,85
44274,84
44275,104
44276,108
44277,93
44278,100
44279,50
44280,133
44281,150
44282,59
44283,137
44284,142
44285,124
44286,97
44287,79
44288,74
44289,111
44290,106
44291,111
44292,94
44293,98
44294,135
44295,118
44296,115
44297,64
44298,104
44299,97
44300,104
44301,96
44302,78
44303,104
44304,152
44305,174
44306,91
44307,104
44308,99
44309,122
44310,97
44311,82
44312,114
44313,107
44314,110
44315,83
44316,98
44317,89
44318,107
44319,163
44320,122
44321,30
44322,121
44323,95
44324,97
44325,52
44326,102
44327,94
44328,101
44329,154
44330,90
44331,92
44332,119
44333,111
44334,104
44335,112
44336,103
44337,69
44338,92
44339,125
44340,113
44341,103
44342,114
44343,104
44344,100
44345,89
44346,117
44347,96
44348,108
44349,102
44350,62
44351,103
44352,89
44353,106
44354,80
44355,80
44356,92
44357,116
44358,110
44359,106
44360,137
44361,134
44362,81
44363,119
44364,112
44365,102
44366,109
44367,71
44368,110
44369,95
44370,127
44371,153
44372,89
44373,90
44374,126
44375,126
44376,103
44377,120
44378,71
44379,117
44380,119
44381,78
44382,79
44383,110
44384,92
44385,123
44386,144
44387,101
44388,159
44389,30
44390,117
44391,77
44392,64
44393,155
44394,159
44395,156
44396,107
44397,187
44398,33
44399,108
44400,111
44401,120
44402,119
44403,114
44404,68
44405,125
44406,127
44407,103
44408,159
44409,70
44410,97
44411,126
44412,104
44413,104
44414,43
44415,86
44416,98
44417,92
44418,155
44419,163
44420,102
44421,110
44422,140
44423,83
44424,138
44425,151
44426,111
44427,92
44428,79
44429,61
44430,134
44431,87
44432,51
44433,96
44434,75
44435,44
44436,47
44437,107
44438,87
44439,98
44440,109
44441,97
44442,122
44443,108
44444,108
44445,102
44446,157
44447,105
44448,122
44449,133
44450,155
44451,93
44452,94
44453,111
44454,110
44455,117
44456,145
44457,100
44458,107
44459,87
44460,82
44461,98
44462,163
44463,96
44464,117
44465,89
44466,138
44467,134
44468,98
44469,118
44470,166
44471,136
44472,114
44473,132
44474,85
44475,97
44476,116
44477,94
44478,107
44479,119
44480,91
44481,79
44482,100
44483,93
44484,115
44485,105
44486,28
44487,156
44488,103
44489,127
44490,116
44491,115
44492,130
44493,135
44494,119
44495,138
44496,180
44497,81
44498,141
44499,146
44500,144
44501,108
44502,75
44503,83
44504,102
44505,67
44506,86
44507,91
44508,146
44509,112
44510,97
44511,102
44512,121
44513,97
44514,76
44515,104
44516,58
44517,82
44518,155
44519,117
44520,86
44521,106
44522,109
44523,88
44524,78
44525,92
44526,130
44527,108
44528,111
44529,71
44530,88
44531,113
44532,104
44533,124
44534,107
44535,87
44536,123
44537,145
44538,119
44539,29
44540,85
44541,110
44542,51
44543,125
44544,91
44545,103
44546,144
44547,74
44548,103
44549,95
44550,81
44551,96
44552,95
44553,114
44554,60
44555,97
44556,77
44557,108
44558,131
44559,86
44560,82
44561,152
44562,146
44563,88
44564,85
44565,102
44566,137
44567,99
44568,125
44569,123
44570,122
44571,101
44572,113
44573,100
44574,156
44575,104
44576,86
44577,115
44578,77
44579,64
44580,138
44581,106
44582,129
44583,116
44584,114
44585,117
44586,112
44587,157
44588,85
44589,27
44590,134
44591,106
44592,96
44593,132
44594,152
44595,121
44596,101
44597,137
44598,86
44599,91
44600,112
44601,108
44602,107
44603,75
44604,149
44605,115
44606,96
44607,130
44608,84
44609,108
44610,101
44611,97
44612,136
44613,100
44614,109
44615,158
44616,126
44617,173
44618,93
44619,81
44620,137
44621,94
44622,88
44623,84
44624,97
44625,117
44626,111
44627,126
44628,100
44629,135
44630,75
44631,77
44632,107
44633,130
44634,99
44635,131
44636,95
44637,161
44638,124
44639,124
44640,122
44641,60
44642,76
44643,100
44644,119
44645,105
44646,132
44647,82
44648,114
44649,66
44650,176
44651,83
44652,101
44653,119
44654,79
44655,94
44656,123
44657,89
44658,82
44659,100
44660,76
44661,94
44662,100
44663,152
44664,129
44665,112
44666,113
44667,93
44668,106
44669,100
44670,85
44671,104
44672,137
44673,136
44674,121
44675,97
44676,101
44677,118
44678,99
44679,110
44680,98
44681,128
44682,85
44683,136
44684,81
44685,105
44686,165
44687,99
44688,97
44689,94
44690,93
44691,117
44692,106
44693,131
44694,173
44695,154
44696,104
44697,128
44698,120
44699,124
44700,63
44701,123
44702,88
44703,123
44704,137
44705,87
44706,122
44707,122
44708,105
44709,142
44710,101
44711,84
44712,92
44713,101
44714,99
44715,115
44716,114
44717,123
44718,108
44719,99
44720,104
44721,88
44722,109
44723,163
44724,120
44725,97
44726,81
44727,85
44728,102
44729,91
44730,70
44731,56
44732,91
44733,85
44734,71
44735,86
44736,96
44737,54
44738,55
44739,108
44740,73
44741,99
44742,109
44743,109
44744,117
44745,93
44746,82
44747,96
44748,36
44749,110
44750,63
44751,87
44752,107
44753,83
44754,119
44755,100
44756,49
44757,65
44758,64
44759,72
44760,114
44761,125
44762,127
44763,133
44764,104
44765,129
44766,116
44767,123
44768,89
44769,102
44770,132
44771,140
44772,101
44773,137
44774,76
44775,102
44776,143
44777,103
44778,115
44779,110
44780,86
44781,119
44782,134
44783,113
44784,126
44785,97
44786,86
44787,107
44788,140
44789,96
44790,124
44791,119
44792,25
44793,101
44794,120
44795,120
44796,77
44797,82
44798,131
44799,116
44800,131
44801,143
44802,93
44803,87
44804,100
44805,89
44806,103
44807,115
44808,131
44809,55
44810,127
44811,98
44812,89
44813,75
44814,89
44815,119
44816,126
44817,115
44818,116
44819,83
44820,127
44821,97
44822,159
44823,95
44824,146
44825,91
44826,89
44827,104
44828,83
44829,125
44830,82
44831,101
44832,87
44833,125
44834,125
44835,90
44836,173
44837,123
44838,137
44839,137
44840,150
44841,127
44842,77
44843,124
44844,52
44845,87
44846,95
44847,105
44848,125
44849,133
44850,110
44851,92
44852,92
44853,86
44854,90
44855,112
44856,89
44857,133
44858,98
44859,127
44860,93
44861,107
44862,82
44863,74
44864,99
44865,105
44866,129
44867,109
44868,104
44869,109
44870,124
44871,117
44872,144
44873,97
44874,138
44875,76
44876,87
44877,91
44878,120
44879,120
44880,127
44881,98
44882,141
44883,81
44884,88
44885,117
44886,139
44887,143
44888,87
44889,95
44890,103
44891,121
44892,83
44893,88
44894,82
44895,93
44896,113
44897,123
44898,110
44899,121
44900,97
44901,96
44902,78
44903,78
44904,109
44905,102
44906,60
44907,172
44908,118
44909,151
44910,112
44911,112
44912,74
44913,126
44914,129
44915,107
44916,158
44917,116
44918,130
44919,92
44920,99
44921,62
44922,125
44923,116
44924,145
44925,31
44926,131
44927,130
44928,94
44929,109
44930,134
44931,139
44932,88
44933,124
44934,125
44935,121
44936,110
44937,175
44938,81
44939,111
44940,144
44941,133
44942,140
44943,104
44944,101
44945,139
44946,157
44947,137
44948,106
44949,69
44950,120
44951,124
44952,134
44953,54
44954,74
44955,166
44956,71
44957,89
44958,129
44959,105
44960,108
44961,111
44962,122
44963,169
44964,80
44965,44
44966,73
44967,117
44968,137
44969,125
44970,110
44971,94
44972,68
44973,82
44974,108
44975,107
44976,85
44977,130
44978,103
44979,85
44980,101
44981,90
44982,85
44983,119
44984,127
44985,101
44986,135
44987,101
44988,88
44989,129
44990,75
44991,82
44992,91
44993,113
44994,127
44995,107
44996,99
44997,131
44998,110
44999,106
45000,123
45001,139
45002,30
45003,112
45004,135
45005,100
45006,85
45007,96
45008,103
45009,71
45010,88
45011,134
45012,95
45013,121
45014,133
45015,47
45016,86
45017,94
45018,64
45019,137
45020,74
45021,71
45022,113
45023,129
45024,79
45025,150
45026,87
45027,67
45028,105
45029,131
45030,106
45031,96
45032,97
45033,117
45034,93
45035,97
45036,105
45037,98
45038,100
45039,102
45040,101
45041,95
45042,70
45043,74
45044,118
45045,105
45046,103
45047,138
45048,77
45049,108
45050,151
45051,126
45052,115
45053,101
45054,108
45055,114
45056,90
45057,130
45058,94
45059,167
45060,70
45061,90
45062,86
45063,79
45064,92
45065,93
45066,79
45067,103
45068,120
45069,86
45070,77
45071,171
45072,86
45073,113
45074,73
45075,91
45076,75
45077,28
45078,56
45079,104
45080,137
45081,83
45082,108
45083,106
45084,98
45085,108
45086,123
45087,87
45088,85
45089,61
45090,128
45091,119
45092,38
45093,112
45094,163
45095,106
45096,143
45097,124
45098,106
45099,96
45100,94
45101,91
45102,146
45103,90
45104,72
45105,155
45106,125
45107,154
45108,116
45109,104
45110,138
45111,118
45112,89
45113,115
45114,83
45115,117
45116,156
45117,87
45118,145
45119,99
45120,124
45121,100
45122,110
45123,105
45124,100
45125,137
45126,161
45127,148
45128,49
45129,100
45130,107
45131,130
45132,124
45133,63
45134,122
45135,37
45136,96
45137,100
45138,96
45139,97
45140,162
45141,65
45142,123
45143,117
45144,99
45145,90
45146,89
45147,116
45148,88
45149,69
45150,123
45151,93
45152,102
45153,103
45154,106
45155,129
45156,109
45157,110
45158,52
45159,110
45160,101
45161,154
45162,111
45163,132
45164,145
45165,75
45166,106
45167,103
45168,77
45169,90
45170,116
45171,95
45172,69
45173,95
45174,121
45175,66
45176,137
45177,107
45178,99
45179,119
45180,81
45181,110
45182,118
45183,96
45184,83
45185,140
45186,105
45187,127
45188,132
45189,87
45190,120
45191,116
45192,104
45193,108
45194,97
45195,92
45196,110
45197,103
45198,143
45199,99
45200,91
45201,130
45202,89
45203,67
45204,104
45205,104
45206,110
45207,125
45208,90
45209,92
45210,118
45211,104
45212,103
45213,73
45214,139
45215,124
45216,140
45217,64
45218,118
45219,95
45220,145
45221,65
45222,118
45223,125
45224,119
45225,106
45226,75
45227,92
45228,96
45229,91
45230,109
45231,124
45232,81
45233,101
45234,101
45235,134
45236,68
45237,67
45238,79
45239,137
45240,70
45241,116
45242,111
45243,136
45244,130
45245,81
45246,124
45247,92
45248,131
45249,117
45250,110
45251,100
45252,94
45253,116
45254,102
45255,79
45256,119
45257,105
45258,84
45259,112
45260,163
45261,138
45262,51
45263,109
45264,116
45265,99
45266,53
45267,136
45268,85
45269,184
45270,113
45271,90
45272,69
45273,115
45274,129
45275,73
45276,81
45277,48
45278,93
45279,65
45280,79
45281,100
45282,104
45283,91
45284,123
45285,58
45286,94
45287,89
45288,118
45289,107
45290,50
45291,165
45292,65
45293,145
45294,132
45295,110
45296,95
45297,53
45298,116
45299,82
45300,131
45301,97
45302,121
45303,97
45304,82
45305,120
45306,117
45307,108
45308,94
45309,121
45310,121
45311,118
45312,67
45313,134
45314,107
45315,78
45316,88
45317,99
45318,136
45319,105
45320,105
45321,109
45322,94
45323,112
45324,133
45325,109
45326,63
45327,115
45328,142
45329,105
45330,129
45331,76
45332,105
45333,114
45334,75
45335,134
45336,90
45337,102
45338,36
45339,92
45340,88
45341,86
45342,129
45343,98
45344,120
45345,136
45346,127
45347,125
45348,46
45349,41
45350,117
45351,117
45352,110
45353,115
45354,132
45355,93
45356,94
45357,99
45358,123
45359,110
45360,121
45361,166
45362,107
45363,74
45364,152
45365,70
45366,74
45367,65
45368,70
45369,102
45370,117
45371,106
45372,163
45373,90
45374,28
45375,113
45376,117
45377,96
45378,151
45379,101
45380,151
45381,129
45382,164
45383,110
45384,115
45385,141
45386,122
45387,79
45388,112
45389,97
45390,104
45391,98
45392,82
45393,87
45394,120
45395,81
45396,144
45397,75
45398,106
45399,95
45400,115
45401,82
45402,132
45403,90
45404,147
45405,117
45406,82
45407,24
45408,100
45409,94
45410,100
45411,72
45412,89
45413,141
45414,149
45415,113
45416,107
45417,148
45418,136
45419,134
45420,59
45421,140
45422,79
45423,106
45424,66
45425,66
45426,122
45427,107
45428,156
45429,115
45430,111
45431,148
45432,90
45433,120
45434,114
45435,102
45436,119
45437,167
45438,96
45439,64
45440,108
45441,97
45442,97
45443,103
45444,54
45445,117
45446,49
45447,101
45448,117
45449,110
45450,114
45451,122
45452,121
45453,94
45454,88
45455,75
45456,110
45457,147
45458,131
45459,116
45460,95
45461,147
45462,148
45463,103
45464,114
45465,123
45466,122
45467,106
45468,154
45469,89
45470,108
45471,27
45472,138
45473,141
45474,31
45475,103
45476,85
45477,104
45478,85
45479,98
45480,101
45481,89
45482,110
45483,118
45484,107
45485,152
45486,112
45487,161
45488,104
45489,112
45490,106
45491,159
45492,74
45493,185
45494,137
45495,82
45496,111
45497,110
45498,178
45499,109
45500,125
45501,133
45502,99
45503,103
45504,114
45505,89
45506,102
45507,100
45508,75
45509,122
45510,92
45511,147
45512,100
45513,123
45514,122
45515,97
45516,127
45517,125
45518,128
45519,120
45520,51
45521,89
45522,106
45523,123
45524,156
45525,98
45526,121
45527,95
45528,121
45529,147
45530,133
45531,85
45532,151
45533,87
45534,94
45535,86
45536,129
45537,73
45538,96
45539,105
45540,90
45541,99
45542,112
45543,94
45544,72
45545,93
45546,106
45547,102
45548,68
45549,133
45550,79
45551,117
45552,113
45553,47
45554,197
45555,99
45556,109
45557,108
45558,84
45559,48
45560,143
45561,96
45562,105
45563,79
45564,133
45565,94
45566,133
45567,68
45568,113
45569,86
45570,110
45571,87
45572,139
45573,111
45574,117
45575,149
45576,72
45577,76
45578,85
45579,120
45580,106
45581,85
45582,99
45583,90
45584,155
45585,107
45586,134
45587,107
45588,168
45589,85
45590,85
45591,97
45592,84
45593,175
45594,117
45595,158
45596,109
45597,67
45598,84
45599,147
45600,67
45601,84
45602,150
45603,127
45604,154
45605,141
45606,61
45607,84
45608,102
45609,85
45610,90
45611,123
45612,142
45613,119
45614,99
45615,97
45616,84
45617,117
45618,129
45619,117
45620,116
45621,37
45622,116
45623,125
45624,107
45625,87
45626,99
45627,95
45628,44
45629,102
45630,86
45631,85
45632,35
45633,80
45634,155
45635,124
45636,91
45637,58
45638,93
45639,73
45640,111
45641,71
45642,96
45643,122
45644,102
45645,80
45646,95
45647,109
45648,81
45649,66
45650,82
45651,115
45652,105
45653,129
45654,141
45655,116
45656,151
45657,113
45658,64
45659,124
45660,73
45661,123
45662,82
45663,145
45664,126
45665,89
45666,140
45667,96
45668,123
45669,134
45670,97
45671,94
45672,114
45673,107
45674,105
45675,87
45676,61
45677,78
45678,111
45679,155
45680,85
45681,90
45682,110
45683,86
45684,145
45685,107
45686,75
45687,52
45688,160
45689,74
45690,73
45691,72
45692,96
45693,111
45694,96
45695,115
45696,93
45697,106
45698,91
45699,81
45700,70
45701,89
45702,110
45703,127
45704,130
45705,99
45706,150
45707,74
45708,129
45709,82
45710,91
45711,129
45712,109
45713,102
45714,126
45715,55
45716,101
45717,110
45718,133
45719,101
45720,135
45721,97
45722,116
45723,49
45724,106
45725,90
45726,82
45727,102
45728,94
45729,87
45730,115
45731,148
45732,139
45733,87
45734,95
45735,124
45736,116
45737,107
45738,89
45739,100
45740,116
45741,112
45742,107
45743,72
45744,117
45745,71
45746,112
45747,110
45748,147
45749,117
45750,106
45751,140
45752,146
45753,103
45754,92
45755,85
45756,129
45757,112
45758,66
45759,117
45760,94
45761,134
45762,119
45763,107
45764,137
45765,115
45766,106
45767,119
45768,125
45769,98
45770,125
45771,71
45772,97
45773,110
45774,117
45775,85
45776,126
45777,152
45778,76
45779,42
45780,85
45781,101
45782,110
45783,84
45784,65
45785,29
45786,94
45787,123
45788,88
45789,103
45790,81
45791,115
45792,112
45793,128
45794,113
45795,123
45796,95
45797,87
45798,103
45799,92
45800,75
45801,108
45802,123
45803,132
45804,142
45805,131
45806,158
45807,91
45808,93
45809,133
45810,73
45811,178
45812,149
45813,121
45814,158
45815,109
45816,39
45817,128
45818,85
45819,111
45820,89
45821,93
45822,114
45823,97
45824,129
45825,120
45826,125
45827,77
45828,94
45829,98
45830,131
45831,92
45832,88
45833,103
45834,167
45835,160
45836,139
45837,137
45838,53
45839,143
45840,94
45841,108
45842,104
45843,102
45844,84
45845,82
45846,76
45847,79
45848,135
45849,80
45850,103
45851,48
45852,83
45853,149
45854,77
45855,124
45856,124
45857,152
45858,77
45859,95
45860,131
45861,94
45862,112
45863,96
45864,106
45865,141
45866,96
45867,108
45868,106
45869,108
45870,151
45871,106
45872,120
45873,108
45874,131
45875,89
45876,148
45877,117
45878,113
45879,94
45880,159
45881,154
45882,96
45883,100
45884,69
45885,128
45886,68
45887,110
45888,153
45889,156
45890,93
45891,100
45892,97
45893,43
45894,113
45895,145
45896,98
45897,119
45898,109
45899,115
45900,31
45901,101
45902,77
45903,97
45904,96
45905,137
45906,143
45907,99
45908,143
45909,80
45910,109
45911,147
45912,120
45913,95
45914,131
45915,129
45916,127
45917,84
45918,102
45919,89
45920,83
45921,92
45922,119
45923,144
45924,123
45925,113
45926,121
45927,114
45928,130
45929,107
45930,108
45931,92
45932,85
45933,129
45934,77
45935,170
45936,133
45937,108
45938,108
45939,93
45940,97
45941,104
45942,68
45943,106
45944,117
45945,119
45946,113
45947,117
45948,101
45949,95
45950,113
45951,101
45952,88
45953,133
45954,66
45955,129
45956,108
45957,103
45958,113
45959,80
45960,76
45961,96
45962,126
45963,101
45964,86
45965,136
45966,114
45967,94
45968,112
45969,127
45970,103
45971,133
45972,63
45973,90
45974,108
45975,105
45976,105
45977,104
45978,94
45979,109
45980,91
45981,109
45982,134
45983,54
45984,110
45985,146
45986,113
45987,89
45988,106
45989,160
45990,110
45991,106
45992,78
45993,100
45994,89
45995,106
45996,122
45997,93
45998,95
45999,107
46000,69
46001,88
46002,107
46003,104
46004,140
46005,110
46006,137
46007,127
46008,109
46009,86
46010,53
46011,78
46012,107
46013,49
46014,125
46015,92
46016,63
46017,86
46018,119
46019,124
46020,110
46021,77
46022,111
46023,123
46024,89
46025,157
46026,96
46027,65
46028,92
46029,98
46030,101
46031,154
46032,111
46033,65
46034,139
46035,106
46036,86
46037,89
46038,106
46039,87
46040,124
46041,95
46042,116
46043,109
46044,114
46045,90
46046,94
46047,123
46048,111
46049,98
46050,134
46051,70
46052,45
46053,101
46054,113
46055,106
46056,113
46057,106
46058,108
46059,108
46060,76
46061,109
46062,102
46063,117
46064,105
46065,71
46066,93
46067,129
46068,102
46069,116
46070,134
46071,122
46072,99
46073,83
46074,129
46075,102
46076,90
46077,105
46078,105
46079,140
46080,149
46081,91
46082,94
46083,80
46084,77
46085,104
46086,60
46087,99
46088,78
46089,156
46090,128
46091,108
46092,92
46093,135
46094,84
46095,134
46096,138
46097,115
46098,77
46099,123
46100,109
46101,111
46102,173
46103,88
46104,144
46105,82
46106,139
46107,154
46108,105
46109,128
46110,112
46111,106
46112,146
46113,97
46114,77
46115,116
46116,102
46117,115
46118,119
46119,72
46120,87
46121,119
46122,133
46123,165
46124,76
46125,96
46126,110
46127,120
46128,121
46129,77
46130,107
46131,115
46132,83
46133,172
46134,67
46135,85
46136,124
46137,90
46138,94
46139,187
46140,100
46141,158
46142,83
46143,85
46144,105
46145,144
46146,123
46147,179
46148,95
46149,116
46150,113
46151,111
46152,113
46153,121
46154,78
46155,121
46156,121
46157,107
46158,87
46159,138
46160,129
46161,68
46162,108
46163,113
46164,107
46165,99
46166,130
46167,116
46168,149
46169,93
46170,121
46171,77
46172,145
46173,88
46174,100
46175,151
46176,127
46177,154
46178,145
46179,82
46180,84
46181,111
46182,111
46183,102
46184,134
46185,116
46186,129
46187,127
46188,120
46189,123
46190,102
46191,126
46192,90
46193,115
46194,89
46195,60
46196,152
46197,98
46198,104
46199,122
46200,93
46201,136
46202,107
46203,129
46204,125
46205,130
46206,100
46207,85
46208,96
46209,107
46210,58
46211,114
46212,175
46213,97
46214,100
46215,105
46216,110
46217,78
46218,120
46219,85
46220,91
46221,94
46222,128
46223,112
46224,96
46225,132
46226,116
46227,121
46228,85
46229,86
46230,122
46231,105
46232,124
46233,93
46234,92
46235,123
46236,99
46237,105
46238,78
46239,84
46240,86
46241,100
46242,121
46243,111
46244,109
46245,97
46246,115
46247,128
46248,115
46249,66
46250,115
46251,80
46252,133
46253,152
46254,73
46255,110
46256,108
46257,137
46258,122
46259,136
46260,93
46261,106
46262,94
46263,85
46264,152
46265,115
46266,89
46267,157
46268,99
46269,104
46270,113
46271,97
46272,93
46273,28
46274,89
46275,103
46276,92
46277,103
46278,100
46279,120
46280,104
46281,110
46282,99
46283,78
46284,91
46285,90
46286,84
46287,108
46288,107
46289,121
46290,98
46291,135
46292,112
46293,152
46294,94
46295,137
46296,113
46297,109
46298,137
46299,114
46300,96
46301,83
46302,71
46303,92
46304,133
46305,111
46306,138
46307,108
46308,91
46309,94
46310,121
46311,123
46312,119
46313,89
46314,111
46315,83
46316,82
46317,113
46318,63
46319,127
46320,56
46321,110
46322,120
46323,62
46324,125
46325,85
46326,117
46327,116
46328,110
46329,135
46330,162
46331,64
46332,97
46333,157
46334,99
46335,77
46336,97
46337,123
46338,124
46339,121
46340,153
46341,147
46342,103
46343,96
46344,147
46345,125
46346,62
46347,111
46348,102
46349,129
46350,126
46351,106
46352,90
46353,45
46354,95
46355,130
46356,97
46357,106
46358,132
46359,108
46360,123
46361,120
46362,106
46363,122
46364,104
46365,91
46366,154
46367,106
46368,71
46369,105
46370,82
46371,99
46372,104
46373,85
46374,95
46375,121
46376,79
46377,88
46378,129
46379,109
46380,135
46381,136
46382,137
46383,91
46384,146
46385,51
46386,92
46387,124
46388,87
46389,100
46390,98
46391,94
46392,108
46393,113
46394,127
46395,159
46396,32
46397,115
46398,157
46399,88
46400,128
46401,84
46402,131
46403,98
46404,92
46405,93
46406,118
46407,145
46408,104
46409,129
46410,97
46411,90
46412,136
46413,104
46414,77
46415,103
46416,141
46417,149
46418,132
46419,102
46420,121
46421,185
46422,169
46423,78
46424,131
46425,69
46426,102
46427,115
46428,85
46429,137
46430,123
46431,155
46432,141
46433,106
46434,131
46435,93
46436,30
46437,90
46438,99
46439,129
46440,125
46441,97
46442,78
46443,135
46444,141
46445,102
46446,117
46447,171
46448,109
46449,137
46450,67
46451,124
46452,113
46453,96
46454,77
46455,43
46456,101
46457,93
46458,85
46459,83
46460,78
46461,104
46462,93
46463,77
46464,107
46465,104
46466,74
46467,132
46468,67
46469,106
46470,116
46471,91
46472,185
46473,73
46474,112
46475,131
46476,71
46477,96
46478,78
46479,176
46480,73
46481,131
46482,190
46483,103
46484,92
46485,86
46486,136
46487,109
46488,106
46489,93
46490,107
46491,103
46492,90
46493,128
46494,86
46495,77
46496,103
46497,88
46498,126
46499,127
46500,68
46501,146
46502,83
46503,77
46504,93
46505,133
46506,89
46507,130
46508,120
46509,112
46510,106
46511,119
46512,109
46513,157
46514,129
46515,79
46516,96
46517,106
46518,87
46519,153
46520,113
46521,155
46522,62
46523,87
46524,155
46525,99
46526,105
46527,173
46528,138
46529,95
46530,121
46531,113
46532,79
46533,92
46534,101
46535,91
46536,104
46537,115
46538,126
46539,25
46540,113
46541,106
46542,119
46543,93
46544,128
46545,117
46546,150
46547,105
46548,114
46549,113
46550,106
46551,116
46552,110
46553,101
46554,111
46555,73
46556,127
46557,115
46558,97
46559,146
46560,154
46561,99
46562,99
46563,111
46564,106
46565,90
46566,95
46567,125
46568,149
46569,88
46570,98
46571,101
46572,106
46573,117
46574,117
46575,117
46576,85
46577,100
46578,96
46579,114
46580,120
46581,137
46582,85
46583,81
46584,70
46585,146
46586,159
46587,80
46588,55
46589,68
46590,111
46591,114
46592,34
46593,89
46594,90
46595,89
46596,131
46597,131
46598,48
46599,132
46600,96
46601,115
46602,92
46603,99
46604,95
46605,134
46606,121
46607,109
46608,95
46609,101
46610,113
46611,101
46612,109
46613,108
46614,105
46615,112
46616,80
46617,51
46618,90
46619,128
46620,98
46621,99
46622,75
46623,106
46624,115
46625,79
46626,138
46627,76
46628,80
46629,107
46630,83
46631,143
46632,85
46633,79
46634,99
46635,101
46636,83
46637,108
46638,87
46639,88
46640,125
46641,55
46642,114
46643,115
46644,110
46645,111
46646,103
46647,152
46648,112
46649,119
46650,99
46651,151
46652,130
46653,80
46654,134
46655,117
46656,123
46657,125
46658,101
46659,114
46660,106
46661,150
46662,126
46663,89
46664,133
46665,118
46666,94
46667,130
46668,66
46669,86
46670,158
46671,112
46672,117
46673,101
46674,123
46675,101
46676,121
46677,118
46678,131
46679,117
46680,95
46681,117
46682,61
46683,102
46684,74
46685,107
46686,61
46687,121
46688,95
46689,159
46690,67
46691,126
46692,154
46693,124
46694,74
46695,87
46696,114
46697,100
46698,54
46699,77
46700,127
46701,96
46702,135
46703,98
46704,112
46705,82
46706,116
46707,107
46708,97
46709,80
46710,110
46711,96
46712,65
46713,104
46714,105
46715,106
46716,103
46717,83
46718,95
46719,101
46720,29
46721,93
46722,109
46723,138
46724,62
46725,100
46726,109
46727,107
46728,153
46729,77
46730,112
46731,143
46732,156
46733,130
46734,78
46735,77
46736,155
46737,160
46738,83
46739,124
46740,109
46741,145
46742,119
46743,105
46744,119
46745,121
46746,136
46747,71
46748,94
46749,134
46750,128
46751,111
46752,95
46753,89
46754,169
46755,136
46756,74
46757,75
46758,100
46759,98
46760,93
46761,93
46762,119
46763,126
46764,87
46765,139
46766,140
46767,127
46768,86
46769,118
46770,83
46771,88
46772,140
46773,111
46774,92
46775,98
46776,100
46777,109
46778,110
46779,81
46780,94
46781,103
46782,127
46783,86
46784,100
46785,79
46786,114
46787,132
46788,106
46789,142
46790,115
46791,140
46792,87
46793,110
46794,125
46795,109
46796,96
46797,118
46798,158
46799,91
46800,104
46801,125
46802,99
46803,122
46804,103
46805,133
46806,137
46807,107
46808,106
46809,108
46810,107
46811,123
46812,103
46813,126
46814,103
46815,94
46816,97
46817,88
46818,162
46819,112
46820,98
46821,86
46822,58
46823,175
46824,92
46825,129
46826,95
46827,102
46828,143
46829,104
46830,95
46831,62
46832,87
46833,112
46834,97
46835,108
46836,131
46837,86
46838,119
46839,95
46840,154
46841,111
46842,105
46843,135
46844,80
46845,147
46846,99
46847,97
46848,119
46849,107
46850,76
46851,120
46852,76
46853,90
46854,101
46855,142
46856,94
46857,69
46858,95
46859,107
46860,79
46861,119
46862,107
46863,122
46864,125
46865,122
46866,95
46867,102
46868,80
46869,130
46870,120
46871,85
46872,159
46873,105
46874,98
46875,103
46876,101
46877,89
46878,28
46879,82
46880,86
46881,116
46882,147
46883,104
46884,125
46885,63
46886,140
46887,104
46888,114
46889,93
46890,114
46891,110
46892,94
46893,114
46894,128
46895,95
46896,110
46897,103
46898,123
46899,69
46900,128
46901,78
46902,138
46903,80
46904,77
46905,87
46906,116
46907,103
46908,113
46909,85
46910,103
46911,99
46912,112
46913,109
46914,62
46915,80
46916,141
46917,135
46918,85
46919,104
46920,118
46921,96
46922,118
46923,147
46924,104
46925,90
46926,154
46927,125
46928,91
46929,68
46930,29
46931,97
46932,88
46933,95
46934,123
46935,149
46936,136
46937,118
46938,97
46939,53
46940,120
46941,122
46942,93
46943,114
46944,96
46945,120
46946,66
46947,113
46948,74
46949,115
46950,107
46951,95
46952,88
46953,92
46954,117
46955,121
46956,125
46957,100
46958,169
46959,101
46960,124
46961,144
46962,111
46963,104
46964,153
46965,103
46966,115
46967,124
46968,102
46969,80
46970,135
46971,113
46972,100
46973,104
46974,109
46975,85
46976,90
46977,187
46978,106
46979,80
46980,90
46981,105
46982,102
46983,90
46984,147
46985,162
46986,126
46987,121
46988,112
46989,96
46990,122
46991,137
46992,127
46993,69
46994,124
46995,106
46996,99
46997,120
46998,121
46999,140
47000,38
47001,134
47002,93
47003,127
47004,69
47005,97
47006,91
47007,111
47008,108
47009,96
47010,121
47011,98
47012,146
47013,115
47014,145
47015,74
47016,117
47017,116
47018,173
47019,123
47020,102
47021,88
47022,88
47023,122
47024,152
47025,97
47026,120
47027,142
47028,128
47029,166
47030,135
47031,82
47032,155
47033,104
47034,83
47035,115
47036,110
47037,138
47038,34
47039,92
47040,117
47041,115
47042,145
47043,99
47044,99
47045,85
47046,149
47047,111
47048,95
47049,83
47050,107
47051,82
47052,62
47053,109
47054,104
47055,107
47056,158
47057,62
47058,74
47059,143
47060,106
47061,33
47062,109
47063,57
47064,69
47065,129
47066,98
47067,104
47068,125
47069,142
47070,143
47071,146
47072,98
47073,107
47074,110
47075,135
47076,153
47077,114
47078,144
47079,54
47080,116
47081,117
47082,107
47083,125
47084,103
47085,105
47086,129
47087,109
47088,69
47089,127
47090,111
47091,131
47092,81
47093,77
47094,159
47095,151
47096,58
47097,81
47098,107
47099,103
47100,142
47101,122
47102,120
47103,65
47104,125
47105,74
47106,135
47107,130
47108,124
47109,97
47110,115
47111,99
47112,52
47113,97
47114,138
47115,131
47116,103
47117,138
47118,119
47119,90
47120,115
47121,67
47122,118
47123,38
47124,107
47125,76
47126,106
47127,69
47128,108
47129,114
47130,102
47131,113
47132,126
47133,114
47134,141
47135,150
47136,131
47137,86
47138,145
47139,88
47140,103
47141,113
47142,152
47143,23
47144,95
47145,52
47146,73
47147,113
47148,82
47149,101
47150,162
47151,73
47152,103
47153,93
47154,72
47155,105
47156,65
47157,140
47158,105
47159,83
47160,124
47161,78
47162,121
47163,132
47164,88
47165,96
47166,136
47167,119
47168,72
47169,116
47170,116
47171,79
47172,91
47173,167
47174,112
47175,155
47176,90
47177,89
47178,85
47179,86
47180,91
47181,154
47182,91
47183,107
47184,66
47185,125
47186,104
47187,130
47188,129
47189,106
47190,110
47191,110
47192,110
47193,103
47194,142
47195,143
47196,86
47197,108
47198,107
47199,121
47200,81
47201,104
47202,101
47203,94
47204,90
47205,100
47206,118
47207,116
47208,116
47209,41
47210,101
47211,160
47212,66
47213,91
47214,124
47215,106
47216,110
47217,134
47218,93
47219,97
47220,84
47221,75
47222,112
47223,59
47224,109
47225,75
47226,120
47227,103
47228,119
47229,86
47230,119
47231,114
47232,131
47233,111
47234,110
47235,151
47236,97
47237,113
47238,107
47239,171
47240,61
47241,105
47242,112
47243,68
47244,113
47245,99
47246,134
47247,74
47248,89
47249,166
47250,81
47251,118
47252,97
47253,107
47254,97
47255,137
47256,121
47257,83
47258,95
47259,106
47260,132
47261,71
47262,81
47263,95
47264,124
47265,97
47266,27
47267,81
47268,128
47269,90
47270,94
47271,80
47272,147
47273,123
47274,117
47275,129
47276,118
47277,113
47278,151
47279,121
47280,99
47281,105
47282,101
47283,100
47284,90
47285,112
47286,84
47287,72
47288,104
47289,103
47290,115
47291,89
47292,119
47293,141
47294,99
47295,124
47296,113
47297,131
47298,129
47299,105
47300,78
47301,92
47302,139
47303,159
47304,120
47305,119
47306,98
47307,102
47308,87
47309,123
47310,58
47311,136
47312,119
47313,85
47314,129
47315,97
47316,129
47317,116
47318,113
47319,71
47320,73
47321,95
47322,114
47323,156
47324,114
47325,79
47326,95
47327,91
47328,111
47329,98
47330,69
47331,125
47332,91
47333,109
47334,109
47335,117
47336,129
47337,131
47338,114
47339,106
47340,147
47341,99
47342,90
47343,94
47344,101
47345,68
47346,140
47347,104
47348,121
47349,136
47350,102
47351,109
47352,117
47353,101
47354,97
47355,135
47356,97
47357,127
47358,92
47359,141
47360,76
47361,136
47362,112
47363,68
47364,126
47365,110
47366,99
47367,83
47368,107
47369,91
47370,158
47371,115
47372,115
47373,100
47374,145
47375,100
47376,131
47377,134
47378,148
47379,88
47380,79
47381,47
47382,119
47383,133
47384,126
47385,93
47386,80
47387,148
47388,139
47389,76
47390,132
47391,93
47392,118
47393,89
47394,114
47395,87
47396,90
47397,101
47398,94
47399,121
47400,109
47401,110
47402,36
47403,103
47404,108
47405,117
47406,134
47407,107
47408,159
47409,109
47410,94
47411,187
47412,90
47413,142
47414,137
47415,141
47416,88
47417,81
47418,129
47419,125
47420,100
47421,111
47422,128
47423,83
47424,132
47425,93
47426,90
47427,76
47428,107
47429,106
47430,95
47431,81
47432,111
47433,103
47434,94
47435,67
47436,108
47437,130
47438,86
47439,94
47440,140
47441,135
47442,74
47443,71
47444,98
47445,52
47446,128
47447,96
47448,90
47449,96
47450,92
47451,142
47452,147
47453,89
47454,61
47455,115
47456,78
47457,104
47458,154
47459,109
47460,130
47461,115
47462,93
47463,128
47464,87
47465,76
47466,127
47467,132
47468,149
47469,143
47470,129
47471,116
47472,101
47473,108
47474,124
47475,103
47476,189
47477,106
47478,186
47479,98
47480,132
47481,93
47482,128
47483,101
47484,130
47485,153
47486,81
47487,109
47488,104
47489,85
47490,177
47491,103
47492,87
47493,131
47494,81
47495,68
47496,82
47497,100
47498,146
47499,135
47500,62
47501,119
47502,64
47503,119
47504,102
47505,103
47506,96
47507,72
47508,145
47509,85
47510,116
47511,100
47512,131
47513,115
47514,157
47515,94
47516,84
47517,55
47518,100
47519,160
47520,124
47521,97
47522,147
47523,97
47524,115
47525,85
47526,65
47527,111
47528,166
47529,155
47530,135
47531,106
47532,117
47533,96
47534,109
47535,97
47536,115
47537,130
47538,93
47539,122
47540,56
47541,118
47542,93
47543,135
47544,88
47545,102
47546,118
47547,121
47548,100
47549,137
47550,102
47551,105
47552,109
47553,54
47554,59
47555,80
47556,112
47557,102
47558,102
47559,94
47560,113
47561,95
47562,102
47563,119
47564,104
47565,33
47566,86
47567,145
47568,69
47569,111
47570,86
47571,131
47572,125
47573,100
47574,87
47575,88
47576,112
47577,117
47578,72
47579,114
47580,109
47581,104
47582,88
47583,112
47584,76
47585,115
47586,87
47587,100
47588,83
47589,130
47590,94
47591,140
47592,149
47593,91
47594,93
47595,151
47596,33
47597,110
47598,67
47599,88
47600,138
47601,85
47602,92
47603,143
47604,78
47605,50
47606,123
47607,136
47608,86
47609,59
47610,100
47611,155
47612,93
47613,107
47614,116
47615,105
47616,72
47617,110
47618,154
47619,100
47620,118
47621,123
47622,52
47623,114
47624,106
47625,103
47626,94
47627,77
47628,62
47629,97
47630,136
47631,105
47632,146
47633,102
47634,69
47635,98
47636,79
47637,116
47638,96
47639,156
47640,109
47641,91
47642,131
47643,36
47644,121
47645,83
47646,125
47647,111
47648,105
47649,81
47650,158
47651,113
47652,80
47653,121
47654,120
47655,96
47656,130
47657,93
47658,85
47659,120
47660,103
47661,62
47662,146
47663,130
47664,101
47665,111
47666,119
47667,97
47668,113
47669,118
47670,83
47671,129
47672,113
47673,125
47674,106
47675,140
47676,118
47677,64
47678,140
47679,76
47680,143
47681,118
47682,146
47683,130
47684,68
47685,87
47686,155
47687,108
47688,84
47689,56
47690,93
47691,108
47692,150
47693,126
47694,128
47695,90
47696,103
47697,99
47698,140
47699,70
47700,76
47701,66
47702,115
47703,75
47704,102
47705,120
47706,95
47707,100
47708,95
47709,107
47710,77
47711,87
47712,101
47713,123
47714,121
47715,94
47716,127
47717,108
47718,116
47719,146
47720,129
47721,107
47722,108
47723,100
47724,79
47725,88
47726,70
47727,86
47728,87
47729,93
47730,185
47731,88
47732,103
47733,107
47734,128
47735,83
47736,82
47737,100
47738,154
47739,116
47740,157
47741,102
47742,143
47743,112
47744,130
47745,138
47746,182
47747,85
47748,107
47749,155
47750,112
47751,139
47752,143
47753,112
47754,127
47755,84
47756,151
47757,78
47758,121
47759,107
47760,111
47761,120
47762,109
47763,128
47764,135
47765,87
47766,96
47767,109
47768,139
47769,110
47770,138
47771,136
47772,93
47773,112
47774,93
47775,103
47776,94
47777,124
47778,111
47779,82
47780,89
47781,105
47782,110
47783,92
47784,95
47785,118
47786,127
47787,111
47788,97
47789,70
47790,133
47791,102
47792,118
47793,83
47794,108
47795,97
47796,78
47797,96
47798,155
47799,99
47800,188
47801,44
47802,113
47803,108
47804,109
47805,98
47806,89
47807,99
47808,117
47809,107
47810,79
47811,167
47812,55
47813,120
47814,142
47815,85
47816,133
47817,70
47818,130
47819,43
47820,90
47821,107
47822,78
47823,124
47824,72
47825,140
47826,103
47827,125
47828,93
47829,49
47830,129
47831,83
47832,83
47833,103
47834,127
47835,125
47836,151
47837,99
47838,150
47839,109
47840,108
47841,104
47842,100
47843,132
47844,128
47845,101
47846,156
47847,136
47848,97
47849,112
47850,98
47851,130
47852,92
47853,122
47854,55
47855,93
47856,102
47857,128
47858,108
47859,96
47860,97
47861,118
47862,109
47863,99
47864,75
47865,105
47866,69
47867,97
47868,131
47869,106
47870,93
47871,136
47872,102
47873,122
47874,101
47875,74
47876,156
47877,31
47878,82
47879,110
47880,113
47881,47
47882,39
47883,95
47884,117
47885,91
47886,111
47887,103
47888,132
47889,101
47890,156
47891,112
47892,110
47893,73
47894,104
47895,98
47896,115
47897,134
47898,132
47899,36
47900,97
47901,105
47902,117
47903,130
47904,151
47905,80
47906,137
47907,125
47908,39
47909,126
47910,109
47911,141
47912,77
47913,105
47914,132
47915,56
47916,91
47917,111
47918,139
47919,42
47920,88
47921,60
47922,73
47923,102
47924,87
47925,139
47926,79
47927,101
47928,113
47929,148
47930,94
47931,148
47932,99
47933,83
47934,104
47935,113
47936,60
47937,98
47938,81
47939,154
47940,136
47941,94
47942,145
47943,99
47944,84
47945,110
47946,107
47947,101
47948,146
47949,119
47950,94
47951,105
47952,108
47953,65
47954,53
47955,112
47956,89
47957,125
47958,141
47959,124
47960,112
47961,80
47962,112
47963,76
47964,116
47965,61
47966,74
47967,147
47968,149
47969,103
47970,45
47971,27
47972,118
47973,127
47974,96
47975,32
47976,121
47977,94
47978,96
47979,86
47980,94
47981,102
47982,94
47983,89
47984,139
47985,73
47986,152
47987,85
47988,138
47989,116
47990,122
47991,98
47992,114
47993,91
47994,153
47995,83
47996,120
47997,114
47998,150
47999,54
48000,27
48001,104
48002,72
48003,128
48004,102
48005,103
48006,50
48007,179
48008,112
48009,100
48010,59
48011,69
48012,122
48013,40
48014,76
48015,80
48016,98
48017,125
48018,133
48019,121
48020,96
48021,94
48022,82
48023,84
48024,105
48025,118
48026,118
48027,110
48028,121
48029,101
48030,107
48031,49
48032,107
48033,84
48034,108
48035,84
48036,53
48037,100
48038,133
48039,97
48040,109
48041,46
48042,77
48043,111
48044,97
48045,120
48046,131
48047,96
48048,84
48049,84
48050,176
48051,106
48052,34
48053,99
48054,102
48055,64
48056,121
48057,123
48058,137
48059,105
48060,135
48061,88
48062,92
48063,96
48064,88
48065,76
48066,108
48067,106
48068,81
48069,139
48070,136
48071,104
48072,90
48073,107
48074,90
48075,105
48076,73
48077,22
48078,119
48079,81
48080,76
48081,147
48082,103
48083,85
48084,58
48085,124
48086,92
48087,85
48088,101
48089,128
48090,128
48091,88
48092,99
48093,28
48094,52
48095,98
48096,105
48097,164
48098,72
48099,123
48100,122
48101,104
48102,156
48103,76
48104,100
48105,85
48106,102
48107,125
48108,79
48109,107
48110,93
48111,168
48112,119
48113,104
48114,98
48115,120
48116,60
48117,60
48118,130
48119,114
48120,100
48121,106
48122,89
48123,137
48124,113
48125,83
48126,106
48127,161
48128,122
48129,116
48130,85
48131,123
48132,31
48133,114
48134,140
48135,132
48136,132
48137,127
48138,29
48139,93
48140,95
48141,137
48142,119
48143,89
48144,119
48145,72
48146,148
48147,173
48148,148
48149,73
48150,113
48151,125
48152,116
48153,162
48154,95
48155,99
48156,100
48157,119
48158,116
48159,65
48160,97
48161,122
48162,87
48163,91
48164,47
48165,131
48166,111
48167,140
48168,74
48169,105
48170,112
48171,88
48172,116
48173,92
48174,138
48175,90
48176,127
48177,127
48178,88
48179,101
48180,96
48181,76
48182,68
48183,137
48184,106
48185,113
48186,102
48187,87
48188,154
48189,129
48190,121
48191,111
48192,127
48193,98
48194,100
48195,149
48196,175
48197,105
48198,106
48199,140
48200,93
48201,107
48202,95
48203,85
48204,91
48205,120
48206,113
48207,108
48208,129
48209,80
48210,116
48211,109
48212,72
48213,157
48214,66
48215,120
48216,93
48217,103
48218,139
48219,157
48220,108
48221,83
48222,113
48223,130
48224,89
48225,99
48226,39
48227,66
48228,53
48229,98
48230,97
48231,93
48232,79
48233,67
48234,131
48235,114
48236,116
48237,105
48238,103
48239,117
48240,76
48241,97
48242,129
48243,87
48244,113
48245,113
48246,107
48247,124
48248,120
48249,55
48250,125
48251,100
48252,108
48253,104
48254,105
48255,114
48256,143
48257,68
48258,122
48259,159
48260,122
48261,110
48262,128
48263,93
48264,60
48265,106
48266,120
48267,110
48268,60
48269,166
48270,120
48271,107
48272,87
48273,108
48274,114
48275,110
48276,126
48277,107
48278,127
48279,118
48280,117
48281,108
48282,169
48283,97
48284,107
48285,167
48286,111
48287,145
48288,119
48289,107
48290,142
48291,178
48292,91
48293,137
48294,70
48295,107
48296,89
48297,181
48298,101
48299,144
48300,115
48301,85
48302,139
48303,83
48304,116
48305,103
48306,87
48307,94
48308,86
48309,105
48310,114
48311,127
48312,103
48313,101
48314,118
48315,85
48316,87
48317,143
48318,114
48319,102
48320,123
48321,73
48322,123
48323,111
48324,99
48325,92
48326,138
48327,149
48328,93
48329,127
48330,122
48331,84
48332,125
48333,120
48334,85
48335,67
48336,131
48337,102
48338,95
48339,64
48340,141
48341,29
48342,112
48343,94
48344,109
48345,115
48346,76
48347,93
48348,109
48349,98
48350,115
48351,109
48352,79
48353,117
48354,105
48355,136
48356,119
48357,126
48358,129
48359,102
48360,57
48361,122
48362,123
48363,102
48364,95
48365,25
48366,99
48367,73
48368,109
48369,106
48370,150
48371,92
48372,144
48373,117
48374,133
48375,103
48376,106
48377,93
48378,126
48379,106
48380,83
48381,77
48382,110
48383,110
48384,94
48385,143
48386,110
48387,128
48388,117
48389,175
48390,87
48391,99
48392,67
48393,65
48394,90
48395,97
48396,91
48397,107
48398,87
48399,98
48400,98
48401,124
48402,111
48403,94
48404,111
48405,112
48406,150
48407,93
48408,74
48409,122
48410,100
48411,151
48412,111
48413,103
48414,126
48415,149
48416,89
48417,122
48418,121
48419,130
48420,104
48421,86
48422,91
48423,68
48424,87
48425,73
48426,110
48427,79
48428,108
48429,130
48430,84
48431,71
48432,132
48433,101
48434,76
48435,145
48436,102
48437,95
48438,137
48439,108
48440,190
48441,139
48442,103
48443,78
48444,93
48445,90
48446,128
48447,110
48448,112
48449,129
48450,174
48451,117
48452,81
48453,154
48454,110
48455,109
48456,133
48457,145
48458,115
48459,71
48460,65
48461,110
48462,136
48463,107
48464,98
48465,112
48466,83
48467,107
48468,101
48469,130
48470,129
48471,118
48472,136
48473,114
48474,126
48475,98
48476,67
48477,95
48478,163
48479,76
48480,123
48481,93
48482,191
48483,97
48484,160
48485,85
48486,101
48487,118
48488,67
48489,105
48490,117
48491,110
48492,78
48493,169
48494,129
48495,147
48496,85
48497,77
48498,96
48499,115
48500,84
48501,60
48502,113
48503,135
48504,138
48505,115
48506,114
48507,108
48508,157
48509,78
48510,129
48511,87
48512,123
48513,137
48514,99
48515,94
48516,100
48517,125
48518,115
48519,152
48520,63
48521,97
48522,108
48523,101
48524,117
48525,132
48526,108
48527,96
48528,126
48529,87
48530,109
48531,82
48532,150
48533,121
48534,131
48535,152
48536,87
48537,92
48538,80
48539,109
48540,111
48541,92
48542,101
48543,113
48544,122
48545,91
48546,123
48547,162
48548,144
48549,94
48550,105
48551,122
48552,74
48553,80
48554,81
48555,129
48556,132
48557,159
48558,155
48559,185
48560,74
48561,106
48562,125
48563,89
48564,122
48565,110
48566,157
48567,76
48568,79
48569,111
48570,76
48571,94
48572,118
48573,140
48574,120
48575,121
48576,110
48577,89
48578,113
48579,124
48580,92
48581,124
48582,98
48583,95
48584,71
48585,98
48586,111
48587,103
48588,125
48589,97
48590,49
48591,109
48592,97
48593,82
48594,95
48595,99
48596,86
48597,105
48598,79
48599,121
48600,125
48601,106
48602,144
48603,106
48604,132
48605,110
48606,91
48607,137
48608,106
48609,95
48610,89
48611,107
48612,120
48613,125
48614,69
48615,87
48616,85
48617,144
48618,91
48619,128
48620,106
48621,77
48622,165
48623,57
48624,97
48625,138
48626,144
48627,94
48628,142
48629,124
48630,81
48631,130
48632,104
48633,117
48634,113
48635,109
48636,115
48637,112
48638,80
48639,110
48640,92
48641,126
48642,122
48643,145
48644,102
48645,95
48646,120
48647,105
48648,112
48649,88
48650,109
48651,109
48652,110
48653,66
48654,98
48655,104
48656,145
48657,90
48658,110
48659,147
48660,87
48661,87
48662,79
48663,151
48664,143
48665,152
48666,115
48667,98
48668,127
48669,88
48670,109
48671,93
48672,80
48673,121
48674,95
48675,85
48676,118
48677,112
48678,78
48679,121
48680,136
48681,27
48682,110
48683,27
48684,115
48685,115
48686,106
48687,192
48688,109
48689,92
48690,112
48691,96
48692,139
48693,71
48694,106
48695,114
48696,95
48697,124
48698,84
48699,91
48700,71
48701,127
48702,107
48703,161
48704,167
48705,32
48706,97
48707,96
48708,121
48709,107
48710,106
48711,131
48712,81
48713,104
48714,100
48715,133
48716,95
48717,104
48718,114
48719,125
48720,109
48721,107
48722,79
48723,62
48724,96
48725,99
48726,173
48727,91
48728,95
48729,123
48730,141
48731,109
48732,111
48733,142
48734,113
48735,93
48736,90
48737,140
48738,86
48739,65
48740,112
48741,89
48742,117
48743,66
48744,62
48745,168
48746,125
48747,103
48748,47
48749,58
48750,128
48751,88
48752,91
48753,124
48754,100
48755,145
48756,98
48757,104
48758,77
48759,97
48760,109
48761,119
48762,133
48763,112
48764,104
48765,87
48766,119
48767,87
48768,54
48769,71
48770,111
48771,110
48772,145
48773,133
48774,77
48775,55
48776,134
48777,87
48778,128
48779,59
48780,75
48781,116
48782,65
48783,85
48784,77
48785,122
48786,105
48787,123
48788,129
48789,79
48790,123
48791,111
48792,74
48793,143
48794,96
48795,126
48796,63
48797,82
48798,70
48799,109
48800,148
48801,119
48802,121
48803,149
48804,106
48805,91
48806,109
48807,136
48808,72
48809,175
48810,159
48811,149
48812,96
48813,66
48814,67
48815,61
48816,106
48817,109
48818,128
48819,82
48820,103
48821,82
48822,179
48823,95
48824,105
48825,163
48826,102
48827,146
48828,89
48829,94
48830,93
48831,88
48832,70
48833,101
48834,98
48835,82
48836,123
48837,45
48838,124
48839,87
48840,140
48841,132
48842,45
48843,47
48844,117
48845,110
48846,129
48847,76
48848,100
48849,124
48850,80
48851,119
48852,127
48853,69
48854,112
48855,109
48856,99
48857,112
48858,94
48859,140
48860,152
48861,96
48862,123
48863,133
48864,159
48865,86
48866,91
48867,87
48868,84
48869,70
48870,136
48871,134
48872,118
48873,92
48874,118
48875,118
48876,114
48877,107
48878,122
48879,110
48880,112
48881,121
48882,114
48883,119
48884,125
48885,76
48886,101
48887,122
48888,75
48889,95
48890,102
48891,113
48892,122
48893,106
48894,87
48895,112
48896,115
48897,78
48898,90
48899,92
48900,94
48901,94
48902,123
48903,77
48904,97
48905,156
48906,104
48907,120
48908,97
48909,119
48910,146
48911,148
48912,128
48913,136
48914,104
48915,94
48916,98
48917,132
48918,105
48919,100
48920,94
48921,94
48922,123
48923,133
48924,104
48925,124
48926,101
48927,124
48928,133
48929,89
48930,132
48931,96
48932,83
48933,119
48934,89
48935,134
48936,142
48937,131
48938,91
48939,94
48940,94
48941,93
48942,122
48943,101
48944,112
48945,141
48946,139
48947,92
48948,106
48949,65
48950,98
48951,136
48952,110
48953,106
48954,134
48955,71
48956,114
48957,34
48958,120
48959,94
48960,96
48961,88
48962,126
48963,126
48964,153
48965,117
48966,148
48967,87
48968,126
48969,109
48970,123
48971,95
48972,126
48973,97
48974,145
48975,153
48976,108
48977,134
48978,102
48979,104
48980,126
48981,96
48982,103
48983,132
48984,94
48985,105
48986,146
48987,134
48988,96
48989,106
48990,127
48991,103
48992,98
48993,91
48994,104
48995,97
48996,105
48997,91
48998,110
48999,35
49000,101
49001,97
49002,138
49003,111
49004,110
49005,119
49006,130
49007,118
49008,95
49009,113
49010,134
49011,114
49012,98
49013,100
49014,126
49015,144
49016,95
49017,78
49018,95
49019,91
49020,99
49021,105
49022,164
49023,87
49024,42
49025,134
49026,157
49027,149
49028,105
49029,101
49030,50
49031,124
49032,110
49033,127
49034,116
49035,102
49036,111
49037,64
49038,102
49039,138
49040,108
49041,67
49042,104
49043,64
49044,108
49045,106
49046,124
49047,102
49048,109
49049,120
49050,125
49051,97
49052,164
49053,105
49054,91
49055,104
49056,119
49057,98
49058,103
49059,111
49060,131
49061,132
49062,101
49063,66
49064,85
49065,95
49066,81
49067,85
49068,87
49069,66
49070,101
49071,116
49072,120
49073,112
49074,81
49075,123
49076,123
49077,120
49078,113
49079,137
49080,95
49081,89
49082,124
49083,92
49084,129
49085,147
49086,131
49087,82
49088,139
49089,105
49090,49
49091,96
49092,121
49093,82
49094,123
49095,77
49096,139
49097,90
49098,98
49099,118
49100,117
49101,96
49102,61
49103,162
49104,104
49105,113
49106,148
49107,98
49108,141
49109,107
49110,69
49111,90
49112,89
49113,135
49114,113
49115,96
49116,98
49117,72
49118,93
49119,140
49120,93
49121,107
49122,98
49123,88
49124,31
49125,147
49126,86
49127,86
49128,109
49129,151
49130,125
49131,72
49132,117
49133,89
49134,109
49135,95
49136,91
49137,115
49138,176
49139,119
49140,78
49141,55
49142,33
49143,88
49144,104
49145,122
49146,94
49147,74
49148,112
49149,88
49150,134
49151,108
49152,179
49153,109
49154,140
49155,134
49156,90
49157,101
49158,110
49159,96
49160,157
49161,144
49162,84
49163,130
49164,94
49165,116
49166,109
49167,80
49168,98
49169,107
49170,128
49171,75
49172,89
49173,132
49174,104
49175,153
49176,113
49177,115
49178,127
49179,124
49180,132
49181,99
49182,101
49183,116
49184,172
49185,118
49186,100
49187,147
49188,132
49189,154
49190,96
49191,108
49192,80
49193,126
49194,128
49195,74
49196,85
49197,62
49198,156
49199,85
49200,108
49201,110
49202,166
49203,158
49204,113
49205,128
49206,120
49207,110
49208,112
49209,147
49210,103
49211,113
49212,72
49213,127
49214,91
49215,116
49216,117
49217,63
49218,79
49219,106
49220,125
49221,97
49222,146
49223,131
49224,80
49225,117
49226,113
49227,106
49228,98
49229,116
49230,123
49231,101
49232,146
49233,137
49234,136
49235,55
49236,134
49237,117
49238,72
49239,151
49240,99
49241,98
49242,149
49243,115
49244,128
49245,66
49246,87
49247,85
49248,129
49249,80
49250,113
49251,163
49252,99
49253,85
49254,148
49255,86
49256,105
49257,100
49258,107
49259,97
49260,118
49261,77
49262,157
49263,155
49264,98
49265,102
49266,76
49267,88
49268,90
49269,116
49270,59
49271,102
49272,136
49273,66
49274,96
49275,97
49276,101
49277,120
49278,93
49279,153
49280,88
49281,98
49282,164
49283,104
49284,89
49285,93
49286,102
49287,86
49288,193
49289,192
49290,99
49291,91
49292,134
49293,68
49294,90
49295,192
49296,109
49297,192
49298,186
49299,150
49300,118
49301,110
49302,135
49303,68
49304,127
49305,103
49306,85
49307,81
49308,104
49309,115
49310,95
49311,135
49312,120
49313,84
49314,107
49315,117
49316,116
49317,107
49318,88
49319,89
49320,116
49321,100
49322,102
49323,150
49324,60
49325,87
49326,69
49327,147
49328,97
49329,147
49330,99
49331,134
49332,113
49333,122
49334,93
49335,78
49336,106
49337,144
49338,106
49339,103
49340,96
49341,124
49342,125
49343,74
49344,128
49345,71
49346,123
49347,96
49348,102
49349,68
49350,135
49351,78
49352,88
49353,121
49354,149
49355,90
49356,160
49357,102
49358,97
49359,121
49360,93
49361,69
49362,101
49363,115
49364,106
49365,118
49366,118
49367,140
49368,136
49369,95
49370,97
49371,79
49372,104
49373,82
49374,71
49375,106
49376,80
49377,95
49378,88
49379,102
49380,60
49381,91
49382,178
49383,111
49384,119
49385,107
49386,151
49387,101
49388,135
49389,81
49390,115
49391,98
49392,123
49393,137
49394,114
49395,79
49396,155
49397,137
49398,77
49399,97
49400,118
49401,126
49402,89
49403,85
49404,115
49405,94
49406,136
49407,75
49408,72
49409,106
49410,116
49411,95
49412,146
49413,34
49414,104
49415,139
49416,65
49417,105
49418,98
49419,86
49420,111
49421,96
49422,91
49423,101
49424,91
49425,84
49426,130
49427,96
49428,96
49429,98
49430,105
49431,117
49432,115
49433,106
49434,91
49435,111
49436,122
49437,93
49438,69
49439,100
49440,87
49441,92
49442,108
49443,92
49444,108
49445,84
49446,84
49447,139
49448,85
49449,103
49450,107
49451,135
49452,119
49453,104
49454,82
49455,62
49456,117
49457,74
49458,122
49459,107
49460,94
49461,91
49462,118
49463,110
49464,107
49465,62
49466,133
49467,85
49468,113
49469,103
49470,88
49471,76
49472,115
49473,75
49474,132
49475,53
49476,106
49477,129
49478,124
49479,90
49480,85
49481,87
49482,98
49483,127
49484,91
49485,159
49486,126
49487,96
49488,111
49489,85
49490,84
49491,176
49492,89
49493,67
49494,63
49495,131
49496,69
49497,134
49498,72
49499,139
49500,101
49501,114
49502,100
49503,164
49504,110
49505,111
49506,76
49507,131
49508,75
49509,119
49510,116
49511,98
49512,126
49513,117
49514,179
49515,85
49516,95
49517,108
49518,102
49519,135
49520,91
49521,94
49522,76
49523,141
49524,99
49525,105
49526,85
49527,113
49528,89
49529,122
49530,94
49531,142
49532,97
49533,102
49534,98
49535,123
49536,117
49537,60
49538,99
49539,97
49540,160
49541,106
49542,87
49543,120
49544,98
49545,108
49546,88
49547,123
49548,86
49549,84
49550,77
49551,109
49552,100
49553,116
49554,162
49555,151
49556,102
49557,100
49558,36
49559,164
49560,68
49561,89
49562,138
49563,89
49564,139
49565,121
49566,92
49567,105
49568,118
49569,115
49570,110
49571,127
49572,133
49573,168
49574,110
49575,110
49576,110
49577,130
49578,151
49579,99
49580,80
49581,125
49582,97
49583,132
49584,146
49585,81
49586,157
49587,134
49588,88
49589,79
49590,105
49591,136
49592,94
49593,89
49594,58
49595,120
49596,140
49597,65
49598,114
49599,96
49600,105
49601,106
49602,100
49603,134
49604,135
49605,81
49606,99
49607,48
49608,88
49609,117
49610,86
49611,140
49612,126
49613,82
49614,90
49615,121
49616,74
49617,101
49618,108
49619,83
49620,102
49621,85
49622,117
49623,117
49624,84
49625,109
49626,100
49627,112
49628,156
49629,73
49630,152
49631,164
49632,128
49633,109
49634,120
49635,133
49636,164
49637,107
49638,82
49639,110
49640,102
49641,102
49642,114
49643,149
49644,162
49645,108
49646,100
49647,106
49648,107
49649,90
49650,105
49651,89
49652,119
49653,110
49654,105
49655,127
49656,106
49657,82
49658,94
49659,117
49660,160
49661,150
49662,159
49663,105
49664,69
49665,85
49666,75
49667,80
49668,121
49669,75
49670,109
49671,107
49672,137
49673,124
49674,100
49675,138
49676,79
49677,86
49678,104
49679,63
49680,85
49681,106
49682,66
49683,131
49684,96
49685,130
49686,118
49687,137
49688,130
49689,108
49690,97
49691,109
49692,89
49693,108
49694,88
49695,101
49696,110
49697,118
49698,92
49699,83
49700,114
49701,105
49702,115
49703,127
49704,87
49705,92
49706,86
49707,140
49708,118
49709,103
49710,31
49711,105
49712,99
49713,87
49714,117
49715,134
49716,107
49717,101
49718,120
49719,93
49720,105
49721,133
49722,112
49723,99
49724,117
49725,84
49726,91
49727,88
49728,133
49729,106
49730,117
49731,92
49732,91
49733,152
49734,91
49735,82
49736,88
49737,114
49738,66
49739,134
49740,108
49741,83
49742,143
49743,110
49744,71
49745,83
49746,131
49747,96
49748,156
49749,144
49750,104
49751,114
49752,169
49753,119
49754,87
49755,120
49756,106
49757,105
49758,140
49759,62
49760,57
49761,127
49762,134
49763,94
49764,109
49765,87
49766,127
49767,40
49768,116
49769,97
49770,137
49771,101
49772,97
49773,98
49774,131
49775,108
49776,97
49777,78
49778,107
49779,116
49780,118
49781,108
49782,73
49783,143
49784,83
49785,65
49786,162
49787,150
49788,125
49789,123
49790,96
49791,106
49792,118
49793,114
49794,31
49795,117
49796,105
49797,106
49798,103
49799,92
49800,90
49801,144
49802,99
49803,57
49804,96
49805,98
49806,94
49807,101
49808,85
49809,141
49810,72
49811,113
49812,106
49813,128
49814,113
49815,114
49816,104
49817,107
49818,82
49819,63
49820,94
49821,89
49822,81
49823,92
49824,97
49825,74
49826,85
49827,85
49828,133
49829,116
49830,178
49831,110
49832,125
49833,105
49834,103
49835,95
49836,119
49837,97
49838,84
49839,95
49840,90
49841,56
49842,102
49843,131
49844,95
49845,111
49846,103
49847,74
49848,114
49849,151
49850,163
49851,108
49852,122
49853,91
49854,86
49855,77
49856,96
49857,79
49858,82
49859,109
49860,125
49861,113
49862,67
49863,71
49864,128
49865,129
49866,94
49867,120
49868,51
49869,123
49870,135
49871,74
49872,55
49873,81
49874,119
49875,82
49876,99
49877,83
49878,88
49879,116
49880,24
49881,98
49882,106
49883,29
49884,118
49885,155
49886,142
49887,112
49888,104
49889,134
49890,93
49891,153
49892,87
49893,132
49894,105
49895,121
49896,99
49897,83
49898,93
49899,66
49900,103
49901,100
49902,123
49903,86
49904,113
49905,100
49906,57
49907,96
49908,79
49909,82
49910,106
49911,68
49912,126
49913,131
49914,109
49915,112
49916,121
49917,122
49918,119
49919,79
49920,100
49921,119
49922,104
49923,92
49924,97
49925,135
49926,92
49927,110
49928,102
49929,111
49930,140
49931,132
49932,46
49933,120
49934,147
49935,154
49936,128
49937,85
49938,141
49939,120
49940,114
49941,97
49942,138
49943,118
49944,111
49945,124
49946,122
49947,129
49948,131
49949,127
49950,153
49951,53
49952,108
49953,111
49954,107
49955,124
49956,119
49957,102
49958,117
49959,92
49960,79
49961,92
49962,135
49963,136
49964,84
49965,101
49966,147
49967,93
49968,120
49969,96
49970,132
49971,132
49972,96
49973,137
49974,102
49975,118
49976,146
49977,150
49978,160
49979,115
49980,140
49981,86
49982,121
49983,121
49984,152
49985,141
49986,69
49987,77
49988,172
49989,141
49990,149
49991,88
49992,99
49993,94
49994,111
49995,142
49996,123
49997,91
49998,172
49999,101
50000,97
50001,116
50002,163
50003,107
50004,95
50005,126
50006,92
50007,95
50008,97
50009,114
50010,98
50011,93
50012,115
50013,68
50014,119
50015,91
50016,166
50017,158
50018,114
50019,102
50020,103
50021,100
50022,132
50023,170
50024,118
50025,127
50026,110
50027,102
50028,84
50029,142
50030,103
50031,112
50032,101
50033,93
50034,139
50035,51
50036,122
50037,137
50038,90
50039,91
50040,138
50041,108
50042,96
50043,118
50044,91
50045,119
50046,77
50047,77
50048,77
50049,89
50050,81
50051,88
50052,104
50053,83
50054,110
50055,93
50056,103
50057,122
50058,89
50059,100
50060,124
50061,92
50062,125
50063,153
50064,145
50065,151
50066,75
50067,85
50068,90
50069,131
50070,85
50071,34
50072,88
50073,87
50074,151
50075,81
50076,83
50077,116
50078,86
50079,106
50080,97
50081,123
50082,109
50083,72
50084,83
50085,115
50086,129
50087,138
50088,47
50089,126
50090,104
50091,89
50092,105
50093,84
50094,137
50095,105
50096,185
50097,112
50098,89
50099,70
50100,138
50101,187
50102,183
50103,156
50104,189
50105,101
50106,102
50107,102
50108,115
50109,125
50110,90
50111,127
50112,91
50113,113
50114,103
50115,92
50116,88
50117,119
50118,95
50119,174
50120,97
50121,127
50122,93
50123,153
50124,131
50125,70
50126,101
50127,116
50128,108
50129,88
50130,163
50131,112
50132,110
50133,189
50134,77
50135,99
50136,94
50137,125
50138,131
50139,95
50140,102
50141,76
50142,158
50143,84
50144,104
50145,45
50146,76
50147,132
50148,108
50149,128
50150,112
50151,128
50152,101
50153,102
50154,126
50155,126
50156,66
50157,97
50158,147
50159,141
50160,122
50161,77
50162,108
50163,105
50164,140
50165,114
50166,110
50167,93
50168,108
50169,131
50170,96
50171,110
50172,84
50173,84
50174,95
50175,118
50176,109
50177,108
50178,128
50179,89
50180,84
50181,108
50182,99
50183,125
50184,96
50185,126
50186,116
50187,103
50188,111
50189,99
50190,121
50191,121
50192,101
50193,41
50194,83
50195,96
50196,118
50197,73
50198,73
50199,113
50200,125
50201,100
50202,119
50203,94
50204,152
50205,133
50206,118
50207,100
50208,125
50209,142
50210,99
50211,121
50212,121
50213,111
50214,117
50215,93
50216,121
50217,67
50218,77
50219,103
50220,93
50221,93
50222,80
50223,94
50224,144
50225,96
50226,143
50227,121
50228,88
50229,123
50230,93
50231,115
50232,127
50233,125
50234,107
50235,96
50236,113
50237,95
50238,105
50239,63
50240,156
50241,103
50242,122
50243,114
50244,151
50245,125
50246,102
50247,158
50248,123
50249,86
50250,96
50251,112
50252,127
50253,113
50254,93
50255,152
50256,64
50257,86
50258,151
50259,135
50260,103
50261,93
50262,149
50263,58
50264,88
50265,96
50266,155
50267,112
50268,68
50269,131
50270,80
50271,77
50272,91
50273,136
50274,141
50275,90
50276,132
50277,155
50278,94
50279,120
50280,93
50281,120
50282,100
50283,59
50284,92
50285,106
50286,113
50287,124
50288,74
50289,172
50290,138
50291,151
50292,129
50293,139
50294,135
50295,112
50296,84
50297,103
50298,94
50299,71
50300,93
50301,108
50302,143
50303,73
50304,99
50305,127
50306,96
50307,97
50308,132
50309,148
50310,114
50311,114
50312,143
50313,166
50314,96
50315,155
50316,88
50317,133
50318,40
50319,109
50320,110
50321,111
50322,70
50323,113
50324,87
50325,130
50326,161
50327,83
50328,83
50329,108
50330,82
50331,104
50332,158
50333,103
50334,112
50335,113
50336,90
50337,97
50338,104
50339,104
50340,153
50341,92
50342,182
50343,94
50344,107
50345,112
50346,100
50347,102
50348,113
50349,88
50350,102
50351,136
50352,91
50353,136
50354,139
50355,64
50356,129
50357,70
50358,110
50359,111
50360,121
50361,29
50362,112
50363,104
50364,149
50365,125
50366,145
50367,95
50368,147
50369,125
50370,96
50371,77
50372,121
50373,120
50374,86
50375,158
50376,104
50377,65
50378,107
50379,124
50380,68
50381,114
50382,128
50383,82
50384,134
50385,144
50386,72
50387,123
50388,145
50389,40
50390,117
50391,57
50392,94
50393,119
50394,66
50395,100
50396,96
50397,97
50398,102
50399,177
50400,94
50401,82
50402,102
50403,101
50404,104
50405,121
50406,121
50407,148
50408,98
50409,108
50410,92
50411,82
50412,76
50413,61
50414,122
50415,138
50416,127
50417,110
50418,96
50419,114
50420,88
50421,63
50422,101
50423,92
50424,95
50425,141
50426,110
50427,131
50428,136
50429,117
50430,133
50431,91
50432,92
50433,95
50434,115
50435,126
50436,142
50437,65
50438,135
50439,145
50440,80
50441,97
50442,145
50443,86
50444,173
50445,99
50446,133
50447,101
50448,118
50449,69
50450,76
50451,113
50452,110
50453,120
50454,77
50455,96
50456,144
50457,145
50458,131
50459,98
50460,101
50461,105
50462,105
50463,124
50464,126
50465,96
50466,94
50467,91
50468,89
50469,120
50470,61
50471,105
50472,149
50473,154
50474,55
50475,119
50476,85
50477,117
50478,102
50479,101
50480,154
50481,112
50482,100
50483,101
50484,119
50485,140
50486,64
50487,107
50488,118
50489,132
50490,107
50491,122
50492,119
50493,122
50494,98
50495,100
50496,128
50497,103
50498,104
50499,127
50500,145
50501,86
50502,111
50503,117
50504,140
50505,130
50506,102
50507,95
50508,91
50509,88
50510,128
50511,142
50512,108
50513,109
50514,77
50515,117
50516,114
50517,111
50518,78
50519,125
50520,89
50521,131
50522,75
50523,97
50524,107
50525,85
50526,91
50527,91
50528,110
50529,153
50530,110
50531,27
50532,89
50533,107
50534,47
50535,79
50536,103
50537,93
50538,43
50539,93
50540,108
50541,114
50542,86
50543,112
50544,97
50545,103
50546,106
50547,115
50548,110
50549,76
50550,118
50551,89
50552,52
50553,102
50554,114
50555,98
50556,51
50557,96
50558,64
50559,97
50560,95
50561,86
50562,154
50563,157
50564,93
50565,108
50566,106
50567,127
50568,126
50569,116
50570,139
50571,106
50572,110
50573,75
50574,86
50575,82
50576,93
50577,48
50578,130
50579,104
50580,105
50581,150
50582,167
50583,108
50584,123
50585,140
50586,118
50587,97
50588,85
50589,125
50590,74
50591,96
50592,142
50593,178
50594,89
50595,100
50596,111
50597,101
50598,107
50599,107
50600,126
50601,101
50602,123
50603,112
50604,124
50605,106
50606,120
50607,116
50608,71
50609,157
50610,177
50611,98
50612,136
50613,128
50614,99
50615,77
50616,105
50617,61
50618,109
50619,64
50620,109
50621,86
50622,114
50623,75
50624,110
50625,90
50626,124
50627,102
50628,112
50629,90
50630,88
50631,124
50632,99
50633,98
50634,92
50635,158
50636,136
50637,72
50638,133
50639,98
50640,68
50641,70
50642,105
50643,112
50644,109
50645,161
50646,76
50647,89
50648,96
50649,122
50650,100
50651,73
50652,158
50653,72
50654,90
50655,107
50656,100
50657,143
50658,96
50659,127
50660,77
50661,114
50662,88
50663,111
50664,109
50665,136
50666,123
50667,124
50668,84
50669,73
50670,104
50671,79
50672,99
50673,46
50674,102
50675,83
50676,147
50677,135
50678,141
50679,34
50680,113
50681,120
50682,96
50683,104
50684,177
50685,35
50686,101
50687,109
50688,111
50689,83
50690,95
50691,117
50692,113
50693,80
50694,93
50695,119
50696,82
50697,125
50698,99
50699,103
50700,107
50701,115
50702,75
50703,92
50704,114
50705,126
50706,35
50707,154
50708,88
50709,116
50710,86
50711,69
50712,81
50713,125
50714,141
50715,171
50716,67
50717,100
50718,106
50719,123
50720,85
50721,152
50722,107
50723,113
50724,118
50725,89
50726,96
50727,102
50728,77
50729,100
50730,129
50731,106
50732,95
50733,113
50734,103
50735,62
50736,82
50737,129
50738,114
50739,110
50740,126
50741,102
50742,105
50743,25
50744,99
50745,124
50746,89
50747,90
50748,117
50749,121
50750,130
50751,113
50752,53
50753,173
50754,102
50755,107
50756,60
50757,87
50758,107
50759,101
50760,93
50761,105
50762,106
50763,120
50764,120
50765,111
50766,126
50767,80
50768,113
50769,101
50770,100
50771,100
50772,110
50773,114
50774,173
50775,64
50776,101
50777,45
50778,140
50779,38
50780,85
50781,134
50782,66
50783,101
50784,115
50785,92
50786,128
50787,73
50788,89
50789,70
50790,108
50791,135
50792,94
50793,113
50794,123
50795,112
50796,116
50797,117
50798,113
50799,119
50800,132
50801,138
50802,111
50803,94
50804,104
50805,63
50806,103
50807,62
50808,98
50809,94
50810,102
50811,114
50812,106
50813,84
50814,25
50815,110
50816,107
50817,88
50818,68
50819,51
50820,81
50821,96
50822,125
50823,108
50824,80
50825,72
50826,98
50827,108
50828,87
50829,145
50830,100
50831,115
50832,126
50833,82
50834,71
50835,120
50836,114
50837,103
50838,161
50839,156
50840,82
50841,113
50842,104
50843,102
50844,95
50845,109
50846,120
50847,88
50848,107
50849,112
50850,44
50851,131
50852,120
50853,134
50854,94
50855,92
50856,71
50857,81
50858,105
50859,112
50860,100
50861,95
50862,127
50863,108
50864,165
50865,96
50866,51
50867,114
50868,90
50869,137
50870,96
50871,132
50872,130
50873,145
50874,117
50875,89
50876,94
50877,96
50878,115
50879,84
50880,115
50881,115
50882,94
50883,63
50884,74
50885,121
50886,122
50887,117
50888,66
50889,103
50890,71
50891,156
50892,95
50893,109
50894,111
50895,116
50896,105
50897,116
50898,166
50899,121
50900,108
50901,138
50902,99
50903,95
50904,113
50905,171
50906,106
50907,96
50908,90
50909,141
50910,39
50911,117
50912,119
50913,145
50914,95
50915,84
50916,122
50917,129
50918,22
50919,137
50920,124
50921,85
50922,86
50923,121
50924,91
50925,88
50926,108
50927,132
50928,112
50929,95
50930,102
50931,94
50932,91
50933,84
50934,106
50935,89
50936,102
50937,76
50938,102
50939,87
50940,171
50941,102
50942,104
50943,131
50944,101
50945,94
50946,124
50947,120
50948,107
50949,129
50950,97
50951,97
50952,167
50953,128
50954,114
50955,101
50956,125
50957,86
50958,112
50959,91
50960,95
50961,78
50962,99
50963,132
50964,146
50965,67
50966,96
50967,113
50968,109
50969,157
50970,68
50971,142
50972,98
50973,115
50974,92
50975,141
50976,172
50977,118
50978,111
50979,114
50980,107
50981,120
50982,62
50983,103
50984,107
50985,111
50986,105
50987,64
50988,112
50989,123
50990,89
50991,105
50992,100
50993,98
50994,117
50995,102
50996,107
50997,132
50998,99
50999,193
51000,93
51001,109
51002,121
51003,98
51004,102
51005,107
51006,117
51007,132
51008,104
51009,98
51010,80
51011,111
51012,101
51013,73
51014,89
51015,67
51016,61
51017,80
51018,77
51019,120
51020,120
51021,127
51022,100
51023,104
51024,115
51025,60
51026,131
51027,92
51028,148
51029,85
51030,90
51031,124
51032,128
51033,109
51034,82
51035,93
51036,100
51037,99
51038,94
51039,110
51040,114
51041,97
51042,87
51043,131
51044,111
51045,93
51046,142
51047,132
51048,132
51049,91
51050,75
51051,128
51052,113
51053,130
51054,85
51055,71
51056,91
51057,122
51058,130
51059,125
51060,108
51061,138
51062,146
51063,113
51064,74
51065,183
51066,130
51067,96
51068,82
51069,95
51070,106
51071,103
51072,105
51073,133
51074,80
51075,113
51076,90
51077,82
51078,148
51079,112
51080,145
51081,79
51082,93
51083,103
51084,80
51085,90
51086,78
51087,63
51088,100
51089,130
51090,125
51091,115
51092,130
51093,111
51094,113
51095,109
51096,123
51097,59
51098,142
51099,117
51100,93
51101,147
51102,83
51103,55
51104,110
51105,148
51106,69
51107,88
51108,107
51109,129
51110,116
51111,125
51112,131
51113,96
51114,149
51115,125
51116,116
51117,108
51118,74
51119,107
51120,93
51121,98
51122,97
51123,167
51124,90
51125,138
51126,100
51127,135
51128,126
51129,89
51130,116
51131,97
51132,116
51133,104
51134,102
51135,112
51136,93
51137,125
51138,89
51139,144
51140,83
51141,133
51142,91
51143,86
51144,155
51145,108
51146,94
51147,115
51148,122
51149,112
51150,103
51151,160
51152,120
51153,98
51154,96
51155,83
51156,103
51157,102
51158,91
51159,73
51160,90
51161,63
51162,112
51163,149
51164,116
51165,129
51166,186
51167,120
51168,127
51169,82
51170,111
51171,104
51172,103
51173,107
51174,25
51175,127
51176,94
51177,77
51178,100
51179,41
51180,96
51181,83
51182,104
51183,63
51184,98
51185,98
51186,46
51187,108
51188,139
51189,97
51190,121
51191,111
51192,160
51193,87
51194,127
51195,147
51196,116
51197,132
51198,86
51199,154
51200,43
51201,105
51202,127
51203,48
51204,128
51205,138
51206,146
51207,149
51208,89
51209,56
51210,102
51211,89
51212,63
51213,72
51214,107
51215,100
51216,87
51217,83
51218,87
51219,112
51220,118
51221,120
51222,110
51223,72
51224,66
51225,59
51226,90
51227,104
51228,80
51229,32
51230,122
51231,124
51232,89
51233,144
51234,115
51235,157
51236,91
51237,108
51238,89
51239,118
51240,55
51241,74
51242,110
51243,141
51244,106
51245,125
51246,111
51247,125
51248,134
51249,99
51250,160
51251,164
51252,137
51253,106
51254,93
51255,115
51256,107
51257,106
51258,108
51259,75
51260,121
51261,116
51262,83
51263,114
51264,123
51265,104
51266,138
51267,81
51268,116
51269,115
51270,88
51271,162
51272,106
51273,110
51274,140
51275,94
51276,119
51277,144
51278,94
51279,98
51280,113
51281,110
51282,112
51283,118
51284,104
51285,119
51286,96
51287,123
51288,66
51289,60
51290,101
51291,104
51292,114
51293,110
51294,94
51295,100
51296,121
51297,83
51298,104
51299,102
51300,90
51301,87
51302,129
51303,122
51304,89
51305,92
51306,111
51307,109
51308,89
51309,124
51310,138
51311,131
51312,87
51313,89
51314,42
51315,125
51316,167
51317,103
51318,104
51319,108
51320,100
51321,123
51322,101
51323,141
51324,121
51325,124
51326,117
51327,36
51328,113
51329,34
51330,125
51331,80
51332,81
51333,123
51334,116
51335,94
51336,111
51337,118
51338,106
51339,97
51340,138
51341,117
51342,115
51343,114
51344,96
51345,100
51346,119
51347,119
51348,70
51349,96
51350,67
51351,97
51352,73
51353,123
51354,138
51355,92
51356,136
51357,125
51358,114
51359,70
51360,149
51361,100
51362,103
51363,125
51364,133
51365,139
51366,58
51367,113
51368,131
51369,84
51370,90
51371,84
51372,114
51373,144
51374,91
51375,82
51376,38
51377,104
51378,48
51379,141
51380,97
51381,78
51382,85
51383,108
51384,136
51385,127
51386,61
51387,107
51388,128
51389,107
51390,98
51391,93
51392,85
51393,94
51394,95
51395,143
51396,113
51397,127
51398,109
51399,110
51400,140
51401,105
51402,135
51403,165
51404,120
51405,115
51406,111
51407,108
51408,35
51409,145
51410,95
51411,31
51412,92
51413,134
51414,126
51415,89
51416,58
51417,85
51418,110
51419,104
51420,108
51421,87
51422,102
51423,103
51424,88
51425,89
51426,117
51427,107
51428,85
51429,97
51430,106
51431,99
51432,110
51433,94
51434,80
51435,129
51436,116
51437,132
51438,117
51439,101
51440,130
51441,96
51442,74
51443,122
51444,125
51445,61
51446,94
51447,159
51448,87
51449,87
51450,91
51451,102
51452,179
51453,82
51454,109
51455,79
51456,74
51457,101
51458,127
51459,67
51460,187
51461,101
51462,144
51463,90
51464,103
51465,145
51466,101
51467,114
51468,92
51469,93
51470,104
51471,100
51472,113
51473,138
51474,129
51475,97
51476,85
51477,110
51478,133
51479,123
51480,184
51481,125
51482,113
51483,165
51484,124
51485,124
51486,123
51487,107
51488,101
51489,114
51490,136
51491,107
51492,103
51493,92
51494,127
51495,100
51496,110
51497,124
51498,99
51499,94
51500,110
51501,106
51502,71
51503,144
51504,90
51505,125
51506,85
51507,71
51508,70
51509,114
51510,68
51511,162
51512,89
51513,121
51514,109
51515,142
51516,100
51517,97
51518,94
51519,103
51520,150
51521,108
51522,107
51523,60
51524,69
51525,108
51526,111
51527,112
51528,115
51529,96
51530,128
51531,142
51532,105
51533,94
51534,116
51535,122
51536,88
51537,96
51538,103
51539,98
51540,125
51541,92
51542,138
51543,119
51544,111
51545,142
51546,87
51547,132
51548,119
51549,92
51550,140
51551,39
51552,66
51553,171
51554,87
51555,84
51556,123
51557,153
51558,125
51559,98
51560,104
51561,129
51562,102
51563,115
51564,115
51565,86
51566,120
51567,113
51568,66
51569,95
51570,125
51571,88
51572,103
51573,107
51574,99
51575,107
51576,143
51577,145
51578,106
51579,111
51580,115
51581,131
51582,81
51583,160
51584,61
51585,117
51586,121
51587,74
51588,111
51589,89
51590,132
51591,64
51592,122
51593,132
51594,90
51595,109
51596,92
51597,167
51598,79
51599,112
51600,91
51601,82
51602,65
51603,153
51604,138
51605,131
51606,158
51607,129
51608,109
51609,92
51610,94
51611,109
51612,170
51613,100
51614,98
51615,96
51616,32
51617,104
51618,170
51619,107
51620,142
51621,109
51622,106
51623,121
51624,135
51625,162
51626,102
51627,88
51628,80
51629,119
51630,107
51631,98
51632,79
51633,91
51634,93
51635,89
51636,86
51637,95
51638,88
51639,113
51640,111
51641,123
51642,131
51643,105
51644,95
51645,96
51646,111
51647,132
51648,86
51649,95
51650,148
51651,120
51652,164
51653,118
51654,113
51655,122
51656,94
51657,122
51658,126
51659,119
51660,126
51661,113
51662,122
51663,156
51664,141
51665,113
51666,128
51667,117
51668,73
51669,69
51670,105
51671,107
51672,59
51673,113
51674,113
51675,149
51676,79
51677,125
51678,105
51679,120
51680,139
51681,129
51682,79
51683,110
51684,124
51685,113
51686,119
51687,125
51688,85
51689,38
51690,113
51691,109
51692,173
51693,113
51694,98
51695,130
51696,72
51697,117
51698,121
51699,135
51700,104
51701,124
51702,109
51703,48
51704,102
51705,100
51706,89
51707,106
51708,126
51709,71
51710,114
51711,118
51712,100
51713,82
51714,164
51715,110
51716,114
51717,80
51718,86
51719,108
51720,140
51721,96
51722,33
51723,106
51724,148
51725,21
51726,110
51727,96
51728,117
51729,68
51730,86
51731,139
51732,91
51733,148
51734,86
51735,113
51736,69
51737,96
51738,120
51739,66
51740,116
51741,135
51742,92
51743,93
51744,87
51745,94
51746,144
51747,76
51748,114
51749,108
51750,111
51751,119
51752,128
51753,93
51754,105
51755,61
51756,116
51757,126
51758,105
51759,86
51760,123
51761,129
51762,182
51763,133
51764,125
51765,83
51766,75
51767,125
51768,144
51769,117
51770,152
51771,131
51772,115
51773,109
51774,90
51775,111
51776,167
51777,114
51778,148
51779,115
51780,103
51781,112
51782,116
51783,89
51784,101
51785,106
51786,105
51787,88
51788,108
51789,80
51790,99
51791,110
51792,102
51793,123
51794,141
51795,96
51796,79
51797,114
51798,112
51799,102
51800,148
51801,105
51802,123
51803,104
51804,107
51805,164
51806,79
51807,143
51808,72
51809,138
51810,86
51811,104
51812,90
51813,86
51814,154
51815,88
51816,96
51817,130
51818,83
51819,128
51820,99
51821,84
51822,93
51823,135
51824,101
51825,112
51826,77
51827,81
51828,121
51829,118
51830,117
51831,121
51832,102
51833,97
51834,170
51835,114
51836,119
51837,57
51838,185
51839,132
51840,87
51841,95
51842,114
51843,99
51844,114
51845,142
51846,106
51847,94
51848,89
51849,57
51850,99
51851,89
51852,104
51853,109
51854,120
51855,79
51856,54
51857,75
51858,119
51859,67
51860,143
51861,118
51862,128
51863,99
51864,103
51865,68
51866,125
51867,133
51868,99
51869,114
51870,106
51871,112
51872,44
51873,85
51874,109
51875,103
51876,119
51877,69
51878,92
51879,94
51880,97
51881,112
51882,85
51883,121
51884,110
51885,133
51886,102
51887,152
51888,110
51889,65
51890,128
51891,85
51892,98
51893,104
51894,111
51895,78
51896,136
51897,111
51898,99
51899,127
51900,67
51901,155
51902,95
51903,115
51904,92
51905,79
51906,123
51907,123
51908,107
51909,100
51910,86
51911,89
51912,127
51913,111
51914,128
51915,104
51916,103
51917,119
51918,146
51919,156
51920,144
51921,95
51922,111
51923,106
51924,113
51925,113
51926,135
51927,109
51928,109
51929,94
51930,149
51931,116
51932,99
51933,88
51934,104
51935,100
51936,168
51937,141
51938,83
51939,109
51940,102
51941,127
51942,62
51943,138
51944,107
51945,93
51946,116
51947,95
51948,102
51949,111
51950,119
51951,139
51952,125
51953,73
51954,95
51955,101
51956,119
51957,101
51958,114
51959,105
51960,100
51961,121
51962,95
51963,95
51964,99
51965,158
51966,65
51967,106
51968,135
51969,103
51970,87
51971,96
51972,112
51973,129
51974,134
51975,104
51976,88
51977,105
51978,124
51979,101
51980,123
51981,112
51982,82
51983,140
51984,105
51985,133
51986,138
51987,50
51988,88
51989,96
51990,91
51991,137
51992,83
51993,70
51994,124
51995,104
51996,103
51997,128
51998,111
51999,56
52000,122
52001,103
52002,138
52003,106
52004,65
52005,113
52006,90
52007,178
52008,126
52009,98
52010,129
52011,87
52012,168
52013,97
52014,78
52015,76
52016,110
52017,120
52018,153
52019,128
52020,84
52021,115
52022,126
52023,106
52024,157
52025,99
52026,90
52027,151
52028,119
52029,133
52030,99
52031,71
52032,127
52033,111
52034,157
52035,93
52036,199
52037,99
52038,88
52039,93
52040,118
52041,144
52042,68
52043,90
52044,100
52045,111
52046,102
52047,94
52048,86
52049,133
52050,78
52051,164
52052,92
52053,140
52054,131
52055,138
52056,125
52057,100
52058,102
52059,122
52060,89
52061,108
52062,88
52063,101
52064,124
52065,111
52066,107
52067,31
52068,95
52069,110
52070,104
52071,101
52072,124
52073,113
52074,148
52075,67
52076,106
52077,109
52078,117
52079,113
52080,118
52081,138
52082,137
52083,25
52084,104
52085,122
52086,130
52087,129
52088,100
52089,118
52090,77
52091,121
52092,65
52093,88
52094,104
52095,124
52096,118
52097,93
52098,110
52099,101
52100,49
52101,92
52102,97
52103,112
52104,120
52105,133
52106,110
52107,106
52108,101
52109,107
52110,109
52111,113
52112,104
52113,114
52114,82
52115,53
52116,105
52117,112
52118,95
52119,84
52120,137
52121,82
52122,151
52123,153
52124,138
52125,121
52126,102
52127,146
52128,88
52129,112
52130,99
52131,109
52132,112
52133,87
52134,100
52135,122
52136,175
52137,142
52138,109
52139,108
52140,104
52141,104
52142,140
52143,149
52144,95
52145,126
52146,96
52147,116
52148,104
52149,129
52150,96
52151,108
52152,88
52153,50
52154,59
52155,86
52156,106
52157,104
52158,88
52159,128
52160,101
52161,114
52162,130
52163,92
52164,94
52165,105
52166,106
52167,85
52168,100
52169,90
52170,110
52171,149
52172,100
52173,91
52174,83
52175,105
52176,117
52177,127
52178,109
52179,112
52180,125
52181,127
52182,96
52183,107
52184,97
52185,86
52186,88
52187,117
52188,109
52189,121
52190,83
52191,108
52192,81
52193,132
52194,98
52195,80
52196,140
52197,89
52198,147
52199,84
52200,98
52201,115
52202,105
52203,77
52204,85
52205,108
52206,116
52207,109
52208,87
52209,82
52210,69
52211,83
52212,63
52213,83
52214,170
52215,106
52216,87
52217,95
52218,111
52219,103
52220,149
52221,119
52222,110
52223,127
52224,94
52225,110
52226,126
52227,92
52228,100
52229,101
52230,100
52231,113
52232,114
52233,119
52234,115
52235,126
52236,98
52237,48
52238,118
52239,89
52240,54
52241,92
52242,120
52243,112
52244,142
52245,81
52246,100
52247,149
52248,79
52249,114
52250,111
52251,100
52252,115
52253,130
52254,130
52255,106
52256,124
52257,112
52258,111
52259,113
52260,104
52261,120
52262,87
52263,97
52264,73
52265,86
52266,103
52267,73
52268,133
52269,88
52270,128
52271,105
52272,123
52273,83
52274,90
52275,108
52276,134
52277,125
52278,131
52279,109
52280,134
52281,83
52282,139
52283,117
52284,76
52285,76
52286,112
52287,95
52288,122
52289,119
52290,127
52291,99
52292,118
52293,70
52294,83
52295,121
52296,88
52297,138
52298,102
52299,120
52300,133
52301,94
52302,77
52303,117
52304,127
52305,84
52306,70
52307,86
52308,103
52309,92
52310,64
52311,114
52312,120
52313,97
52314,68
52315,139
52316,88
52317,119
52318,88
52319,107
52320,99
52321,128
52322,160
52323,127
52324,94
52325,82
52326,94
52327,108
52328,126
52329,75
52330,162
52331,124
52332,124
52333,30
52334,167
52335,146
52336,112
52337,92
52338,41
52339,131
52340,113
52341,106
52342,119
52343,93
52344,169
52345,93
52346,74
52347,109
52348,132
52349,102
52350,102
52351,135
52352,83
52353,116
52354,90
52355,124
52356,126
52357,111
52358,119
52359,62
52360,105
52361,115
52362,129
52363,78
52364,142
52365,49
52366,161
52367,132
52368,120
52369,113
52370,62
52371,142
52372,126
52373,86
52374,79
52375,91
52376,88
52377,116
52378,91
52379,113
52380,131
52381,101
52382,93
52383,152
52384,115
52385,96
52386,132
52387,99
52388,103
52389,66
52390,121
52391,81
52392,87
52393,112
52394,129
52395,92
52396,85
52397,85
52398,100
52399,106
52400,96
52401,102
52402,136
52403,92
52404,98
52405,87
52406,99
52407,144
52408,109
52409,157
52410,98
52411,123
52412,98
52413,86
52414,144
52415,73
52416,116
52417,110
52418,94
52419,119
52420,113
52421,80
52422,105
52423,121
52424,119
52425,174
52426,134
52427,96
52428,120
52429,113
52430,54
52431,130
52432,94
52433,75
52434,108
52435,100
52436,86
52437,94
52438,123
52439,80
52440,126
52441,111
52442,153
52443,85
52444,126
52445,113
52446,140
52447,101
52448,122
52449,115
52450,60
52451,106
52452,111
52453,110
52454,95
52455,110
52456,116
52457,114
52458,102
52459,118
52460,149
52461,80
52462,143
52463,134
52464,84
52465,67
52466,51
52467,106
52468,123
52469,180
52470,86
52471,81
52472,55
52473,128
52474,125
52475,148
52476,81
52477,105
52478,144
52479,157
52480,122
52481,89
52482,117
52483,105
52484,63
52485,129
52486,86
52487,60
52488,101
52489,119
52490,78
52491,110
52492,93
52493,127
52494,102
52495,121
52496,83
52497,120
52498,31
52499,85
52500,134
52501,107
52502,41
52503,148
52504,90
52505,101
52506,65
52507,101
52508,84
52509,87
52510,127
52511,87
52512,118
52513,74
52514,117
52515,82
52516,88
52517,93
52518,145
52519,109
52520,98
52521,115
52522,115
52523,129
52524,88
52525,107
52526,115
52527,103
52528,135
52529,128
52530,104
52531,92
52532,99
52533,99
52534,137
52535,74
52536,115
52537,114
52538,117
52539,86
52540,147
52541,60
52542,148
52543,109
52544,112
52545,94
52546,93
52547,88
52548,102
52549,151
52550,122
52551,121
52552,109
52553,100
52554,97
52555,104
52556,168
52557,106
52558,107
52559,93
52560,97
52561,96
52562,126
52563,92
52564,111
52565,123
52566,140
52567,120
52568,123
52569,134
52570,117
52571,132
52572,109
52573,83
52574,103
52575,85
52576,105
52577,72
52578,120
52579,143
52580,100
52581,139
52582,87
52583,181
52584,101
52585,123
52586,132
52587,69
52588,61
52589,75
52590,127
52591,78
52592,123
52593,90
52594,105
52595,104
52596,130
52597,114
52598,104
52599,98
52600,94
52601,60
52602,102
52603,93
52604,103
52605,101
52606,118
52607,115
52608,98
52609,56
52610,85
52611,131
52612,120
52613,96
52614,101
52615,121
52616,109
52617,109
52618,109
52619,78
52620,74
52621,100
52622,89
52623,89
52624,92
52625,102
52626,113
52627,139
52628,124
52629,45
52630,84
52631,68
52632,77
52633,83
52634,107
52635,37
52636,54
52637,113
52638,89
52639,107
52640,111
52641,98
52642,97
52643,125
52644,131
52645,113
52646,142
52647,90
52648,102
52649,94
52650,106
52651,116
52652,98
52653,52
52654,124
52655,97
52656,70
52657,103
52658,112
52659,74
52660,148
52661,105
52662,86
52663,124
52664,58
52665,109
52666,98
52667,104
52668,166
52669,104
52670,101
52671,115
52672,86
52673,101
52674,118
52675,117
52676,59
52677,84
52678,133
52679,107
52680,112
52681,92
52682,133
52683,131
52684,90
52685,93
52686,109
52687,102
52688,84
52689,115
52690,110
52691,76
52692,99
52693,105
52694,86
52695,71
52696,131
52697,160
52698,139
52699,131
52700,122
52701,116
52702,52
52703,75
52704,103
52705,92
52706,70
52707,140
52708,127
52709,102
52710,116
52711,56
52712,107
52713,121
52714,94
52715,140
52716,90
52717,115
52718,107
52719,96
52720,92
52721,91
52722,137
52723,122
52724,105
52725,143
52726,147
52727,103
52728,122
52729,123
52730,47
52731,166
52732,99
52733,101
52734,130
52735,92
52736,97
52737,113
52738,121
52739,96
52740,176
52741,164
52742,111
52743,106
52744,117
52745,37
52746,90
52747,95
52748,156
52749,94
52750,110
52751,100
52752,60
52753,61
52754,97
52755,81
52756,74
52757,86
52758,82
52759,117
52760,96
52761,106
52762,58
52763,136
52764,72
52765,48
52766,123
52767,117
52768,103
52769,105
52770,131
52771,87
52772,146
52773,89
52774,108
52775,114
52776,70
52777,125
52778,91
52779,98
52780,108
52781,105
52782,106
52783,106
52784,102
52785,114
52786,65
52787,107
52788,110
52789,100
52790,137
52791,118
52792,83
52793,104
52794,82
52795,120
52796,114
52797,124
52798,102
52799,102
52800,126
52801,101
52802,141
52803,126
52804,133
52805,99
52806,58
52807,144
52808,86
52809,123
52810,115
52811,101
52812,78
52813,87
52814,106
52815,126
52816,117
52817,74
52818,110
52819,101
52820,111
52821,81
52822,101
52823,138
52824,75
52825,85
52826,108
52827,108
52828,76
52829,102
52830,123
52831,85
52832,74
52833,116
52834,116
52835,67
52836,81
52837,100
52838,112
52839,111
52840,105
52841,35
52842,70
52843,89
52844,75
52845,62
52846,93
52847,128
52848,80
52849,83
52850,92
52851,100
52852,136
52853,140
52854,120
52855,129
52856,58
52857,83
52858,124
52859,107
52860,126
52861,107
52862,78
52863,97
52864,127
52865,57
52866,114
52867,67
52868,114
52869,118
52870,83
52871,72
52872,148
52873,127
52874,115
52875,166
52876,97
52877,107
52878,144
52879,125
52880,97
52881,126
52882,111
52883,104
52884,141
52885,106
52886,110
52887,91
52888,105
52889,96
52890,97
52891,107
52892,88
52893,123
52894,140
52895,175
52896,74
52897,104
52898,124
52899,123
52900,95
52901,102
52902,98
52903,100
52904,111
52905,161
52906,142
52907,108
52908,122
52909,137
52910,96
52911,99
52912,108
52913,156
52914,119
52915,99
52916,92
52917,117
52918,115
52919,98
52920,108
52921,110
52922,123
52923,137
52924,110
52925,39
52926,67
52927,136
52928,93
52929,180
52930,143
52931,111
52932,113
52933,94
52934,125
52935,74
52936,118
52937,159
52938,156
52939,134
52940,80
52941,89
52942,110
52943,123
52944,94
52945,120
52946,69
52947,124
52948,121
52949,161
52950,109
52951,91
52952,143
52953,105
52954,119
52955,104
52956,172
52957,107
52958,124
52959,73
52960,108
52961,121
52962,88
52963,86
52964,150
52965,173
52966,97
52967,87
52968,83
52969,121
52970,85
52971,130
52972,155
52973,109
52974,75
52975,115
52976,99
52977,120
52978,98
52979,119
52980,98
52981,123
52982,102
52983,109
52984,132
52985,115
52986,120
52987,97
52988,61
52989,85
52990,105
52991,79
52992,122
52993,113
52994,157
52995,84
52996,95
52997,142
52998,100
52999,123
53000,99
53001,81
53002,146
53003,56
53004,119
53005,110
53006,52
53007,88
53008,101
53009,104
53010,104
53011,95
53012,165
53013,101
53014,123
53015,66
53016,128
53017,92
53018,130
53019,113
53020,101
53021,113
53022,147
53023,122
53024,94
53025,117
53026,128
53027,92
53028,146
53029,121
53030,109
53031,106
53032,118
53033,100
53034,89
53035,124
53036,90
53037,104
53038,129
53039,98
53040,130
53041,105
53042,84
53043,67
53044,121
53045,79
53046,105
53047,107
53048,110
53049,100
53050,114
53051,107
53052,77
53053,92
53054,150
53055,59
53056,67
53057,136
53058,126
53059,109
53060,120
53061,116
53062,104
53063,122
53064,121
53065,101
53066,81
53067,93
53068,112
53069,102
53070,115
53071,122
53072,116
53073,120
53074,117
53075,119
53076,117
53077,117
53078,118
53079,117
53080,117
53081,119
53082,97
53083,119
53084,123
53085,107
53086,94
53087,108
53088,122
53089,95
53090,93
53091,34
53092,149
53093,89
53094,78
53095,66
53096,97
53097,115
53098,99
53099,35
53100,142
53101,129
53102,125
53103,98
53104,125
53105,88
53106,100
53107,160
53108,45
53109,120
53110,129
53111,93
53112,91
53113,80
53114,102
53115,107
53116,153
53117,100
53118,133
53119,125
53120,110
53121,124
53122,86
53123,88
53124,83
53125,101
53126,109
53127,101
53128,85
53129,91
53130,162
53131,140
53132,89
53133,98
53134,86
53135,97
53136,68
53137,141
53138,108
53139,77
53140,133
53141,107
53142,121
53143,82
53144,109
53145,177
53146,84
53147,81
53148,78
53149,112
53150,125
53151,97
53152,110
53153,124
53154,67
53155,107
53156,101
53157,141
53158,99
53159,71
53160,114
53161,138
53162,81
53163,137
53164,113
53165,159
53166,95
53167,98
53168,113
53169,93
53170,98
53171,107
53172,113
53173,176
53174,138
53175,108
53176,82
53177,99
53178,89
53179,97
53180,105
53181,130
53182,149
53183,153
53184,118
53185,72
53186,151
53187,103
53188,120
53189,76
53190,132
53191,110
53192,121
53193,96
53194,134
53195,90
53196,83
53197,106
53198,119
53199,152
53200,83
53201,131
53202,116
53203,87
53204,142
53205,143
53206,127
53207,127
53208,124
53209,139
53210,113
53211,112
53212,53
53213,111
53214,78
53215,112
53216,104
53217,116
53218,147
53219,61
53220,134
53221,84
53222,79
53223,89
53224,110
53225,61
53226,79
53227,84
53228,95
53229,91
53230,94
53231,103
53232,130
53233,104
53234,79
53235,125
53236,84
53237,110
53238,114
53239,92
53240,104
53241,121
53242,63
53243,90
53244,149
53245,188
53246,91
53247,93
53248,80
53249,113
53250,85
53251,147
53252,105
53253,115
53254,86
53255,120
53256,118
53257,63
53258,100
53259,86
53260,111
53261,106
53262,102
53263,101
53264,110
53265,83
53266,123
53267,92
53268,152
53269,113
53270,120
53271,88
53272,108
53273,99
53274,98
53275,129
53276,96
53277,84
53278,127
53279,163
53280,118
53281,172
53282,100
53283,104
53284,74
53285,109
53286,119
53287,118
53288,131
53289,106
53290,99
53291,126
53292,192
53293,194
53294,101
53295,126
53296,83
53297,94
53298,115
53299,105
53300,109
53301,74
53302,116
53303,134
53304,83
53305,98
53306,117
53307,95
53308,98
53309,110
53310,97
53311,80
53312,93
53313,104
53314,96
53315,97
53316,92
53317,131
53318,158
53319,108
53320,61
53321,109
53322,71
53323,91
53324,100
53325,116
53326,108
53327,132
53328,105
53329,114
53330,77
53331,101
53332,148
53333,118
53334,105
53335,100
53336,84
53337,145
53338,117
53339,130
53340,111
53341,112
53342,117
53343,72
53344,112
53345,103
53346,84
53347,123
53348,129
53349,32
53350,93
53351,96
53352,151
53353,61
53354,117
53355,103
53356,121
53357,117
53358,117
53359,98
53360,120
53361,74
53362,76
53363,80
53364,146
53365,98
53366,164
53367,115
53368,104
53369,108
53370,74
53371,120
53372,138
53373,147
53374,97
53375,89
53376,94
53377,58
53378,119
53379,104
53380,113
53381,149
53382,117
53383,99
53384,107
53385,92
53386,85
53387,111
53388,117
53389,120
53390,121
53391,106
53392,93
53393,109
53394,111
53395,94
53396,96
53397,97
53398,110
53399,101
53400,123
53401,128
53402,100
53403,142
53404,42
53405,74
53406,98
53407,80
53408,93
53409,133
53410,74
53411,135
53412,107
53413,120
53414,116
53415,92
53416,101
53417,80
53418,104
53419,125
53420,110
53421,110
53422,130
53423,77
53424,133
